// POM2 Apple II Emulator
// Copyright (C) 2026 VERHILLE Arnaud
//
// This program is free software: you can redistribute it and/or modify
// it under the terms of the GNU General Public License as published by
// the Free Software Foundation, either version 3 of the License, or
// (at your option) any later version.
//
// This program is distributed in the hope that it will be useful,
// but WITHOUT ANY WARRANTY; without even the implied warranty of
// MERCHANTABILITY or FITNESS FOR A PARTICULAR PURPOSE. See the
// GNU General Public License for more details.
//
// You should have received a copy of the GNU General Public License
// along with this program. If not, see <https://www.gnu.org/licenses/>.

// ImageWriterRom.h — GENERATED, DO NOT EDIT BY HAND.
//   Regenerate with: tools/import_printer_roms.py <path-to-web-a2e>
//
// Dot-matrix character ROM data for the Apple ImageWriter I and II.
//
// ── Provenance ────────────────────────────────────────────────────────────
//
// Transcoded from https://github.com/mikedaley/web-a2e (MIT, (c) 2025 Mike
// Daley), whose tables were in turn transcribed from the dot patterns Apple
// PUBLISHED in the ImageWriter / ImageWriter II Technical Reference Manuals,
// Appendix C.
//
// These are therefore NOT chip dumps. The MIT grant covers the transcription;
// the typeface design underneath is Apple's, published by Apple in the
// printer's own technical reference. POM2 states this rather than letting it
// pass as clean-room work — the same treatment as the AppleWin SSI263 phoneme
// blob. See docs/lle_vs_hle.md and docs/printer_plan.md § 3.
//
// ── Format ────────────────────────────────────────────────────────────────
//
// One value per dot column, left to right. Bit 0 is the TOP wire; the draft
// banks reach bit 8 (wire 9, the descender/underline row) and the NLQ banks
// reach bit 17 (row 18), which is why the column type is 32-bit rather than
// the byte the paper tables suggest.
//
// `width` is the glyph's ESCAPEMENT in columns, not its inked extent: the
// source keeps the trailing blank spacer column, and that spacer is part of
// the advance. Trimming it would make every proportional glyph touch the
// next one.
//
// Codes run $20-$7E. A glyph the bank does not carry has width 0, and the
// renderer falls back to POM2's bundled CP437 font for it.

#ifndef POM2_IMAGEWRITER_ROM_H
#define POM2_IMAGEWRITER_ROM_H

#include <cstddef>
#include <cstdint>

namespace pom2 {
namespace iwrom {

inline constexpr uint8_t kIwFirstCode = 0x20;
inline constexpr uint8_t kIwLastCode  = 0x7E;
inline constexpr size_t  kIwCodeCount = 95;
inline constexpr size_t  kIwMaxCols   = 20;

/// The seven alternate-language sets the DIP switches / `ESC D` select. `US`
/// is the base bank, so it never appears in an override table.
enum class IwLocale : uint8_t { US = 0, UK, FR, DE, IT, SE, ES, DK, Count };

struct IwGlyph {
    uint32_t cols[kIwMaxCols];
    uint8_t  width;          ///< escapement in columns; 0 = not in this bank
};

struct IwOverride {
    IwLocale locale;
    uint8_t  code;
    IwGlyph  glyph;
};

/// Locale-substituted glyph for `code`, or nullptr when the base bank's
/// glyph stands. Ten code points at most per locale, so a linear scan is
/// cheaper than any index.
inline const IwGlyph* findOverride(const IwOverride* table, size_t count,
                                   IwLocale locale, uint8_t code)
{
    if (locale == IwLocale::US) return nullptr;
    for (size_t i = 0; i < count; ++i)
        if (table[i].locale == locale && table[i].code == code)
            return &table[i].glyph;
    return nullptr;
}


// ──────────────────────────────────────────────────────────────────────
/// ImageWriter II draft, 12 columns x 9 wires.
inline constexpr IwGlyph kIw2Draft[kIwCodeCount] = {
    { { 0x00000, 0x00000, 0x00000, 0x00000, 0x00000, 0x00000, 0x00000, 0x00000, 0x00000, 0x00000, 0x00000, 0x00000, 0x00000, 0x00000, 0x00000, 0x00000, 0x00000, 0x00000, 0x00000, 0x00000 }, 12 },  // $20  
    { { 0x00000, 0x00000, 0x00000, 0x00000, 0x0004f, 0x00000, 0x00000, 0x00000, 0x00000, 0x00000, 0x00000, 0x00000, 0x00000, 0x00000, 0x00000, 0x00000, 0x00000, 0x00000, 0x00000, 0x00000 }, 12 },  // $21 !
    { { 0x00000, 0x00000, 0x00007, 0x00000, 0x00000, 0x00000, 0x00007, 0x00000, 0x00000, 0x00000, 0x00000, 0x00000, 0x00000, 0x00000, 0x00000, 0x00000, 0x00000, 0x00000, 0x00000, 0x00000 }, 12 },  // $22 "
    { { 0x00014, 0x00000, 0x0007f, 0x00000, 0x00014, 0x00000, 0x0007f, 0x00000, 0x00014, 0x00000, 0x00000, 0x00000, 0x00000, 0x00000, 0x00000, 0x00000, 0x00000, 0x00000, 0x00000, 0x00000 }, 12 },  // $23 #
    { { 0x00024, 0x00000, 0x0002a, 0x00000, 0x0007f, 0x00000, 0x0002a, 0x00000, 0x00012, 0x00000, 0x00000, 0x00000, 0x00000, 0x00000, 0x00000, 0x00000, 0x00000, 0x00000, 0x00000, 0x00000 }, 12 },  // $24 $
    { { 0x00005, 0x00040, 0x00025, 0x00010, 0x00008, 0x00054, 0x00002, 0x00051, 0x00000, 0x00000, 0x00000, 0x00000, 0x00000, 0x00000, 0x00000, 0x00000, 0x00000, 0x00000, 0x00000, 0x00000 }, 12 },  // $25 %
    { { 0x00032, 0x00005, 0x00048, 0x00005, 0x00052, 0x00000, 0x00020, 0x00010, 0x00048, 0x00000, 0x00000, 0x00000, 0x00000, 0x00000, 0x00000, 0x00000, 0x00000, 0x00000, 0x00000, 0x00000 }, 12 },  // $26 &
    { { 0x00000, 0x00000, 0x00000, 0x00004, 0x00002, 0x00001, 0x00000, 0x00000, 0x00000, 0x00000, 0x00000, 0x00000, 0x00000, 0x00000, 0x00000, 0x00000, 0x00000, 0x00000, 0x00000, 0x00000 }, 12 },  // $27 '
    { { 0x00000, 0x00000, 0x00000, 0x00000, 0x0001c, 0x00022, 0x00041, 0x00000, 0x00000, 0x00000, 0x00000, 0x00000, 0x00000, 0x00000, 0x00000, 0x00000, 0x00000, 0x00000, 0x00000, 0x00000 }, 12 },  // $28 (
    { { 0x00000, 0x00000, 0x00041, 0x00022, 0x0001c, 0x00000, 0x00000, 0x00000, 0x00000, 0x00000, 0x00000, 0x00000, 0x00000, 0x00000, 0x00000, 0x00000, 0x00000, 0x00000, 0x00000, 0x00000 }, 12 },  // $29 )
    { { 0x00008, 0x00000, 0x0002a, 0x00014, 0x00008, 0x00014, 0x0002a, 0x00000, 0x00008, 0x00000, 0x00000, 0x00000, 0x00000, 0x00000, 0x00000, 0x00000, 0x00000, 0x00000, 0x00000, 0x00000 }, 12 },  // $2A *
    { { 0x00008, 0x00000, 0x00008, 0x00000, 0x0003e, 0x00000, 0x00008, 0x00000, 0x00008, 0x00000, 0x00000, 0x00000, 0x00000, 0x00000, 0x00000, 0x00000, 0x00000, 0x00000, 0x00000, 0x00000 }, 12 },  // $2B +
    { { 0x00000, 0x00000, 0x00000, 0x00000, 0x00060, 0x00100, 0x000e0, 0x00000, 0x00000, 0x00000, 0x00000, 0x00000, 0x00000, 0x00000, 0x00000, 0x00000, 0x00000, 0x00000, 0x00000, 0x00000 }, 12 },  // $2C ,
    { { 0x00008, 0x00000, 0x00008, 0x00000, 0x00008, 0x00000, 0x00008, 0x00000, 0x00008, 0x00000, 0x00000, 0x00000, 0x00000, 0x00000, 0x00000, 0x00000, 0x00000, 0x00000, 0x00000, 0x00000 }, 12 },  // $2D -
    { { 0x00000, 0x00000, 0x00000, 0x00000, 0x00050, 0x00000, 0x00050, 0x00000, 0x00000, 0x00000, 0x00000, 0x00000, 0x00000, 0x00000, 0x00000, 0x00000, 0x00000, 0x00000, 0x00000, 0x00000 }, 12 },  // $2E .
    { { 0x00000, 0x00040, 0x00020, 0x00010, 0x00008, 0x00004, 0x00002, 0x00001, 0x00000, 0x00000, 0x00000, 0x00000, 0x00000, 0x00000, 0x00000, 0x00000, 0x00000, 0x00000, 0x00000, 0x00000 }, 12 },  // $2F /
    { { 0x0001c, 0x00022, 0x00000, 0x00041, 0x00000, 0x00041, 0x00000, 0x00022, 0x0001c, 0x00000, 0x00000, 0x00000, 0x00000, 0x00000, 0x00000, 0x00000, 0x00000, 0x00000, 0x00000, 0x00000 }, 12 },  // $30 0
    { { 0x00000, 0x00000, 0x00042, 0x00000, 0x0007f, 0x00000, 0x00040, 0x00000, 0x00000, 0x00000, 0x00000, 0x00000, 0x00000, 0x00000, 0x00000, 0x00000, 0x00000, 0x00000, 0x00000, 0x00000 }, 12 },  // $31 1
    { { 0x00042, 0x00001, 0x00060, 0x00001, 0x00050, 0x00001, 0x00048, 0x00001, 0x00046, 0x00000, 0x00000, 0x00000, 0x00000, 0x00000, 0x00000, 0x00000, 0x00000, 0x00000, 0x00000, 0x00000 }, 12 },  // $32 2
    { { 0x00022, 0x00041, 0x00000, 0x00041, 0x00000, 0x00049, 0x00000, 0x00049, 0x00036, 0x00000, 0x00000, 0x00000, 0x00000, 0x00000, 0x00000, 0x00000, 0x00000, 0x00000, 0x00000, 0x00000 }, 12 },  // $33 3
    { { 0x00010, 0x00008, 0x00014, 0x00002, 0x00011, 0x00000, 0x0007f, 0x00000, 0x00010, 0x00000, 0x00000, 0x00000, 0x00000, 0x00000, 0x00000, 0x00000, 0x00000, 0x00000, 0x00000, 0x00000 }, 12 },  // $34 4
    { { 0x00027, 0x00000, 0x00045, 0x00000, 0x00045, 0x00000, 0x00045, 0x00000, 0x00039, 0x00000, 0x00000, 0x00000, 0x00000, 0x00000, 0x00000, 0x00000, 0x00000, 0x00000, 0x00000, 0x00000 }, 12 },  // $35 5
    { { 0x00030, 0x00048, 0x00004, 0x0004a, 0x00001, 0x00048, 0x00000, 0x00048, 0x00030, 0x00000, 0x00000, 0x00000, 0x00000, 0x00000, 0x00000, 0x00000, 0x00000, 0x00000, 0x00000, 0x00000 }, 12 },  // $36 6
    { { 0x00001, 0x00000, 0x00001, 0x00000, 0x00061, 0x00010, 0x00009, 0x00004, 0x00003, 0x00000, 0x00000, 0x00000, 0x00000, 0x00000, 0x00000, 0x00000, 0x00000, 0x00000, 0x00000, 0x00000 }, 12 },  // $37 7
    { { 0x00036, 0x00049, 0x00000, 0x00049, 0x00000, 0x00049, 0x00000, 0x00049, 0x00036, 0x00000, 0x00000, 0x00000, 0x00000, 0x00000, 0x00000, 0x00000, 0x00000, 0x00000, 0x00000, 0x00000 }, 12 },  // $38 8
    { { 0x00006, 0x00009, 0x00000, 0x00009, 0x00040, 0x00029, 0x00010, 0x00009, 0x00006, 0x00000, 0x00000, 0x00000, 0x00000, 0x00000, 0x00000, 0x00000, 0x00000, 0x00000, 0x00000, 0x00000 }, 12 },  // $39 9
    { { 0x00000, 0x00000, 0x00000, 0x00000, 0x0006c, 0x00000, 0x0006c, 0x00000, 0x00000, 0x00000, 0x00000, 0x00000, 0x00000, 0x00000, 0x00000, 0x00000, 0x00000, 0x00000, 0x00000, 0x00000 }, 12 },  // $3A :
    { { 0x00000, 0x00000, 0x00000, 0x00000, 0x0016c, 0x00000, 0x000ec, 0x00000, 0x00000, 0x00000, 0x00000, 0x00000, 0x00000, 0x00000, 0x00000, 0x00000, 0x00000, 0x00000, 0x00000, 0x00000 }, 12 },  // $3B ;
    { { 0x00000, 0x00008, 0x00000, 0x00014, 0x00000, 0x00022, 0x00000, 0x00041, 0x00000, 0x00000, 0x00000, 0x00000, 0x00000, 0x00000, 0x00000, 0x00000, 0x00000, 0x00000, 0x00000, 0x00000 }, 12 },  // $3C <
    { { 0x00014, 0x00000, 0x00014, 0x00000, 0x00014, 0x00000, 0x00014, 0x00000, 0x00014, 0x00000, 0x00000, 0x00000, 0x00000, 0x00000, 0x00000, 0x00000, 0x00000, 0x00000, 0x00000, 0x00000 }, 12 },  // $3D =
    { { 0x00000, 0x00000, 0x00041, 0x00000, 0x00022, 0x00000, 0x00014, 0x00000, 0x00008, 0x00000, 0x00000, 0x00000, 0x00000, 0x00000, 0x00000, 0x00000, 0x00000, 0x00000, 0x00000, 0x00000 }, 12 },  // $3E >
    { { 0x00002, 0x00001, 0x00000, 0x00001, 0x00050, 0x00001, 0x00008, 0x00001, 0x00006, 0x00000, 0x00000, 0x00000, 0x00000, 0x00000, 0x00000, 0x00000, 0x00000, 0x00000, 0x00000, 0x00000 }, 12 },  // $3F ?
    { { 0x0001c, 0x00022, 0x00041, 0x00008, 0x00055, 0x00000, 0x00055, 0x00000, 0x0000e, 0x00000, 0x00000, 0x00000, 0x00000, 0x00000, 0x00000, 0x00000, 0x00000, 0x00000, 0x00000, 0x00000 }, 12 },  // $40 @
    { { 0x00078, 0x00004, 0x00012, 0x00001, 0x00010, 0x00001, 0x00012, 0x00004, 0x00078, 0x00000, 0x00000, 0x00000, 0x00000, 0x00000, 0x00000, 0x00000, 0x00000, 0x00000, 0x00000, 0x00000 }, 12 },  // $41 A
    { { 0x00041, 0x0003e, 0x00041, 0x00008, 0x00041, 0x00008, 0x00041, 0x00008, 0x00036, 0x00000, 0x00000, 0x00000, 0x00000, 0x00000, 0x00000, 0x00000, 0x00000, 0x00000, 0x00000, 0x00000 }, 12 },  // $42 B
    { { 0x0003e, 0x00041, 0x00000, 0x00041, 0x00000, 0x00041, 0x00000, 0x00041, 0x00022, 0x00000, 0x00000, 0x00000, 0x00000, 0x00000, 0x00000, 0x00000, 0x00000, 0x00000, 0x00000, 0x00000 }, 12 },  // $43 C
    { { 0x00041, 0x0003e, 0x00041, 0x00000, 0x00041, 0x00000, 0x00041, 0x00000, 0x0003e, 0x00000, 0x00000, 0x00000, 0x00000, 0x00000, 0x00000, 0x00000, 0x00000, 0x00000, 0x00000, 0x00000 }, 12 },  // $44 D
    { { 0x0007f, 0x00000, 0x00049, 0x00000, 0x00049, 0x00000, 0x00049, 0x00000, 0x00041, 0x00000, 0x00000, 0x00000, 0x00000, 0x00000, 0x00000, 0x00000, 0x00000, 0x00000, 0x00000, 0x00000 }, 12 },  // $45 E
    { { 0x0007f, 0x00000, 0x00009, 0x00000, 0x00009, 0x00000, 0x00009, 0x00000, 0x00001, 0x00000, 0x00000, 0x00000, 0x00000, 0x00000, 0x00000, 0x00000, 0x00000, 0x00000, 0x00000, 0x00000 }, 12 },  // $46 F
    { { 0x0003e, 0x00041, 0x00000, 0x00041, 0x00008, 0x00041, 0x00008, 0x00041, 0x0003a, 0x00000, 0x00000, 0x00000, 0x00000, 0x00000, 0x00000, 0x00000, 0x00000, 0x00000, 0x00000, 0x00000 }, 12 },  // $47 G
    { { 0x0007f, 0x00000, 0x00008, 0x00000, 0x00008, 0x00000, 0x00008, 0x00000, 0x0007f, 0x00000, 0x00000, 0x00000, 0x00000, 0x00000, 0x00000, 0x00000, 0x00000, 0x00000, 0x00000, 0x00000 }, 12 },  // $48 H
    { { 0x00000, 0x00000, 0x00041, 0x00000, 0x0007f, 0x00000, 0x00041, 0x00000, 0x00000, 0x00000, 0x00000, 0x00000, 0x00000, 0x00000, 0x00000, 0x00000, 0x00000, 0x00000, 0x00000, 0x00000 }, 12 },  // $49 I
    { { 0x00020, 0x00000, 0x00040, 0x00000, 0x00041, 0x00000, 0x00041, 0x0003e, 0x00001, 0x00000, 0x00000, 0x00000, 0x00000, 0x00000, 0x00000, 0x00000, 0x00000, 0x00000, 0x00000, 0x00000 }, 12 },  // $4A J
    { { 0x0007f, 0x00000, 0x00008, 0x00000, 0x00014, 0x00000, 0x00022, 0x00000, 0x00041, 0x00000, 0x00000, 0x00000, 0x00000, 0x00000, 0x00000, 0x00000, 0x00000, 0x00000, 0x00000, 0x00000 }, 12 },  // $4B K
    { { 0x0007f, 0x00000, 0x00040, 0x00000, 0x00040, 0x00000, 0x00040, 0x00000, 0x00040, 0x00000, 0x00000, 0x00000, 0x00000, 0x00000, 0x00000, 0x00000, 0x00000, 0x00000, 0x00000, 0x00000 }, 12 },  // $4C L
    { { 0x0007f, 0x00000, 0x00002, 0x00004, 0x00008, 0x00004, 0x00002, 0x00000, 0x0007f, 0x00000, 0x00000, 0x00000, 0x00000, 0x00000, 0x00000, 0x00000, 0x00000, 0x00000, 0x00000, 0x00000 }, 12 },  // $4D M
    { { 0x0007f, 0x00000, 0x00002, 0x00004, 0x00008, 0x00010, 0x00020, 0x00000, 0x0007f, 0x00000, 0x00000, 0x00000, 0x00000, 0x00000, 0x00000, 0x00000, 0x00000, 0x00000, 0x00000, 0x00000 }, 12 },  // $4E N
    { { 0x0003e, 0x00041, 0x00000, 0x00041, 0x00000, 0x00041, 0x00000, 0x00041, 0x0003e, 0x00000, 0x00000, 0x00000, 0x00000, 0x00000, 0x00000, 0x00000, 0x00000, 0x00000, 0x00000, 0x00000 }, 12 },  // $4F O
    { { 0x0007f, 0x00000, 0x00009, 0x00000, 0x00009, 0x00000, 0x00009, 0x00000, 0x00006, 0x00000, 0x00000, 0x00000, 0x00000, 0x00000, 0x00000, 0x00000, 0x00000, 0x00000, 0x00000, 0x00000 }, 12 },  // $50 P
    { { 0x0003e, 0x00041, 0x00000, 0x00041, 0x00010, 0x00041, 0x00020, 0x0001e, 0x00040, 0x00000, 0x00000, 0x00000, 0x00000, 0x00000, 0x00000, 0x00000, 0x00000, 0x00000, 0x00000, 0x00000 }, 12 },  // $51 Q
    { { 0x0007f, 0x00000, 0x00009, 0x00000, 0x00009, 0x00000, 0x00019, 0x00020, 0x00046, 0x00000, 0x00000, 0x00000, 0x00000, 0x00000, 0x00000, 0x00000, 0x00000, 0x00000, 0x00000, 0x00000 }, 12 },  // $52 R
    { { 0x00026, 0x00049, 0x00000, 0x00049, 0x00000, 0x00049, 0x00000, 0x00049, 0x00032, 0x00000, 0x00000, 0x00000, 0x00000, 0x00000, 0x00000, 0x00000, 0x00000, 0x00000, 0x00000, 0x00000 }, 12 },  // $53 S
    { { 0x00001, 0x00000, 0x00001, 0x00000, 0x0007f, 0x00000, 0x00001, 0x00000, 0x00001, 0x00000, 0x00000, 0x00000, 0x00000, 0x00000, 0x00000, 0x00000, 0x00000, 0x00000, 0x00000, 0x00000 }, 12 },  // $54 T
    { { 0x0003f, 0x00040, 0x00000, 0x00040, 0x00000, 0x00040, 0x00000, 0x00040, 0x0003f, 0x00000, 0x00000, 0x00000, 0x00000, 0x00000, 0x00000, 0x00000, 0x00000, 0x00000, 0x00000, 0x00000 }, 12 },  // $55 U
    { { 0x00007, 0x00008, 0x00010, 0x00020, 0x00040, 0x00020, 0x00010, 0x00008, 0x00007, 0x00000, 0x00000, 0x00000, 0x00000, 0x00000, 0x00000, 0x00000, 0x00000, 0x00000, 0x00000, 0x00000 }, 12 },  // $56 V
    { { 0x0003f, 0x00040, 0x00020, 0x00010, 0x0000c, 0x00010, 0x00020, 0x00040, 0x0003f, 0x00000, 0x00000, 0x00000, 0x00000, 0x00000, 0x00000, 0x00000, 0x00000, 0x00000, 0x00000, 0x00000 }, 12 },  // $57 W
    { { 0x00000, 0x00041, 0x00022, 0x00014, 0x00008, 0x00014, 0x00022, 0x00041, 0x00000, 0x00000, 0x00000, 0x00000, 0x00000, 0x00000, 0x00000, 0x00000, 0x00000, 0x00000, 0x00000, 0x00000 }, 12 },  // $58 X
    { { 0x00000, 0x00001, 0x00002, 0x00004, 0x00078, 0x00004, 0x00002, 0x00001, 0x00000, 0x00000, 0x00000, 0x00000, 0x00000, 0x00000, 0x00000, 0x00000, 0x00000, 0x00000, 0x00000, 0x00000 }, 12 },  // $59 Y
    { { 0x00000, 0x00041, 0x00020, 0x00051, 0x00008, 0x00045, 0x00002, 0x00041, 0x00000, 0x00000, 0x00000, 0x00000, 0x00000, 0x00000, 0x00000, 0x00000, 0x00000, 0x00000, 0x00000, 0x00000 }, 12 },  // $5A Z
    { { 0x00000, 0x00000, 0x0007f, 0x00000, 0x00041, 0x00000, 0x00041, 0x00000, 0x00000, 0x00000, 0x00000, 0x00000, 0x00000, 0x00000, 0x00000, 0x00000, 0x00000, 0x00000, 0x00000, 0x00000 }, 12 },  // $5B [
    { { 0x00000, 0x00001, 0x00002, 0x00004, 0x00008, 0x00010, 0x00020, 0x00040, 0x00000, 0x00000, 0x00000, 0x00000, 0x00000, 0x00000, 0x00000, 0x00000, 0x00000, 0x00000, 0x00000, 0x00000 }, 12 },  // $5C (backslash)
    { { 0x00000, 0x00000, 0x00041, 0x00000, 0x00041, 0x00000, 0x0007f, 0x00000, 0x00000, 0x00000, 0x00000, 0x00000, 0x00000, 0x00000, 0x00000, 0x00000, 0x00000, 0x00000, 0x00000, 0x00000 }, 12 },  // $5D ]
    { { 0x00000, 0x00000, 0x00002, 0x00000, 0x00001, 0x00000, 0x00002, 0x00000, 0x00000, 0x00000, 0x00000, 0x00000, 0x00000, 0x00000, 0x00000, 0x00000, 0x00000, 0x00000, 0x00000, 0x00000 }, 12 },  // $5E ^
    { { 0x00100, 0x00000, 0x00100, 0x00000, 0x00100, 0x00000, 0x00100, 0x00000, 0x00100, 0x00000, 0x00000, 0x00000, 0x00000, 0x00000, 0x00000, 0x00000, 0x00000, 0x00000, 0x00000, 0x00000 }, 12 },  // $5F _
    { { 0x00000, 0x00000, 0x00000, 0x00001, 0x00002, 0x00004, 0x00000, 0x00000, 0x00000, 0x00000, 0x00000, 0x00000, 0x00000, 0x00000, 0x00000, 0x00000, 0x00000, 0x00000, 0x00000, 0x00000 }, 12 },  // $60 `
    { { 0x00020, 0x00050, 0x00004, 0x00050, 0x00004, 0x00050, 0x00004, 0x00038, 0x00040, 0x00000, 0x00000, 0x00000, 0x00000, 0x00000, 0x00000, 0x00000, 0x00000, 0x00000, 0x00000, 0x00000 }, 12 },  // $61 a
    { { 0x0007f, 0x00000, 0x00044, 0x00000, 0x00044, 0x00000, 0x00044, 0x00038, 0x00000, 0x00000, 0x00000, 0x00000, 0x00000, 0x00000, 0x00000, 0x00000, 0x00000, 0x00000, 0x00000, 0x00000 }, 12 },  // $62 b
    { { 0x00038, 0x00044, 0x00000, 0x00044, 0x00000, 0x00044, 0x00000, 0x00044, 0x00000, 0x00000, 0x00000, 0x00000, 0x00000, 0x00000, 0x00000, 0x00000, 0x00000, 0x00000, 0x00000, 0x00000 }, 12 },  // $63 c
    { { 0x00038, 0x00044, 0x00000, 0x00044, 0x00000, 0x00044, 0x00000, 0x0007f, 0x00000, 0x00000, 0x00000, 0x00000, 0x00000, 0x00000, 0x00000, 0x00000, 0x00000, 0x00000, 0x00000, 0x00000 }, 12 },  // $64 d
    { { 0x00038, 0x00044, 0x00010, 0x00044, 0x00010, 0x00044, 0x00010, 0x00044, 0x00018, 0x00000, 0x00000, 0x00000, 0x00000, 0x00000, 0x00000, 0x00000, 0x00000, 0x00000, 0x00000, 0x00000 }, 12 },  // $65 e
    { { 0x00008, 0x00000, 0x00008, 0x00076, 0x00009, 0x00000, 0x00009, 0x00000, 0x00000, 0x00000, 0x00000, 0x00000, 0x00000, 0x00000, 0x00000, 0x00000, 0x00000, 0x00000, 0x00000, 0x00000 }, 12 },  // $66 f
    { { 0x00018, 0x00024, 0x00080, 0x00024, 0x00080, 0x00024, 0x00080, 0x0007c, 0x00000, 0x00000, 0x00000, 0x00000, 0x00000, 0x00000, 0x00000, 0x00000, 0x00000, 0x00000, 0x00000, 0x00000 }, 12 },  // $67 g
    { { 0x0007f, 0x00000, 0x00004, 0x00000, 0x00004, 0x00000, 0x00004, 0x00078, 0x00000, 0x00000, 0x00000, 0x00000, 0x00000, 0x00000, 0x00000, 0x00000, 0x00000, 0x00000, 0x00000, 0x00000 }, 12 },  // $68 h
    { { 0x00000, 0x00000, 0x00044, 0x00000, 0x0007d, 0x00000, 0x00040, 0x00000, 0x00000, 0x00000, 0x00000, 0x00000, 0x00000, 0x00000, 0x00000, 0x00000, 0x00000, 0x00000, 0x00000, 0x00000 }, 12 },  // $69 i
    { { 0x00020, 0x00040, 0x00000, 0x00040, 0x00004, 0x00040, 0x0003d, 0x00000, 0x00000, 0x00000, 0x00000, 0x00000, 0x00000, 0x00000, 0x00000, 0x00000, 0x00000, 0x00000, 0x00000, 0x00000 }, 12 },  // $6A j
    { { 0x0007f, 0x00000, 0x00010, 0x00000, 0x00028, 0x00000, 0x00044, 0x00000, 0x00000, 0x00000, 0x00000, 0x00000, 0x00000, 0x00000, 0x00000, 0x00000, 0x00000, 0x00000, 0x00000, 0x00000 }, 12 },  // $6B k
    { { 0x00000, 0x00001, 0x00000, 0x0007f, 0x00000, 0x00000, 0x00000, 0x00000, 0x00000, 0x00000, 0x00000, 0x00000, 0x00000, 0x00000, 0x00000, 0x00000, 0x00000, 0x00000, 0x00000, 0x00000 }, 12 },  // $6C l
    { { 0x00078, 0x00004, 0x00000, 0x00004, 0x00078, 0x00004, 0x00000, 0x00004, 0x00078, 0x00000, 0x00000, 0x00000, 0x00000, 0x00000, 0x00000, 0x00000, 0x00000, 0x00000, 0x00000, 0x00000 }, 12 },  // $6D m
    { { 0x0007c, 0x00000, 0x00004, 0x00000, 0x00004, 0x00000, 0x00004, 0x00078, 0x00000, 0x00000, 0x00000, 0x00000, 0x00000, 0x00000, 0x00000, 0x00000, 0x00000, 0x00000, 0x00000, 0x00000 }, 12 },  // $6E n
    { { 0x00038, 0x00044, 0x00000, 0x00044, 0x00000, 0x00044, 0x00000, 0x00044, 0x00038, 0x00000, 0x00000, 0x00000, 0x00000, 0x00000, 0x00000, 0x00000, 0x00000, 0x00000, 0x00000, 0x00000 }, 12 },  // $6F o
    { { 0x001fc, 0x00000, 0x00044, 0x00000, 0x00044, 0x00000, 0x00044, 0x00038, 0x00000, 0x00000, 0x00000, 0x00000, 0x00000, 0x00000, 0x00000, 0x00000, 0x00000, 0x00000, 0x00000, 0x00000 }, 12 },  // $70 p
    { { 0x00038, 0x00044, 0x00000, 0x00044, 0x00000, 0x00044, 0x00000, 0x001fc, 0x00000, 0x00000, 0x00000, 0x00000, 0x00000, 0x00000, 0x00000, 0x00000, 0x00000, 0x00000, 0x00000, 0x00000 }, 12 },  // $71 q
    { { 0x0007c, 0x00000, 0x00008, 0x00004, 0x00000, 0x00004, 0x00000, 0x00004, 0x00008, 0x00000, 0x00000, 0x00000, 0x00000, 0x00000, 0x00000, 0x00000, 0x00000, 0x00000, 0x00000, 0x00000 }, 12 },  // $72 r
    { { 0x00008, 0x00054, 0x00000, 0x00054, 0x00000, 0x00054, 0x00000, 0x00054, 0x00020, 0x00000, 0x00000, 0x00000, 0x00000, 0x00000, 0x00000, 0x00000, 0x00000, 0x00000, 0x00000, 0x00000 }, 12 },  // $73 s
    { { 0x00004, 0x00000, 0x0003f, 0x00040, 0x00004, 0x00040, 0x00004, 0x00040, 0x00000, 0x00000, 0x00000, 0x00000, 0x00000, 0x00000, 0x00000, 0x00000, 0x00000, 0x00000, 0x00000, 0x00000 }, 12 },  // $74 t
    { { 0x0003c, 0x00040, 0x00000, 0x00040, 0x00000, 0x00040, 0x0003c, 0x00040, 0x00000, 0x00000, 0x00000, 0x00000, 0x00000, 0x00000, 0x00000, 0x00000, 0x00000, 0x00000, 0x00000, 0x00000 }, 12 },  // $75 u
    { { 0x00004, 0x00008, 0x00010, 0x00020, 0x00040, 0x00020, 0x00010, 0x00008, 0x00004, 0x00000, 0x00000, 0x00000, 0x00000, 0x00000, 0x00000, 0x00000, 0x00000, 0x00000, 0x00000, 0x00000 }, 12 },  // $76 v
    { { 0x0003c, 0x00040, 0x00020, 0x00010, 0x00008, 0x00010, 0x00020, 0x00040, 0x0003c, 0x00000, 0x00000, 0x00000, 0x00000, 0x00000, 0x00000, 0x00000, 0x00000, 0x00000, 0x00000, 0x00000 }, 12 },  // $77 w
    { { 0x00044, 0x00028, 0x00000, 0x00010, 0x00000, 0x00028, 0x00044, 0x00000, 0x00000, 0x00000, 0x00000, 0x00000, 0x00000, 0x00000, 0x00000, 0x00000, 0x00000, 0x00000, 0x00000, 0x00000 }, 12 },  // $78 x
    { { 0x00004, 0x00008, 0x00110, 0x000a0, 0x00040, 0x00020, 0x00010, 0x00008, 0x00004, 0x00000, 0x00000, 0x00000, 0x00000, 0x00000, 0x00000, 0x00000, 0x00000, 0x00000, 0x00000, 0x00000 }, 12 },  // $79 y
    { { 0x00044, 0x00020, 0x00044, 0x00010, 0x00044, 0x00008, 0x00044, 0x00000, 0x00000, 0x00000, 0x00000, 0x00000, 0x00000, 0x00000, 0x00000, 0x00000, 0x00000, 0x00000, 0x00000, 0x00000 }, 12 },  // $7A z
    { { 0x00000, 0x00000, 0x00008, 0x00036, 0x00041, 0x00000, 0x00041, 0x00000, 0x00000, 0x00000, 0x00000, 0x00000, 0x00000, 0x00000, 0x00000, 0x00000, 0x00000, 0x00000, 0x00000, 0x00000 }, 12 },  // $7B {
    { { 0x00000, 0x00000, 0x00000, 0x00000, 0x0007f, 0x00000, 0x00000, 0x00000, 0x00000, 0x00000, 0x00000, 0x00000, 0x00000, 0x00000, 0x00000, 0x00000, 0x00000, 0x00000, 0x00000, 0x00000 }, 12 },  // $7C |
    { { 0x00000, 0x00000, 0x00041, 0x00000, 0x00041, 0x00036, 0x00008, 0x00000, 0x00000, 0x00000, 0x00000, 0x00000, 0x00000, 0x00000, 0x00000, 0x00000, 0x00000, 0x00000, 0x00000, 0x00000 }, 12 },  // $7D }
    { { 0x00002, 0x00001, 0x00000, 0x00001, 0x00000, 0x00002, 0x00000, 0x00002, 0x00001, 0x00000, 0x00000, 0x00000, 0x00000, 0x00000, 0x00000, 0x00000, 0x00000, 0x00000, 0x00000, 0x00000 }, 12 },  // $7E ~
};
inline constexpr IwOverride kIw2DraftOverrides[] = {
    { IwLocale::UK, 0x23, { { 0x00048, 0x00000, 0x0003e, 0x00001, 0x00048, 0x00001, 0x00048, 0x00002, 0x00040, 0x00000, 0x00000, 0x00000, 0x00000, 0x00000, 0x00000, 0x00000, 0x00000, 0x00000, 0x00000, 0x00000 }, 12 } },
    { IwLocale::UK, 0x40, { { 0x0001c, 0x00022, 0x00041, 0x00008, 0x00055, 0x00000, 0x00055, 0x00000, 0x0000e, 0x00000, 0x00000, 0x00000, 0x00000, 0x00000, 0x00000, 0x00000, 0x00000, 0x00000, 0x00000, 0x00000 }, 12 } },
    { IwLocale::UK, 0x5B, { { 0x00000, 0x00000, 0x0007f, 0x00000, 0x00041, 0x00000, 0x00041, 0x00000, 0x00000, 0x00000, 0x00000, 0x00000, 0x00000, 0x00000, 0x00000, 0x00000, 0x00000, 0x00000, 0x00000, 0x00000 }, 12 } },
    { IwLocale::UK, 0x5C, { { 0x00000, 0x00001, 0x00002, 0x00004, 0x00008, 0x00010, 0x00020, 0x00040, 0x00000, 0x00000, 0x00000, 0x00000, 0x00000, 0x00000, 0x00000, 0x00000, 0x00000, 0x00000, 0x00000, 0x00000 }, 12 } },
    { IwLocale::UK, 0x5D, { { 0x00000, 0x00000, 0x00041, 0x00000, 0x00041, 0x00000, 0x0007f, 0x00000, 0x00000, 0x00000, 0x00000, 0x00000, 0x00000, 0x00000, 0x00000, 0x00000, 0x00000, 0x00000, 0x00000, 0x00000 }, 12 } },
    { IwLocale::UK, 0x60, { { 0x00000, 0x00000, 0x00000, 0x00001, 0x00002, 0x00004, 0x00000, 0x00000, 0x00000, 0x00000, 0x00000, 0x00000, 0x00000, 0x00000, 0x00000, 0x00000, 0x00000, 0x00000, 0x00000, 0x00000 }, 12 } },
    { IwLocale::UK, 0x7B, { { 0x00000, 0x00000, 0x00008, 0x00036, 0x00041, 0x00000, 0x00041, 0x00000, 0x00000, 0x00000, 0x00000, 0x00000, 0x00000, 0x00000, 0x00000, 0x00000, 0x00000, 0x00000, 0x00000, 0x00000 }, 12 } },
    { IwLocale::UK, 0x7C, { { 0x00000, 0x00000, 0x00000, 0x00000, 0x0007f, 0x00000, 0x00000, 0x00000, 0x00000, 0x00000, 0x00000, 0x00000, 0x00000, 0x00000, 0x00000, 0x00000, 0x00000, 0x00000, 0x00000, 0x00000 }, 12 } },
    { IwLocale::UK, 0x7D, { { 0x00000, 0x00000, 0x00041, 0x00000, 0x00041, 0x00036, 0x00008, 0x00000, 0x00000, 0x00000, 0x00000, 0x00000, 0x00000, 0x00000, 0x00000, 0x00000, 0x00000, 0x00000, 0x00000, 0x00000 }, 12 } },
    { IwLocale::UK, 0x7E, { { 0x00002, 0x00001, 0x00000, 0x00001, 0x00000, 0x00002, 0x00000, 0x00002, 0x00001, 0x00000, 0x00000, 0x00000, 0x00000, 0x00000, 0x00000, 0x00000, 0x00000, 0x00000, 0x00000, 0x00000 }, 12 } },
    { IwLocale::FR, 0x23, { { 0x00048, 0x00000, 0x0003e, 0x00041, 0x00008, 0x00041, 0x00008, 0x00042, 0x00000, 0x00000, 0x00000, 0x00000, 0x00000, 0x00000, 0x00000, 0x00000, 0x00000, 0x00000, 0x00000, 0x00000 }, 12 } },
    { IwLocale::FR, 0x40, { { 0x00020, 0x00050, 0x00004, 0x00051, 0x00006, 0x00050, 0x00004, 0x00038, 0x00040, 0x00000, 0x00000, 0x00000, 0x00000, 0x00000, 0x00000, 0x00000, 0x00000, 0x00000, 0x00000, 0x00000 }, 12 } },
    { IwLocale::FR, 0x5B, { { 0x00000, 0x00000, 0x00000, 0x00005, 0x00000, 0x00005, 0x00000, 0x00000, 0x00000, 0x00000, 0x00000, 0x00000, 0x00000, 0x00000, 0x00000, 0x00000, 0x00000, 0x00000, 0x00000, 0x00000 }, 12 } },
    { IwLocale::FR, 0x5C, { { 0x00038, 0x00144, 0x00000, 0x00144, 0x00000, 0x001c4, 0x00000, 0x00044, 0x00000, 0x00000, 0x00000, 0x00000, 0x00000, 0x00000, 0x00000, 0x00000, 0x00000, 0x00000, 0x00000, 0x00000 }, 12 } },
    { IwLocale::FR, 0x5D, { { 0x0000a, 0x00055, 0x00000, 0x00055, 0x00000, 0x00055, 0x00000, 0x00055, 0x00028, 0x00000, 0x00000, 0x00000, 0x00000, 0x00000, 0x00000, 0x00000, 0x00000, 0x00000, 0x00000, 0x00000 }, 12 } },
    { IwLocale::FR, 0x60, { { 0x00000, 0x00000, 0x00000, 0x00001, 0x00002, 0x00004, 0x00000, 0x00000, 0x00000, 0x00000, 0x00000, 0x00000, 0x00000, 0x00000, 0x00000, 0x00000, 0x00000, 0x00000, 0x00000, 0x00000 }, 12 } },
    { IwLocale::FR, 0x7B, { { 0x00038, 0x00044, 0x00010, 0x00044, 0x00012, 0x00045, 0x00010, 0x00044, 0x00018, 0x00000, 0x00000, 0x00000, 0x00000, 0x00000, 0x00000, 0x00000, 0x00000, 0x00000, 0x00000, 0x00000 }, 12 } },
    { IwLocale::FR, 0x7C, { { 0x0003c, 0x00040, 0x00000, 0x00041, 0x00002, 0x00040, 0x00000, 0x0003c, 0x00040, 0x00000, 0x00000, 0x00000, 0x00000, 0x00000, 0x00000, 0x00000, 0x00000, 0x00000, 0x00000, 0x00000 }, 12 } },
    { IwLocale::FR, 0x7D, { { 0x00038, 0x00044, 0x00010, 0x00044, 0x00012, 0x00045, 0x00010, 0x00044, 0x00018, 0x00000, 0x00000, 0x00000, 0x00000, 0x00000, 0x00000, 0x00000, 0x00000, 0x00000, 0x00000, 0x00000 }, 12 } },
    { IwLocale::FR, 0x7E, { { 0x00000, 0x00000, 0x00001, 0x00000, 0x00000, 0x00000, 0x00001, 0x00000, 0x00000, 0x00000, 0x00000, 0x00000, 0x00000, 0x00000, 0x00000, 0x00000, 0x00000, 0x00000, 0x00000, 0x00000 }, 12 } },
    { IwLocale::DE, 0x23, { { 0x00014, 0x00000, 0x0007f, 0x00000, 0x00014, 0x00000, 0x0007f, 0x00000, 0x00014, 0x00000, 0x00000, 0x00000, 0x00000, 0x00000, 0x00000, 0x00000, 0x00000, 0x00000, 0x00000, 0x00000 }, 12 } },
    { IwLocale::DE, 0x40, { { 0x0000a, 0x00055, 0x00000, 0x00055, 0x00000, 0x00055, 0x00000, 0x00055, 0x00028, 0x00000, 0x00000, 0x00000, 0x00000, 0x00000, 0x00000, 0x00000, 0x00000, 0x00000, 0x00000, 0x00000 }, 12 } },
    { IwLocale::DE, 0x5B, { { 0x00060, 0x00011, 0x00028, 0x00004, 0x00022, 0x00004, 0x00028, 0x00011, 0x00060, 0x00000, 0x00000, 0x00000, 0x00000, 0x00000, 0x00000, 0x00000, 0x00000, 0x00000, 0x00000, 0x00000 }, 12 } },
    { IwLocale::DE, 0x5C, { { 0x00018, 0x00025, 0x00042, 0x00000, 0x00042, 0x00000, 0x00042, 0x00025, 0x00018, 0x00000, 0x00000, 0x00000, 0x00000, 0x00000, 0x00000, 0x00000, 0x00000, 0x00000, 0x00000, 0x00000 }, 12 } },
    { IwLocale::DE, 0x5D, { { 0x0003e, 0x00041, 0x00000, 0x00040, 0x00000, 0x00040, 0x00000, 0x00041, 0x0003e, 0x00000, 0x00000, 0x00000, 0x00000, 0x00000, 0x00000, 0x00000, 0x00000, 0x00000, 0x00000, 0x00000 }, 12 } },
    { IwLocale::DE, 0x60, { { 0x00000, 0x00000, 0x00000, 0x00001, 0x00002, 0x00004, 0x00000, 0x00000, 0x00000, 0x00000, 0x00000, 0x00000, 0x00000, 0x00000, 0x00000, 0x00000, 0x00000, 0x00000, 0x00000, 0x00000 }, 12 } },
    { IwLocale::DE, 0x7B, { { 0x00020, 0x00050, 0x00005, 0x00050, 0x00004, 0x00050, 0x00005, 0x00038, 0x00040, 0x00000, 0x00000, 0x00000, 0x00000, 0x00000, 0x00000, 0x00000, 0x00000, 0x00000, 0x00000, 0x00000 }, 12 } },
    { IwLocale::DE, 0x7C, { { 0x00000, 0x00038, 0x00045, 0x00000, 0x00044, 0x00000, 0x00045, 0x00038, 0x00000, 0x00000, 0x00000, 0x00000, 0x00000, 0x00000, 0x00000, 0x00000, 0x00000, 0x00000, 0x00000, 0x00000 }, 12 } },
    { IwLocale::DE, 0x7D, { { 0x0003c, 0x00040, 0x00001, 0x00040, 0x00000, 0x00041, 0x0003c, 0x00040, 0x00000, 0x00000, 0x00000, 0x00000, 0x00000, 0x00000, 0x00000, 0x00000, 0x00000, 0x00000, 0x00000, 0x00000 }, 12 } },
    { IwLocale::DE, 0x7E, { { 0x00040, 0x0003e, 0x00041, 0x00000, 0x00049, 0x00000, 0x00049, 0x00036, 0x00000, 0x00000, 0x00000, 0x00000, 0x00000, 0x00000, 0x00000, 0x00000, 0x00000, 0x00000, 0x00000, 0x00000 }, 12 } },
    { IwLocale::IT, 0x23, { { 0x00048, 0x00000, 0x0003e, 0x00001, 0x00048, 0x00001, 0x00048, 0x00002, 0x00040, 0x00000, 0x00000, 0x00000, 0x00000, 0x00000, 0x00000, 0x00000, 0x00000, 0x00000, 0x00000, 0x00000 }, 12 } },
    { IwLocale::IT, 0x40, { { 0x0000a, 0x00055, 0x00000, 0x00055, 0x00000, 0x00055, 0x00000, 0x00055, 0x00028, 0x00000, 0x00000, 0x00000, 0x00000, 0x00000, 0x00000, 0x00000, 0x00000, 0x00000, 0x00000, 0x00000 }, 12 } },
    { IwLocale::IT, 0x5B, { { 0x00000, 0x00000, 0x00000, 0x00005, 0x00000, 0x00005, 0x00000, 0x00000, 0x00000, 0x00000, 0x00000, 0x00000, 0x00000, 0x00000, 0x00000, 0x00000, 0x00000, 0x00000, 0x00000, 0x00000 }, 12 } },
    { IwLocale::IT, 0x5C, { { 0x00038, 0x00144, 0x00000, 0x00144, 0x00000, 0x001c4, 0x00000, 0x00044, 0x00000, 0x00000, 0x00000, 0x00000, 0x00000, 0x00000, 0x00000, 0x00000, 0x00000, 0x00000, 0x00000, 0x00000 }, 12 } },
    { IwLocale::IT, 0x5D, { { 0x00038, 0x00044, 0x00010, 0x00044, 0x00012, 0x00045, 0x00010, 0x00044, 0x00018, 0x00000, 0x00000, 0x00000, 0x00000, 0x00000, 0x00000, 0x00000, 0x00000, 0x00000, 0x00000, 0x00000 }, 12 } },
    { IwLocale::IT, 0x60, { { 0x0003c, 0x00040, 0x00000, 0x00041, 0x00002, 0x00040, 0x0003c, 0x00040, 0x00000, 0x00000, 0x00000, 0x00000, 0x00000, 0x00000, 0x00000, 0x00000, 0x00000, 0x00000, 0x00000, 0x00000 }, 12 } },
    { IwLocale::IT, 0x7B, { { 0x00020, 0x00050, 0x00004, 0x00051, 0x00006, 0x00050, 0x00004, 0x00038, 0x00040, 0x00000, 0x00000, 0x00000, 0x00000, 0x00000, 0x00000, 0x00000, 0x00000, 0x00000, 0x00000, 0x00000 }, 12 } },
    { IwLocale::IT, 0x7C, { { 0x00038, 0x00044, 0x00000, 0x00045, 0x00002, 0x00044, 0x00000, 0x00044, 0x00038, 0x00000, 0x00000, 0x00000, 0x00000, 0x00000, 0x00000, 0x00000, 0x00000, 0x00000, 0x00000, 0x00000 }, 12 } },
    { IwLocale::IT, 0x7D, { { 0x00038, 0x00044, 0x00010, 0x00044, 0x00012, 0x00045, 0x00010, 0x00044, 0x00018, 0x00000, 0x00000, 0x00000, 0x00000, 0x00000, 0x00000, 0x00000, 0x00000, 0x00000, 0x00000, 0x00000 }, 12 } },
    { IwLocale::IT, 0x7E, { { 0x00000, 0x00000, 0x00000, 0x00048, 0x00001, 0x0007a, 0x00000, 0x00040, 0x00000, 0x00000, 0x00000, 0x00000, 0x00000, 0x00000, 0x00000, 0x00000, 0x00000, 0x00000, 0x00000, 0x00000 }, 12 } },
    { IwLocale::SE, 0x23, { { 0x00014, 0x00000, 0x0007f, 0x00000, 0x00014, 0x00000, 0x0007f, 0x00000, 0x00014, 0x00000, 0x00000, 0x00000, 0x00000, 0x00000, 0x00000, 0x00000, 0x00000, 0x00000, 0x00000, 0x00000 }, 12 } },
    { IwLocale::SE, 0x40, { { 0x0001c, 0x00022, 0x00041, 0x00008, 0x00055, 0x00000, 0x00055, 0x00000, 0x0000e, 0x00000, 0x00000, 0x00000, 0x00000, 0x00000, 0x00000, 0x00000, 0x00000, 0x00000, 0x00000, 0x00000 }, 12 } },
    { IwLocale::SE, 0x5B, { { 0x00060, 0x00011, 0x00028, 0x00004, 0x00022, 0x00004, 0x00028, 0x00011, 0x00060, 0x00000, 0x00000, 0x00000, 0x00000, 0x00000, 0x00000, 0x00000, 0x00000, 0x00000, 0x00000, 0x00000 }, 12 } },
    { IwLocale::SE, 0x5C, { { 0x00018, 0x00025, 0x00042, 0x00000, 0x00042, 0x00000, 0x00042, 0x00025, 0x00018, 0x00000, 0x00000, 0x00000, 0x00000, 0x00000, 0x00000, 0x00000, 0x00000, 0x00000, 0x00000, 0x00000 }, 12 } },
    { IwLocale::SE, 0x5D, { { 0x00070, 0x00000, 0x00028, 0x00003, 0x00024, 0x00003, 0x00028, 0x00000, 0x00070, 0x00000, 0x00000, 0x00000, 0x00000, 0x00000, 0x00000, 0x00000, 0x00000, 0x00000, 0x00000, 0x00000 }, 12 } },
    { IwLocale::SE, 0x60, { { 0x00000, 0x00000, 0x00000, 0x00001, 0x00002, 0x00004, 0x00000, 0x00000, 0x00000, 0x00000, 0x00000, 0x00000, 0x00000, 0x00000, 0x00000, 0x00000, 0x00000, 0x00000, 0x00000, 0x00000 }, 12 } },
    { IwLocale::SE, 0x7B, { { 0x00020, 0x00050, 0x00005, 0x00050, 0x00004, 0x00050, 0x00005, 0x00038, 0x00040, 0x00000, 0x00000, 0x00000, 0x00000, 0x00000, 0x00000, 0x00000, 0x00000, 0x00000, 0x00000, 0x00000 }, 12 } },
    { IwLocale::SE, 0x7C, { { 0x00000, 0x00038, 0x00045, 0x00000, 0x00044, 0x00000, 0x00045, 0x00038, 0x00000, 0x00000, 0x00000, 0x00000, 0x00000, 0x00000, 0x00000, 0x00000, 0x00000, 0x00000, 0x00000, 0x00000 }, 12 } },
    { IwLocale::SE, 0x7D, { { 0x00020, 0x00050, 0x00004, 0x00053, 0x00004, 0x00053, 0x00004, 0x00038, 0x00040, 0x00000, 0x00000, 0x00000, 0x00000, 0x00000, 0x00000, 0x00000, 0x00000, 0x00000, 0x00000, 0x00000 }, 12 } },
    { IwLocale::SE, 0x7E, { { 0x00002, 0x00001, 0x00000, 0x00001, 0x00000, 0x00002, 0x00000, 0x00002, 0x00001, 0x00000, 0x00000, 0x00000, 0x00000, 0x00000, 0x00000, 0x00000, 0x00000, 0x00000, 0x00000, 0x00000 }, 12 } },
    { IwLocale::ES, 0x23, { { 0x00048, 0x00000, 0x0003e, 0x00041, 0x00008, 0x00041, 0x00008, 0x00042, 0x00000, 0x00000, 0x00000, 0x00000, 0x00000, 0x00000, 0x00000, 0x00000, 0x00000, 0x00000, 0x00000, 0x00000 }, 12 } },
    { IwLocale::ES, 0x40, { { 0x0000a, 0x00055, 0x00000, 0x00055, 0x00000, 0x00055, 0x00000, 0x00055, 0x00028, 0x00000, 0x00000, 0x00000, 0x00000, 0x00000, 0x00000, 0x00000, 0x00000, 0x00000, 0x00000, 0x00000 }, 12 } },
    { IwLocale::ES, 0x5B, { { 0x00000, 0x00000, 0x00000, 0x00000, 0x001e4, 0x00000, 0x00000, 0x00000, 0x00000, 0x00000, 0x00000, 0x00000, 0x00000, 0x00000, 0x00000, 0x00000, 0x00000, 0x00000, 0x00000, 0x00000 }, 12 } },
    { IwLocale::ES, 0x5C, { { 0x0007a, 0x00001, 0x00008, 0x00001, 0x00010, 0x00002, 0x00020, 0x00002, 0x00079, 0x00000, 0x00000, 0x00000, 0x00000, 0x00000, 0x00000, 0x00000, 0x00000, 0x00000, 0x00000, 0x00000 }, 12 } },
    { IwLocale::ES, 0x5D, { { 0x000c0, 0x00100, 0x00020, 0x00100, 0x00014, 0x00100, 0x00000, 0x00100, 0x00080, 0x00000, 0x00000, 0x00000, 0x00000, 0x00000, 0x00000, 0x00000, 0x00000, 0x00000, 0x00000, 0x00000 }, 12 } },
    { IwLocale::ES, 0x60, { { 0x00000, 0x00000, 0x00000, 0x00001, 0x00002, 0x00004, 0x00000, 0x00000, 0x00000, 0x00000, 0x00000, 0x00000, 0x00000, 0x00000, 0x00000, 0x00000, 0x00000, 0x00000, 0x00000, 0x00000 }, 12 } },
    { IwLocale::ES, 0x7B, { { 0x00000, 0x00000, 0x00000, 0x00003, 0x00000, 0x00003, 0x00000, 0x00000, 0x00000, 0x00000, 0x00000, 0x00000, 0x00000, 0x00000, 0x00000, 0x00000, 0x00000, 0x00000, 0x00000, 0x00000 }, 12 } },
    { IwLocale::ES, 0x7C, { { 0x00002, 0x00079, 0x00000, 0x00009, 0x00000, 0x0000a, 0x00000, 0x0000a, 0x00071, 0x00000, 0x00000, 0x00000, 0x00000, 0x00000, 0x00000, 0x00000, 0x00000, 0x00000, 0x00000, 0x00000 }, 12 } },
    { IwLocale::ES, 0x7D, { { 0x00038, 0x00144, 0x00000, 0x00144, 0x00000, 0x001c4, 0x00000, 0x00044, 0x00000, 0x00000, 0x00000, 0x00000, 0x00000, 0x00000, 0x00000, 0x00000, 0x00000, 0x00000, 0x00000, 0x00000 }, 12 } },
    { IwLocale::ES, 0x7E, { { 0x00002, 0x00001, 0x00000, 0x00001, 0x00000, 0x00002, 0x00000, 0x00002, 0x00001, 0x00000, 0x00000, 0x00000, 0x00000, 0x00000, 0x00000, 0x00000, 0x00000, 0x00000, 0x00000, 0x00000 }, 12 } },
    { IwLocale::DK, 0x23, { { 0x00014, 0x00000, 0x0007f, 0x00000, 0x00014, 0x00000, 0x0007f, 0x00000, 0x00014, 0x00000, 0x00000, 0x00000, 0x00000, 0x00000, 0x00000, 0x00000, 0x00000, 0x00000, 0x00000, 0x00000 }, 12 } },
    { IwLocale::DK, 0x40, { { 0x0001c, 0x00022, 0x00041, 0x00008, 0x00055, 0x00000, 0x00055, 0x00000, 0x0000e, 0x00000, 0x00000, 0x00000, 0x00000, 0x00000, 0x00000, 0x00000, 0x00000, 0x00000, 0x00000, 0x00000 }, 12 } },
    { IwLocale::DK, 0x5B, { { 0x0007e, 0x00000, 0x00009, 0x00000, 0x0007f, 0x00000, 0x00049, 0x00000, 0x00041, 0x00000, 0x00000, 0x00000, 0x00000, 0x00000, 0x00000, 0x00000, 0x00000, 0x00000, 0x00000, 0x00000 }, 12 } },
    { IwLocale::DK, 0x5C, { { 0x0003e, 0x00000, 0x00061, 0x00010, 0x00049, 0x00004, 0x00043, 0x00000, 0x0003e, 0x00000, 0x00000, 0x00000, 0x00000, 0x00000, 0x00000, 0x00000, 0x00000, 0x00000, 0x00000, 0x00000 }, 12 } },
    { IwLocale::DK, 0x5D, { { 0x00070, 0x00000, 0x00028, 0x00003, 0x00024, 0x00003, 0x00028, 0x00000, 0x00070, 0x00000, 0x00000, 0x00000, 0x00000, 0x00000, 0x00000, 0x00000, 0x00000, 0x00000, 0x00000, 0x00000 }, 12 } },
    { IwLocale::DK, 0x60, { { 0x00000, 0x00000, 0x00000, 0x00001, 0x00002, 0x00004, 0x00000, 0x00000, 0x00000, 0x00000, 0x00000, 0x00000, 0x00000, 0x00000, 0x00000, 0x00000, 0x00000, 0x00000, 0x00000, 0x00000 }, 12 } },
    { IwLocale::DK, 0x7B, { { 0x00020, 0x00004, 0x00050, 0x00004, 0x00078, 0x00004, 0x00050, 0x00004, 0x00058, 0x00000, 0x00000, 0x00000, 0x00000, 0x00000, 0x00000, 0x00000, 0x00000, 0x00000, 0x00000, 0x00000 }, 12 } },
    { IwLocale::DK, 0x7C, { { 0x000b8, 0x00044, 0x00020, 0x00054, 0x00008, 0x00044, 0x0003a, 0x00000, 0x00000, 0x00000, 0x00000, 0x00000, 0x00000, 0x00000, 0x00000, 0x00000, 0x00000, 0x00000, 0x00000, 0x00000 }, 12 } },
    { IwLocale::DK, 0x7D, { { 0x00020, 0x00050, 0x00004, 0x00053, 0x00004, 0x00053, 0x00004, 0x00038, 0x00040, 0x00000, 0x00000, 0x00000, 0x00000, 0x00000, 0x00000, 0x00000, 0x00000, 0x00000, 0x00000, 0x00000 }, 12 } },
    { IwLocale::DK, 0x7E, { { 0x00002, 0x00001, 0x00000, 0x00001, 0x00000, 0x00002, 0x00000, 0x00002, 0x00001, 0x00000, 0x00000, 0x00000, 0x00000, 0x00000, 0x00000, 0x00000, 0x00000, 0x00000, 0x00000, 0x00000 }, 12 } },
};
inline constexpr size_t kIw2DraftOverridesCount =
    sizeof(kIw2DraftOverrides) / sizeof(kIw2DraftOverrides[0]);

// ──────────────────────────────────────────────────────────────────────
/// ImageWriter II NLQ fixed, 16 columns x 18 rows.
inline constexpr IwGlyph kIw2NlqFixed[kIwCodeCount] = {
    { { 0x00000, 0x00000, 0x00000, 0x00000, 0x00000, 0x00000, 0x00000, 0x00000, 0x00000, 0x00000, 0x00000, 0x00000, 0x00000, 0x00000, 0x00000, 0x00000, 0x00000, 0x00000, 0x00000, 0x00000 }, 16 },  // $20  
    { { 0x00000, 0x00000, 0x00000, 0x00000, 0x00000, 0x00000, 0x031ff, 0x031ff, 0x00000, 0x00000, 0x00000, 0x00000, 0x00000, 0x00000, 0x00000, 0x00000, 0x00000, 0x00000, 0x00000, 0x00000 }, 16 },  // $21 !
    { { 0x00000, 0x00000, 0x00000, 0x00000, 0x0003f, 0x00000, 0x00000, 0x00000, 0x0003f, 0x00000, 0x00000, 0x00000, 0x00000, 0x00000, 0x00000, 0x00000, 0x00000, 0x00000, 0x00000, 0x00000 }, 16 },  // $22 "
    { { 0x00000, 0x00000, 0x00210, 0x00210, 0x00210, 0x03fff, 0x00210, 0x00210, 0x00210, 0x00210, 0x03fff, 0x00210, 0x00210, 0x00210, 0x00000, 0x00000, 0x00000, 0x00000, 0x00000, 0x00000 }, 16 },  // $23 #
    { { 0x00000, 0x00210, 0x00428, 0x00c6c, 0x00844, 0x00844, 0x00844, 0x03fff, 0x00844, 0x00844, 0x00844, 0x00ccc, 0x00488, 0x00310, 0x00000, 0x00000, 0x00000, 0x00000, 0x00000, 0x00000 }, 16 },  // $24 $
    { { 0x00000, 0x00000, 0x0020e, 0x00211, 0x00111, 0x00111, 0x00091, 0x0008e, 0x01c40, 0x02240, 0x02220, 0x02220, 0x02210, 0x01c10, 0x00000, 0x00000, 0x00000, 0x00000, 0x00000, 0x00000 }, 16 },  // $25 %
    { { 0x00000, 0x00f00, 0x0108e, 0x02092, 0x02061, 0x02041, 0x02061, 0x02092, 0x0110e, 0x01200, 0x00c00, 0x00800, 0x01400, 0x02200, 0x00000, 0x00000, 0x00000, 0x00000, 0x00000, 0x00000 }, 16 },  // $26 &
    { { 0x00000, 0x00000, 0x00000, 0x00000, 0x00020, 0x00010, 0x00008, 0x00004, 0x00002, 0x00001, 0x00000, 0x00000, 0x00000, 0x00000, 0x00000, 0x00000, 0x00000, 0x00000, 0x00000, 0x00000 }, 16 },  // $27 '
    { { 0x00000, 0x00000, 0x00000, 0x00000, 0x003f0, 0x00618, 0x00c0c, 0x01806, 0x01002, 0x02001, 0x00000, 0x00000, 0x00000, 0x00000, 0x00000, 0x00000, 0x00000, 0x00000, 0x00000, 0x00000 }, 16 },  // $28 (
    { { 0x00000, 0x00000, 0x00000, 0x00000, 0x00000, 0x02001, 0x01002, 0x01806, 0x00c0c, 0x00618, 0x003f0, 0x00000, 0x00000, 0x00000, 0x00000, 0x00000, 0x00000, 0x00000, 0x00000, 0x00000 }, 16 },  // $29 )
    { { 0x00000, 0x00000, 0x00080, 0x00080, 0x01084, 0x00c98, 0x003e0, 0x00140, 0x00140, 0x003e0, 0x00c98, 0x01084, 0x00080, 0x00080, 0x00000, 0x00000, 0x00000, 0x00000, 0x00000, 0x00000 }, 16 },  // $2A *
    { { 0x00000, 0x00000, 0x00080, 0x00080, 0x00080, 0x00080, 0x00080, 0x01ffc, 0x00080, 0x00080, 0x00080, 0x00080, 0x00080, 0x00000, 0x00000, 0x00000, 0x00000, 0x00000, 0x00000, 0x00000 }, 16 },  // $2B +
    { { 0x00000, 0x00000, 0x00000, 0x00000, 0x00000, 0x00000, 0x11000, 0x0b800, 0x07800, 0x03000, 0x00000, 0x00000, 0x00000, 0x00000, 0x00000, 0x00000, 0x00000, 0x00000, 0x00000, 0x00000 }, 16 },  // $2C ,
    { { 0x00000, 0x00000, 0x00080, 0x00080, 0x00080, 0x00080, 0x00080, 0x00080, 0x00080, 0x00080, 0x00080, 0x00080, 0x00080, 0x00000, 0x00000, 0x00000, 0x00000, 0x00000, 0x00000, 0x00000 }, 16 },  // $2D -
    { { 0x00000, 0x00000, 0x00000, 0x00000, 0x00000, 0x00000, 0x01000, 0x03800, 0x03800, 0x01000, 0x00000, 0x00000, 0x00000, 0x00000, 0x00000, 0x00000, 0x00000, 0x00000, 0x00000, 0x00000 }, 16 },  // $2E .
    { { 0x02000, 0x01000, 0x00800, 0x00400, 0x00200, 0x00100, 0x00080, 0x00040, 0x00020, 0x00010, 0x00008, 0x00004, 0x00002, 0x00001, 0x00000, 0x00000, 0x00000, 0x00000, 0x00000, 0x00000 }, 16 },  // $2F /
    { { 0x00000, 0x00000, 0x00ffc, 0x01806, 0x01002, 0x02001, 0x02001, 0x02001, 0x02001, 0x01002, 0x01806, 0x00ffc, 0x00000, 0x00000, 0x00000, 0x00000, 0x00000, 0x00000, 0x00000, 0x00000 }, 16 },  // $30 0
    { { 0x00000, 0x00000, 0x00000, 0x00000, 0x02008, 0x02004, 0x02002, 0x03fff, 0x02000, 0x02000, 0x02000, 0x00000, 0x00000, 0x00000, 0x00000, 0x00000, 0x00000, 0x00000, 0x00000, 0x00000 }, 16 },  // $31 1
    { { 0x00000, 0x00000, 0x0300c, 0x03806, 0x02402, 0x02401, 0x02201, 0x02101, 0x02101, 0x02081, 0x02041, 0x02042, 0x02026, 0x0381c, 0x00000, 0x00000, 0x00000, 0x00000, 0x00000, 0x00000 }, 16 },  // $32 2
    { { 0x00000, 0x00000, 0x00c0c, 0x00804, 0x01002, 0x01002, 0x02041, 0x02041, 0x02041, 0x02041, 0x01042, 0x010a2, 0x008a4, 0x00f1c, 0x00000, 0x00000, 0x00000, 0x00000, 0x00000, 0x00000 }, 16 },  // $33 3
    { { 0x00000, 0x00000, 0x00200, 0x00300, 0x00280, 0x00240, 0x00220, 0x00210, 0x00208, 0x02204, 0x02202, 0x03fff, 0x02200, 0x02200, 0x00000, 0x00000, 0x00000, 0x00000, 0x00000, 0x00000 }, 16 },  // $34 4
    { { 0x00000, 0x00000, 0x00c7f, 0x01841, 0x01041, 0x02021, 0x02021, 0x02021, 0x02021, 0x02021, 0x02021, 0x01041, 0x018c1, 0x00f81, 0x00000, 0x00000, 0x00000, 0x00000, 0x00000, 0x00000 }, 16 },  // $35 5
    { { 0x00000, 0x00000, 0x00ff0, 0x01998, 0x01084, 0x02044, 0x02042, 0x02042, 0x02042, 0x02043, 0x02041, 0x01081, 0x01981, 0x00f01, 0x00000, 0x00000, 0x00000, 0x00000, 0x00000, 0x00000 }, 16 },  // $36 6
    { { 0x00000, 0x00000, 0x00003, 0x00001, 0x00001, 0x00001, 0x00001, 0x03c01, 0x00381, 0x00041, 0x00021, 0x00011, 0x00009, 0x00007, 0x00000, 0x00000, 0x00000, 0x00000, 0x00000, 0x00000 }, 16 },  // $37 7
    { { 0x00000, 0x00000, 0x00f1c, 0x019b6, 0x010a2, 0x02041, 0x02041, 0x02041, 0x02041, 0x02041, 0x02041, 0x010a2, 0x019b6, 0x00f1c, 0x00000, 0x00000, 0x00000, 0x00000, 0x00000, 0x00000 }, 16 },  // $38 8
    { { 0x00000, 0x00000, 0x0003c, 0x00066, 0x00042, 0x00081, 0x02081, 0x01081, 0x00881, 0x00481, 0x00281, 0x001c2, 0x000e6, 0x0007c, 0x00000, 0x00000, 0x00000, 0x00000, 0x00000, 0x00000 }, 16 },  // $39 9
    { { 0x00000, 0x00000, 0x00000, 0x00000, 0x00000, 0x00000, 0x00820, 0x01c70, 0x01c70, 0x00820, 0x00000, 0x00000, 0x00000, 0x00000, 0x00000, 0x00000, 0x00000, 0x00000, 0x00000, 0x00000 }, 16 },  // $3A :
    { { 0x00000, 0x00000, 0x00000, 0x00000, 0x00000, 0x00000, 0x08820, 0x05c70, 0x03c70, 0x01820, 0x00000, 0x00000, 0x00000, 0x00000, 0x00000, 0x00000, 0x00000, 0x00000, 0x00000, 0x00000 }, 16 },  // $3B ;
    { { 0x00000, 0x00000, 0x00000, 0x00080, 0x00140, 0x00140, 0x00220, 0x00410, 0x00410, 0x00808, 0x01004, 0x01004, 0x02002, 0x00000, 0x00000, 0x00000, 0x00000, 0x00000, 0x00000, 0x00000 }, 16 },  // $3C <
    { { 0x00000, 0x00220, 0x00220, 0x00220, 0x00220, 0x00220, 0x00220, 0x00220, 0x00220, 0x00220, 0x00220, 0x00220, 0x00220, 0x00220, 0x00000, 0x00000, 0x00000, 0x00000, 0x00000, 0x00000 }, 16 },  // $3D =
    { { 0x00000, 0x00000, 0x00000, 0x02002, 0x01004, 0x01004, 0x00808, 0x00410, 0x00410, 0x00220, 0x00140, 0x00140, 0x00080, 0x00000, 0x00000, 0x00000, 0x00000, 0x00000, 0x00000, 0x00000 }, 16 },  // $3E >
    { { 0x00000, 0x00000, 0x0000c, 0x00006, 0x00002, 0x00001, 0x01001, 0x03981, 0x01041, 0x00041, 0x00022, 0x00036, 0x0001c, 0x00000, 0x00000, 0x00000, 0x00000, 0x00000, 0x00000, 0x00000 }, 16 },  // $3F ?
    { { 0x00000, 0x00000, 0x0003c, 0x00006, 0x01f02, 0x02101, 0x02081, 0x02081, 0x02081, 0x01f81, 0x02001, 0x02002, 0x01806, 0x00ffc, 0x00000, 0x00000, 0x00000, 0x00000, 0x00000, 0x00000 }, 16 },  // $40 @
    { { 0x00000, 0x02000, 0x03e00, 0x02181, 0x00161, 0x00119, 0x00107, 0x00101, 0x00107, 0x00118, 0x00160, 0x02180, 0x03e00, 0x02000, 0x00000, 0x00000, 0x00000, 0x00000, 0x00000, 0x00000 }, 16 },  // $41 A
    { { 0x00000, 0x00000, 0x02001, 0x02001, 0x03fff, 0x02041, 0x02041, 0x02041, 0x02041, 0x02041, 0x02062, 0x010b6, 0x0199c, 0x00f00, 0x00000, 0x00000, 0x00000, 0x00000, 0x00000, 0x00000 }, 16 },  // $42 B
    { { 0x00000, 0x00000, 0x007f8, 0x00c0c, 0x01806, 0x01002, 0x02001, 0x02001, 0x02001, 0x02001, 0x02001, 0x01002, 0x01806, 0x00c0f, 0x00000, 0x00000, 0x00000, 0x00000, 0x00000, 0x00000 }, 16 },  // $43 C
    { { 0x00000, 0x00000, 0x02001, 0x02001, 0x03fff, 0x02001, 0x02001, 0x02001, 0x02001, 0x02001, 0x02001, 0x01002, 0x01806, 0x00ffc, 0x00000, 0x00000, 0x00000, 0x00000, 0x00000, 0x00000 }, 16 },  // $44 D
    { { 0x00000, 0x00000, 0x02001, 0x02001, 0x03fff, 0x02041, 0x02041, 0x02041, 0x02041, 0x021f1, 0x02001, 0x02001, 0x02001, 0x03c0f, 0x00000, 0x00000, 0x00000, 0x00000, 0x00000, 0x00000 }, 16 },  // $45 E
    { { 0x00000, 0x00000, 0x02001, 0x02001, 0x03fff, 0x02041, 0x02041, 0x02041, 0x02041, 0x001f1, 0x00001, 0x00001, 0x00001, 0x0000f, 0x00000, 0x00000, 0x00000, 0x00000, 0x00000, 0x00000 }, 16 },  // $46 F
    { { 0x00000, 0x00000, 0x007f8, 0x00c0c, 0x01806, 0x01002, 0x02001, 0x02001, 0x02001, 0x02081, 0x02081, 0x01082, 0x01886, 0x00f8f, 0x00000, 0x00000, 0x00000, 0x00000, 0x00000, 0x00000 }, 16 },  // $47 G
    { { 0x00000, 0x00000, 0x02001, 0x03fff, 0x02041, 0x02041, 0x00040, 0x00040, 0x00040, 0x00040, 0x02041, 0x02041, 0x03fff, 0x02001, 0x00000, 0x00000, 0x00000, 0x00000, 0x00000, 0x00000 }, 16 },  // $48 H
    { { 0x00000, 0x00000, 0x00000, 0x00000, 0x02001, 0x02001, 0x02001, 0x03fff, 0x02001, 0x02001, 0x02001, 0x00000, 0x00000, 0x00000, 0x00000, 0x00000, 0x00000, 0x00000, 0x00000, 0x00000 }, 16 },  // $49 I
    { { 0x00000, 0x00000, 0x00e00, 0x01800, 0x01000, 0x02000, 0x02000, 0x02001, 0x02001, 0x01001, 0x01801, 0x00fff, 0x00001, 0x00001, 0x00000, 0x00000, 0x00000, 0x00000, 0x00000, 0x00000 }, 16 },  // $4A J
    { { 0x00000, 0x00000, 0x02001, 0x02001, 0x03fff, 0x02081, 0x020c1, 0x00120, 0x00210, 0x00408, 0x00805, 0x01003, 0x02001, 0x02001, 0x00000, 0x00000, 0x00000, 0x00000, 0x00000, 0x00000 }, 16 },  // $4B K
    { { 0x00000, 0x00000, 0x02001, 0x02001, 0x03fff, 0x02001, 0x02001, 0x02001, 0x02001, 0x02000, 0x02000, 0x02000, 0x02000, 0x03c00, 0x00000, 0x00000, 0x00000, 0x00000, 0x00000, 0x00000 }, 16 },  // $4C L
    { { 0x00000, 0x02001, 0x03fff, 0x02001, 0x02006, 0x00018, 0x00060, 0x00180, 0x00060, 0x00018, 0x02006, 0x02001, 0x03fff, 0x02001, 0x00000, 0x00000, 0x00000, 0x00000, 0x00000, 0x00000 }, 16 },  // $4D M
    { { 0x00000, 0x02001, 0x03fff, 0x02003, 0x0200d, 0x00010, 0x00020, 0x000c0, 0x00100, 0x00200, 0x02c01, 0x03001, 0x03fff, 0x02001, 0x00000, 0x00000, 0x00000, 0x00000, 0x00000, 0x00000 }, 16 },  // $4E N
    { { 0x00000, 0x00000, 0x00ffc, 0x01806, 0x01002, 0x02001, 0x02001, 0x02001, 0x02001, 0x02001, 0x02001, 0x01002, 0x01806, 0x00ffc, 0x00000, 0x00000, 0x00000, 0x00000, 0x00000, 0x00000 }, 16 },  // $4F O
    { { 0x00000, 0x02001, 0x02001, 0x03fff, 0x02081, 0x02081, 0x02081, 0x02081, 0x00081, 0x00081, 0x00081, 0x00042, 0x00066, 0x0003c, 0x00000, 0x00000, 0x00000, 0x00000, 0x00000, 0x00000 }, 16 },  // $50 P
    { { 0x00000, 0x00000, 0x00ffc, 0x01806, 0x01002, 0x02001, 0x02001, 0x02001, 0x02001, 0x02201, 0x02401, 0x01802, 0x01806, 0x027fc, 0x00000, 0x00000, 0x00000, 0x00000, 0x00000, 0x00000 }, 16 },  // $51 Q
    { { 0x00000, 0x02001, 0x02001, 0x03fff, 0x02081, 0x02081, 0x00081, 0x00181, 0x00281, 0x00481, 0x00881, 0x01042, 0x02066, 0x0203c, 0x00000, 0x00000, 0x00000, 0x00000, 0x00000, 0x00000 }, 16 },  // $52 R
    { { 0x00000, 0x00000, 0x03c1c, 0x01826, 0x01022, 0x02041, 0x02041, 0x02041, 0x02041, 0x02041, 0x02041, 0x01082, 0x01986, 0x00f0f, 0x00000, 0x00000, 0x00000, 0x00000, 0x00000, 0x00000 }, 16 },  // $53 S
    { { 0x00000, 0x0000f, 0x00001, 0x00001, 0x02001, 0x02001, 0x02001, 0x03fff, 0x02001, 0x02001, 0x02001, 0x00001, 0x00001, 0x0000f, 0x00000, 0x00000, 0x00000, 0x00000, 0x00000, 0x00000 }, 16 },  // $54 T
    { { 0x00000, 0x00001, 0x00fff, 0x01801, 0x01001, 0x02000, 0x02000, 0x02000, 0x02000, 0x02000, 0x01001, 0x01801, 0x00fff, 0x00001, 0x00000, 0x00000, 0x00000, 0x00000, 0x00000, 0x00000 }, 16 },  // $55 U
    { { 0x00000, 0x00001, 0x0000f, 0x00031, 0x000c1, 0x00300, 0x00c00, 0x03000, 0x00c00, 0x00300, 0x000c1, 0x00031, 0x0000f, 0x00001, 0x00000, 0x00000, 0x00000, 0x00000, 0x00000, 0x00000 }, 16 },  // $56 V
    { { 0x00001, 0x0000f, 0x00071, 0x00781, 0x03800, 0x00e00, 0x001c0, 0x00030, 0x001c0, 0x00e00, 0x03800, 0x00781, 0x00071, 0x0000f, 0x00001, 0x00000, 0x00000, 0x00000, 0x00000, 0x00000 }, 16 },  // $57 W
    { { 0x02001, 0x03003, 0x02805, 0x00408, 0x00210, 0x00120, 0x000c0, 0x000c0, 0x00120, 0x00210, 0x00408, 0x02805, 0x03003, 0x02001, 0x00000, 0x00000, 0x00000, 0x00000, 0x00000, 0x00000 }, 16 },  // $58 X
    { { 0x00001, 0x00001, 0x00007, 0x00009, 0x02011, 0x02020, 0x02040, 0x03f80, 0x02040, 0x02020, 0x02011, 0x00009, 0x00007, 0x00001, 0x00001, 0x00000, 0x00000, 0x00000, 0x00000, 0x00000 }, 16 },  // $59 Y
    { { 0x00000, 0x00000, 0x03007, 0x02c01, 0x02201, 0x02101, 0x02081, 0x02041, 0x02021, 0x02011, 0x0200d, 0x03803, 0x00000, 0x00000, 0x00000, 0x00000, 0x00000, 0x00000, 0x00000, 0x00000 }, 16 },  // $5A Z
    { { 0x00000, 0x00000, 0x00000, 0x00000, 0x00000, 0x03fff, 0x02001, 0x02001, 0x02001, 0x02001, 0x00000, 0x00000, 0x00000, 0x00000, 0x00000, 0x00000, 0x00000, 0x00000, 0x00000, 0x00000 }, 16 },  // $5B [
    { { 0x00001, 0x00002, 0x00004, 0x00008, 0x00010, 0x00020, 0x00040, 0x00080, 0x00100, 0x00200, 0x00400, 0x00800, 0x01000, 0x02000, 0x00000, 0x00000, 0x00000, 0x00000, 0x00000, 0x00000 }, 16 },  // $5C (backslash)
    { { 0x00000, 0x00000, 0x00000, 0x00000, 0x00000, 0x02001, 0x02001, 0x02001, 0x02001, 0x03fff, 0x00000, 0x00000, 0x00000, 0x00000, 0x00000, 0x00000, 0x00000, 0x00000, 0x00000, 0x00000 }, 16 },  // $5D ]
    { { 0x00000, 0x00000, 0x00000, 0x00000, 0x00008, 0x00004, 0x00002, 0x00001, 0x00002, 0x00004, 0x00008, 0x00000, 0x00000, 0x00000, 0x00000, 0x00000, 0x00000, 0x00000, 0x00000, 0x00000 }, 16 },  // $5E ^
    { { 0x10000, 0x10000, 0x10000, 0x10000, 0x10000, 0x10000, 0x10000, 0x10000, 0x10000, 0x10000, 0x10000, 0x10000, 0x10000, 0x10000, 0x10000, 0x10000, 0x00000, 0x00000, 0x00000, 0x00000 }, 16 },  // $5F _
    { { 0x00000, 0x00000, 0x00000, 0x00000, 0x00000, 0x00001, 0x00002, 0x00004, 0x00008, 0x00010, 0x00000, 0x00000, 0x00000, 0x00000, 0x00000, 0x00000, 0x00000, 0x00000, 0x00000, 0x00000 }, 16 },  // $60 `
    { { 0x00000, 0x00000, 0x00c00, 0x01200, 0x02110, 0x02110, 0x02110, 0x02110, 0x02110, 0x02110, 0x01120, 0x01fc0, 0x02000, 0x02000, 0x00000, 0x00000, 0x00000, 0x00000, 0x00000, 0x00000 }, 16 },  // $61 a
    { { 0x00000, 0x02000, 0x03fff, 0x01860, 0x01020, 0x02010, 0x02010, 0x02010, 0x02010, 0x02010, 0x02010, 0x01020, 0x01860, 0x00fc0, 0x00000, 0x00000, 0x00000, 0x00000, 0x00000, 0x00000 }, 16 },  // $62 b
    { { 0x00000, 0x00000, 0x00fc0, 0x01860, 0x01020, 0x02010, 0x02010, 0x02010, 0x02010, 0x02010, 0x01020, 0x01860, 0x00870, 0x00000, 0x00000, 0x00000, 0x00000, 0x00000, 0x00000, 0x00000 }, 16 },  // $63 c
    { { 0x00000, 0x00000, 0x00fc0, 0x01860, 0x01020, 0x02010, 0x02010, 0x02010, 0x02010, 0x02010, 0x02010, 0x01020, 0x01860, 0x03fff, 0x02000, 0x00000, 0x00000, 0x00000, 0x00000, 0x00000 }, 16 },  // $64 d
    { { 0x00000, 0x00000, 0x00fc0, 0x01960, 0x01120, 0x02110, 0x02110, 0x02110, 0x02110, 0x02110, 0x02120, 0x01160, 0x011c0, 0x00000, 0x00000, 0x00000, 0x00000, 0x00000, 0x00000, 0x00000 }, 16 },  // $65 e
    { { 0x00000, 0x00000, 0x00000, 0x00020, 0x02020, 0x02020, 0x03ffc, 0x02026, 0x02022, 0x02021, 0x02021, 0x00021, 0x00000, 0x00000, 0x00000, 0x00000, 0x00000, 0x00000, 0x00000, 0x00000 }, 16 },  // $66 f
    { { 0x00000, 0x00000, 0x007c0, 0x08c60, 0x08820, 0x11010, 0x11010, 0x11010, 0x11010, 0x11010, 0x11010, 0x08820, 0x08c60, 0x07fe0, 0x00010, 0x00000, 0x00000, 0x00000, 0x00000, 0x00000 }, 16 },  // $67 g
    { { 0x00000, 0x02001, 0x03fff, 0x020c0, 0x00060, 0x00020, 0x00020, 0x00020, 0x00020, 0x00060, 0x020c0, 0x03f80, 0x02000, 0x00000, 0x00000, 0x00000, 0x00000, 0x00000, 0x00000, 0x00000 }, 16 },  // $68 h
    { { 0x00000, 0x00000, 0x00000, 0x00000, 0x00000, 0x02000, 0x02011, 0x03ff2, 0x02000, 0x02000, 0x00000, 0x00000, 0x00000, 0x00000, 0x00000, 0x00000, 0x00000, 0x00000, 0x00000, 0x00000 }, 16 },  // $69 i
    { { 0x00000, 0x00000, 0x06000, 0x04000, 0x08000, 0x08000, 0x08000, 0x08000, 0x08001, 0x07ff2, 0x00000, 0x00000, 0x00000, 0x00000, 0x00000, 0x00000, 0x00000, 0x00000, 0x00000, 0x00000 }, 16 },  // $6A j
    { { 0x00000, 0x00000, 0x03fff, 0x00100, 0x00100, 0x00280, 0x00280, 0x00440, 0x00840, 0x00820, 0x01020, 0x02010, 0x02010, 0x00000, 0x00000, 0x00000, 0x00000, 0x00000, 0x00000, 0x00000 }, 16 },  // $6B k
    { { 0x00000, 0x00000, 0x00000, 0x00000, 0x00000, 0x00001, 0x02001, 0x03fff, 0x02000, 0x00000, 0x00000, 0x00000, 0x00000, 0x00000, 0x00000, 0x00000, 0x00000, 0x00000, 0x00000, 0x00000 }, 16 },  // $6C l
    { { 0x02010, 0x03ff0, 0x02020, 0x00010, 0x00010, 0x00010, 0x02010, 0x03fe0, 0x02010, 0x00010, 0x00010, 0x00010, 0x02010, 0x03fe0, 0x02000, 0x00000, 0x00000, 0x00000, 0x00000, 0x00000 }, 16 },  // $6D m
    { { 0x00000, 0x00000, 0x02010, 0x03ff0, 0x02020, 0x00010, 0x00010, 0x00010, 0x00010, 0x00010, 0x02020, 0x03fe0, 0x02000, 0x00000, 0x00000, 0x00000, 0x00000, 0x00000, 0x00000, 0x00000 }, 16 },  // $6E n
    { { 0x00000, 0x00000, 0x00fc0, 0x01860, 0x01020, 0x02010, 0x02010, 0x02010, 0x02010, 0x02010, 0x02010, 0x01020, 0x01860, 0x00fc0, 0x00000, 0x00000, 0x00000, 0x00000, 0x00000, 0x00000 }, 16 },  // $6F o
    { { 0x00000, 0x10010, 0x1fff0, 0x10c60, 0x10820, 0x11010, 0x01010, 0x01010, 0x01010, 0x01010, 0x00820, 0x00c60, 0x007c0, 0x00000, 0x00000, 0x00000, 0x00000, 0x00000, 0x00000, 0x00000 }, 16 },  // $70 p
    { { 0x00000, 0x00000, 0x007c0, 0x00c60, 0x00820, 0x01010, 0x01010, 0x01010, 0x01010, 0x01010, 0x10820, 0x10c60, 0x1fff0, 0x10010, 0x00000, 0x00000, 0x00000, 0x00000, 0x00000, 0x00000 }, 16 },  // $71 q
    { { 0x00000, 0x00000, 0x02010, 0x03fe0, 0x02060, 0x02020, 0x02010, 0x02010, 0x00010, 0x00010, 0x00010, 0x00010, 0x00020, 0x00000, 0x00000, 0x00000, 0x00000, 0x00000, 0x00000, 0x00000 }, 16 },  // $72 r
    { { 0x00000, 0x00000, 0x018e0, 0x010a0, 0x02110, 0x02110, 0x02110, 0x02110, 0x02110, 0x02110, 0x02110, 0x02110, 0x01220, 0x01e70, 0x00000, 0x00000, 0x00000, 0x00000, 0x00000, 0x00000 }, 16 },  // $73 s
    { { 0x00000, 0x00000, 0x00000, 0x00010, 0x00010, 0x00fff, 0x01810, 0x01010, 0x02010, 0x02010, 0x02010, 0x01010, 0x00000, 0x00000, 0x00000, 0x00000, 0x00000, 0x00000, 0x00000, 0x00000 }, 16 },  // $74 t
    { { 0x00000, 0x00010, 0x00ff0, 0x01800, 0x01000, 0x02000, 0x02000, 0x02000, 0x02000, 0x01000, 0x01800, 0x01ff0, 0x02000, 0x00000, 0x00000, 0x00000, 0x00000, 0x00000, 0x00000, 0x00000 }, 16 },  // $75 u
    { { 0x00000, 0x00000, 0x00010, 0x00070, 0x00190, 0x00600, 0x01800, 0x02000, 0x01800, 0x00600, 0x00190, 0x00070, 0x00010, 0x00000, 0x00000, 0x00000, 0x00000, 0x00000, 0x00000, 0x00000 }, 16 },  // $76 v
    { { 0x00010, 0x000f0, 0x00310, 0x00c10, 0x03000, 0x00800, 0x00400, 0x00300, 0x00400, 0x00800, 0x03000, 0x00c10, 0x00310, 0x000f0, 0x00010, 0x00000, 0x00000, 0x00000, 0x00000, 0x00000 }, 16 },  // $77 w
    { { 0x00000, 0x02010, 0x02010, 0x03030, 0x00840, 0x00480, 0x00300, 0x00300, 0x00480, 0x00840, 0x03030, 0x02010, 0x02010, 0x00000, 0x00000, 0x00000, 0x00000, 0x00000, 0x00000, 0x00000 }, 16 },  // $78 x
    { { 0x00000, 0x00000, 0x00010, 0x10070, 0x10190, 0x18200, 0x16c00, 0x11000, 0x00c00, 0x00200, 0x00190, 0x00070, 0x00010, 0x00000, 0x00000, 0x00000, 0x00000, 0x00000, 0x00000, 0x00000 }, 16 },  // $79 y
    { { 0x00000, 0x00000, 0x02070, 0x03010, 0x02810, 0x02410, 0x02210, 0x02110, 0x02090, 0x02050, 0x02030, 0x03810, 0x00000, 0x00000, 0x00000, 0x00000, 0x00000, 0x00000, 0x00000, 0x00000 }, 16 },  // $7A z
    { { 0x00000, 0x00000, 0x00000, 0x00000, 0x00040, 0x00040, 0x00fbc, 0x01806, 0x01002, 0x02001, 0x02001, 0x00000, 0x00000, 0x00000, 0x00000, 0x00000, 0x00000, 0x00000, 0x00000, 0x00000 }, 16 },  // $7B {
    { { 0x00000, 0x00000, 0x00000, 0x00000, 0x00000, 0x00000, 0x00000, 0x03fff, 0x00000, 0x00000, 0x00000, 0x00000, 0x00000, 0x00000, 0x00000, 0x00000, 0x00000, 0x00000, 0x00000, 0x00000 }, 16 },  // $7C |
    { { 0x00000, 0x00000, 0x00000, 0x02001, 0x02001, 0x01002, 0x01806, 0x00fbc, 0x00040, 0x00040, 0x00000, 0x00000, 0x00000, 0x00000, 0x00000, 0x00000, 0x00000, 0x00000, 0x00000, 0x00000 }, 16 },  // $7D }
    { { 0x00004, 0x00002, 0x00001, 0x00001, 0x00001, 0x00002, 0x00002, 0x00002, 0x00004, 0x00004, 0x00004, 0x00002, 0x00001, 0x00000, 0x00000, 0x00000, 0x00000, 0x00000, 0x00000, 0x00000 }, 16 },  // $7E ~
};
inline constexpr IwOverride kIw2NlqFixedOverrides[] = {
    { IwLocale::UK, 0x23, { { 0x00000, 0x00000, 0x01000, 0x02800, 0x02840, 0x01840, 0x00ffe, 0x01042, 0x01041, 0x02041, 0x02042, 0x02006, 0x02000, 0x00000, 0x00000, 0x00000, 0x00000, 0x00000, 0x00000, 0x00000 }, 16 } },
    { IwLocale::UK, 0x40, { { 0x00000, 0x00000, 0x0003c, 0x00006, 0x01f02, 0x02101, 0x02081, 0x02081, 0x02081, 0x01f81, 0x02001, 0x02002, 0x01806, 0x00ffc, 0x00000, 0x00000, 0x00000, 0x00000, 0x00000, 0x00000 }, 16 } },
    { IwLocale::UK, 0x5B, { { 0x00000, 0x00000, 0x00000, 0x00000, 0x00000, 0x03fff, 0x02001, 0x02001, 0x02001, 0x02001, 0x00000, 0x00000, 0x00000, 0x00000, 0x00000, 0x00000, 0x00000, 0x00000, 0x00000, 0x00000 }, 16 } },
    { IwLocale::UK, 0x5C, { { 0x00001, 0x00002, 0x00004, 0x00008, 0x00010, 0x00020, 0x00040, 0x00080, 0x00100, 0x00200, 0x00400, 0x00800, 0x01000, 0x02000, 0x00000, 0x00000, 0x00000, 0x00000, 0x00000, 0x00000 }, 16 } },
    { IwLocale::UK, 0x5D, { { 0x00000, 0x00000, 0x00000, 0x00000, 0x00000, 0x02001, 0x02001, 0x02001, 0x02001, 0x03fff, 0x00000, 0x00000, 0x00000, 0x00000, 0x00000, 0x00000, 0x00000, 0x00000, 0x00000, 0x00000 }, 16 } },
    { IwLocale::UK, 0x60, { { 0x00000, 0x00000, 0x00000, 0x00000, 0x00000, 0x00001, 0x00002, 0x00004, 0x00008, 0x00010, 0x00000, 0x00000, 0x00000, 0x00000, 0x00000, 0x00000, 0x00000, 0x00000, 0x00000, 0x00000 }, 16 } },
    { IwLocale::UK, 0x7B, { { 0x00000, 0x00000, 0x00000, 0x00000, 0x00040, 0x00040, 0x00fbc, 0x01806, 0x01002, 0x02001, 0x02001, 0x00000, 0x00000, 0x00000, 0x00000, 0x00000, 0x00000, 0x00000, 0x00000, 0x00000 }, 16 } },
    { IwLocale::UK, 0x7C, { { 0x00000, 0x00000, 0x00000, 0x00000, 0x00000, 0x00000, 0x00000, 0x03fff, 0x00000, 0x00000, 0x00000, 0x00000, 0x00000, 0x00000, 0x00000, 0x00000, 0x00000, 0x00000, 0x00000, 0x00000 }, 16 } },
    { IwLocale::UK, 0x7D, { { 0x00000, 0x00000, 0x00000, 0x02001, 0x02001, 0x01002, 0x01806, 0x00fbc, 0x00040, 0x00040, 0x00000, 0x00000, 0x00000, 0x00000, 0x00000, 0x00000, 0x00000, 0x00000, 0x00000, 0x00000 }, 16 } },
    { IwLocale::UK, 0x7E, { { 0x00004, 0x00002, 0x00001, 0x00001, 0x00001, 0x00002, 0x00002, 0x00002, 0x00004, 0x00004, 0x00004, 0x00002, 0x00001, 0x00000, 0x00000, 0x00000, 0x00000, 0x00000, 0x00000, 0x00000 }, 16 } },
    { IwLocale::FR, 0x23, { { 0x00000, 0x00000, 0x01000, 0x02800, 0x02840, 0x01840, 0x00ffe, 0x01042, 0x01041, 0x02041, 0x02042, 0x02006, 0x02000, 0x00000, 0x00000, 0x00000, 0x00000, 0x00000, 0x00000, 0x00000 }, 16 } },
    { IwLocale::FR, 0x40, { { 0x00000, 0x00000, 0x01e00, 0x01200, 0x02110, 0x02111, 0x02112, 0x02114, 0x02110, 0x01120, 0x01960, 0x01fc0, 0x02000, 0x02000, 0x00000, 0x00000, 0x00000, 0x00000, 0x00000, 0x00000 }, 16 } },
    { IwLocale::FR, 0x5B, { { 0x00000, 0x00000, 0x00000, 0x00000, 0x00000, 0x0000e, 0x00011, 0x00011, 0x00011, 0x0000e, 0x00000, 0x00000, 0x00000, 0x00000, 0x00000, 0x00000, 0x00000, 0x00000, 0x00000, 0x00000 }, 16 } },
    { IwLocale::FR, 0x5C, { { 0x00000, 0x00000, 0x007c0, 0x10c60, 0x10820, 0x11010, 0x11010, 0x11010, 0x0f010, 0x01010, 0x01010, 0x00820, 0x00c60, 0x00000, 0x00000, 0x00000, 0x00000, 0x00000, 0x00000, 0x00000 }, 16 } },
    { IwLocale::FR, 0x5D, { { 0x00000, 0x00000, 0x018ee, 0x010aa, 0x02111, 0x02111, 0x02111, 0x02111, 0x02111, 0x02111, 0x012a2, 0x01ee6, 0x00000, 0x00000, 0x00000, 0x00000, 0x00000, 0x00000, 0x00000, 0x00000 }, 16 } },
    { IwLocale::FR, 0x60, { { 0x00000, 0x00000, 0x00000, 0x00000, 0x00000, 0x00001, 0x00002, 0x00004, 0x00008, 0x00010, 0x00000, 0x00000, 0x00000, 0x00000, 0x00000, 0x00000, 0x00000, 0x00000, 0x00000, 0x00000 }, 16 } },
    { IwLocale::FR, 0x7B, { { 0x00000, 0x00000, 0x00fc0, 0x01960, 0x01120, 0x02110, 0x02110, 0x02114, 0x02112, 0x02111, 0x01120, 0x01160, 0x001c0, 0x00000, 0x00000, 0x00000, 0x00000, 0x00000, 0x00000, 0x00000 }, 16 } },
    { IwLocale::FR, 0x7C, { { 0x00000, 0x00010, 0x00ff0, 0x01800, 0x01000, 0x02001, 0x02002, 0x02004, 0x02000, 0x01000, 0x01800, 0x01ff0, 0x02000, 0x00000, 0x00000, 0x00000, 0x00000, 0x00000, 0x00000, 0x00000 }, 16 } },
    { IwLocale::FR, 0x7D, { { 0x00000, 0x00000, 0x00fc0, 0x01960, 0x01120, 0x02110, 0x02111, 0x02112, 0x02114, 0x02110, 0x01120, 0x01160, 0x001c0, 0x00000, 0x00000, 0x00000, 0x00000, 0x00000, 0x00000, 0x00000 }, 16 } },
    { IwLocale::FR, 0x7E, { { 0x00000, 0x00000, 0x00000, 0x00003, 0x00003, 0x00000, 0x00000, 0x00000, 0x00000, 0x00000, 0x00003, 0x00003, 0x00000, 0x00000, 0x00000, 0x00000, 0x00000, 0x00000, 0x00000, 0x00000 }, 16 } },
    { IwLocale::DE, 0x23, { { 0x00000, 0x00000, 0x00210, 0x00210, 0x00210, 0x03fff, 0x00210, 0x00210, 0x00210, 0x00210, 0x03fff, 0x00210, 0x00210, 0x00210, 0x00000, 0x00000, 0x00000, 0x00000, 0x00000, 0x00000 }, 16 } },
    { IwLocale::DE, 0x40, { { 0x00000, 0x00000, 0x018ee, 0x010aa, 0x02111, 0x02111, 0x02111, 0x02111, 0x02111, 0x02111, 0x012a2, 0x01ee6, 0x00000, 0x00000, 0x00000, 0x00000, 0x00000, 0x00000, 0x00000, 0x00000 }, 16 } },
    { IwLocale::DE, 0x5B, { { 0x00000, 0x02000, 0x03c03, 0x02303, 0x002c0, 0x00230, 0x0020c, 0x00202, 0x0020c, 0x00230, 0x002c0, 0x02303, 0x03c03, 0x02000, 0x00000, 0x00000, 0x00000, 0x00000, 0x00000, 0x00000 }, 16 } },
    { IwLocale::DE, 0x5C, { { 0x00000, 0x00fe0, 0x01833, 0x01013, 0x02008, 0x02008, 0x02008, 0x02008, 0x02008, 0x02008, 0x02008, 0x01013, 0x01833, 0x00fe0, 0x00000, 0x00000, 0x00000, 0x00000, 0x00000, 0x00000 }, 16 } },
    { IwLocale::DE, 0x5D, { { 0x00000, 0x00010, 0x00ff3, 0x01813, 0x01000, 0x02000, 0x02000, 0x02000, 0x02000, 0x01000, 0x01813, 0x00ff3, 0x00010, 0x00000, 0x00000, 0x00000, 0x00000, 0x00000, 0x00000, 0x00000 }, 16 } },
    { IwLocale::DE, 0x60, { { 0x00000, 0x00000, 0x00000, 0x00000, 0x00000, 0x00001, 0x00002, 0x00004, 0x00008, 0x00010, 0x00000, 0x00000, 0x00000, 0x00000, 0x00000, 0x00000, 0x00000, 0x00000, 0x00000, 0x00000 }, 16 } },
    { IwLocale::DE, 0x7B, { { 0x00000, 0x00000, 0x01e00, 0x01203, 0x02113, 0x02110, 0x02110, 0x02110, 0x02110, 0x01120, 0x01963, 0x01fc3, 0x02000, 0x02000, 0x00000, 0x00000, 0x00000, 0x00000, 0x00000, 0x00000 }, 16 } },
    { IwLocale::DE, 0x7C, { { 0x00000, 0x00000, 0x00fc0, 0x01860, 0x01023, 0x02013, 0x02010, 0x02010, 0x02010, 0x02013, 0x01023, 0x01860, 0x00fc0, 0x00000, 0x00000, 0x00000, 0x00000, 0x00000, 0x00000, 0x00000 }, 16 } },
    { IwLocale::DE, 0x7D, { { 0x00000, 0x00010, 0x00ff0, 0x01803, 0x01003, 0x02000, 0x02000, 0x02000, 0x03000, 0x01003, 0x01803, 0x01ff0, 0x02000, 0x00000, 0x00000, 0x00000, 0x00000, 0x00000, 0x00000, 0x00000 }, 16 } },
    { IwLocale::DE, 0x7E, { { 0x00000, 0x00000, 0x02000, 0x01000, 0x00ffe, 0x00812, 0x00811, 0x00811, 0x00811, 0x00811, 0x00831, 0x0046a, 0x0044e, 0x00380, 0x00000, 0x00000, 0x00000, 0x00000, 0x00000, 0x00000 }, 16 } },
    { IwLocale::IT, 0x23, { { 0x00000, 0x00000, 0x01000, 0x02800, 0x02840, 0x01840, 0x00ffe, 0x01042, 0x01041, 0x02041, 0x02042, 0x02006, 0x02000, 0x00000, 0x00000, 0x00000, 0x00000, 0x00000, 0x00000, 0x00000 }, 16 } },
    { IwLocale::IT, 0x40, { { 0x00000, 0x00000, 0x018ee, 0x010aa, 0x02111, 0x02111, 0x02111, 0x02111, 0x02111, 0x02111, 0x012a2, 0x01ee6, 0x00000, 0x00000, 0x00000, 0x00000, 0x00000, 0x00000, 0x00000, 0x00000 }, 16 } },
    { IwLocale::IT, 0x5B, { { 0x00000, 0x00000, 0x00000, 0x00000, 0x00000, 0x0000e, 0x00011, 0x00011, 0x00011, 0x0000e, 0x00000, 0x00000, 0x00000, 0x00000, 0x00000, 0x00000, 0x00000, 0x00000, 0x00000, 0x00000 }, 16 } },
    { IwLocale::IT, 0x5C, { { 0x00000, 0x00000, 0x007c0, 0x10c60, 0x10820, 0x11010, 0x11010, 0x11010, 0x0f010, 0x01010, 0x01010, 0x00820, 0x00c60, 0x00000, 0x00000, 0x00000, 0x00000, 0x00000, 0x00000, 0x00000 }, 16 } },
    { IwLocale::IT, 0x5D, { { 0x00000, 0x00000, 0x00fc0, 0x01960, 0x01120, 0x02110, 0x02110, 0x02114, 0x02112, 0x02111, 0x01120, 0x01160, 0x001c0, 0x00000, 0x00000, 0x00000, 0x00000, 0x00000, 0x00000, 0x00000 }, 16 } },
    { IwLocale::IT, 0x60, { { 0x00000, 0x00010, 0x00ff0, 0x01800, 0x01000, 0x02001, 0x02002, 0x02004, 0x02000, 0x01000, 0x01800, 0x01ff0, 0x02000, 0x00000, 0x00000, 0x00000, 0x00000, 0x00000, 0x00000, 0x00000 }, 16 } },
    { IwLocale::IT, 0x7B, { { 0x00000, 0x00000, 0x01e00, 0x01200, 0x02110, 0x02111, 0x02112, 0x02114, 0x02110, 0x01120, 0x01960, 0x01fc0, 0x02000, 0x02000, 0x00000, 0x00000, 0x00000, 0x00000, 0x00000, 0x00000 }, 16 } },
    { IwLocale::IT, 0x7C, { { 0x00000, 0x00000, 0x00fc0, 0x01860, 0x01020, 0x02010, 0x02011, 0x02012, 0x02014, 0x02010, 0x01020, 0x01860, 0x00fc0, 0x00000, 0x00000, 0x00000, 0x00000, 0x00000, 0x00000, 0x00000 }, 16 } },
    { IwLocale::IT, 0x7D, { { 0x00000, 0x00000, 0x00fc0, 0x01960, 0x01120, 0x02110, 0x02111, 0x02112, 0x02114, 0x02110, 0x01120, 0x01160, 0x001c0, 0x00000, 0x00000, 0x00000, 0x00000, 0x00000, 0x00000, 0x00000 }, 16 } },
    { IwLocale::IT, 0x7E, { { 0x00000, 0x00000, 0x00000, 0x00000, 0x02000, 0x02021, 0x02022, 0x03fe4, 0x02000, 0x02000, 0x02000, 0x00000, 0x00000, 0x00000, 0x00000, 0x00000, 0x00000, 0x00000, 0x00000, 0x00000 }, 16 } },
    { IwLocale::SE, 0x23, { { 0x00000, 0x00000, 0x00210, 0x00210, 0x00210, 0x03fff, 0x00210, 0x00210, 0x00210, 0x00210, 0x03fff, 0x00210, 0x00210, 0x00210, 0x00000, 0x00000, 0x00000, 0x00000, 0x00000, 0x00000 }, 16 } },
    { IwLocale::SE, 0x40, { { 0x00000, 0x00000, 0x0003c, 0x00006, 0x01f02, 0x02101, 0x02081, 0x02081, 0x02081, 0x01f81, 0x02001, 0x02002, 0x01806, 0x00ffc, 0x00000, 0x00000, 0x00000, 0x00000, 0x00000, 0x00000 }, 16 } },
    { IwLocale::SE, 0x5B, { { 0x00000, 0x02000, 0x03c03, 0x02303, 0x002c0, 0x00230, 0x0020c, 0x00202, 0x0020c, 0x00230, 0x002c0, 0x02303, 0x03c03, 0x02000, 0x00000, 0x00000, 0x00000, 0x00000, 0x00000, 0x00000 }, 16 } },
    { IwLocale::SE, 0x5C, { { 0x00000, 0x00fe0, 0x01833, 0x01013, 0x02008, 0x02008, 0x02008, 0x02008, 0x02008, 0x02008, 0x02008, 0x01013, 0x01833, 0x00fe0, 0x00000, 0x00000, 0x00000, 0x00000, 0x00000, 0x00000 }, 16 } },
    { IwLocale::SE, 0x5D, { { 0x00000, 0x02000, 0x03e00, 0x02500, 0x00480, 0x0044e, 0x00431, 0x00411, 0x00431, 0x0044e, 0x00480, 0x02500, 0x03e00, 0x02000, 0x00000, 0x00000, 0x00000, 0x00000, 0x00000, 0x00000 }, 16 } },
    { IwLocale::SE, 0x60, { { 0x00000, 0x00000, 0x00000, 0x00000, 0x00000, 0x00001, 0x00002, 0x00004, 0x00008, 0x00010, 0x00000, 0x00000, 0x00000, 0x00000, 0x00000, 0x00000, 0x00000, 0x00000, 0x00000, 0x00000 }, 16 } },
    { IwLocale::SE, 0x7B, { { 0x00000, 0x00000, 0x01e00, 0x01203, 0x02113, 0x02110, 0x02110, 0x02110, 0x02110, 0x01120, 0x01963, 0x01fc3, 0x02000, 0x02000, 0x00000, 0x00000, 0x00000, 0x00000, 0x00000, 0x00000 }, 16 } },
    { IwLocale::SE, 0x7C, { { 0x00000, 0x00000, 0x00fc0, 0x01860, 0x01023, 0x02013, 0x02010, 0x02010, 0x02010, 0x02013, 0x01023, 0x01860, 0x00fc0, 0x00000, 0x00000, 0x00000, 0x00000, 0x00000, 0x00000, 0x00000 }, 16 } },
    { IwLocale::SE, 0x7D, { { 0x00000, 0x00000, 0x01e00, 0x01200, 0x02120, 0x0212e, 0x02131, 0x02131, 0x02131, 0x0112e, 0x01960, 0x01fc0, 0x02000, 0x02000, 0x00000, 0x00000, 0x00000, 0x00000, 0x00000, 0x00000 }, 16 } },
    { IwLocale::SE, 0x7E, { { 0x00004, 0x00002, 0x00001, 0x00001, 0x00001, 0x00002, 0x00002, 0x00002, 0x00004, 0x00004, 0x00004, 0x00002, 0x00001, 0x00000, 0x00000, 0x00000, 0x00000, 0x00000, 0x00000, 0x00000 }, 16 } },
    { IwLocale::ES, 0x23, { { 0x00000, 0x00000, 0x01000, 0x02800, 0x02840, 0x01840, 0x00ffe, 0x01042, 0x01041, 0x02041, 0x02042, 0x02006, 0x02000, 0x00000, 0x00000, 0x00000, 0x00000, 0x00000, 0x00000, 0x00000 }, 16 } },
    { IwLocale::ES, 0x40, { { 0x00000, 0x00000, 0x018ee, 0x010aa, 0x02111, 0x02111, 0x02111, 0x02111, 0x02111, 0x02111, 0x012a2, 0x01ee6, 0x00000, 0x00000, 0x00000, 0x00000, 0x00000, 0x00000, 0x00000, 0x00000 }, 16 } },
    { IwLocale::ES, 0x5B, { { 0x00000, 0x00000, 0x00000, 0x00000, 0x00000, 0x00000, 0x00020, 0x1fe70, 0x00020, 0x00000, 0x00000, 0x00000, 0x00000, 0x00000, 0x00000, 0x00000, 0x00000, 0x00000, 0x00000, 0x00000 }, 16 } },
    { IwLocale::ES, 0x5C, { { 0x00004, 0x02012, 0x03ff1, 0x02031, 0x02051, 0x00082, 0x00102, 0x00202, 0x00404, 0x02814, 0x03014, 0x03ff2, 0x02011, 0x00000, 0x00000, 0x00000, 0x00000, 0x00000, 0x00000, 0x00000 }, 16 } },
    { IwLocale::ES, 0x5D, { { 0x00000, 0x00000, 0x07000, 0x0d800, 0x08800, 0x10400, 0x10410, 0x10338, 0x10010, 0x10000, 0x08000, 0x0c000, 0x06000, 0x00000, 0x00000, 0x00000, 0x00000, 0x00000, 0x00000, 0x00000 }, 16 } },
    { IwLocale::ES, 0x60, { { 0x00000, 0x00000, 0x00000, 0x00000, 0x00000, 0x00001, 0x00002, 0x00004, 0x00008, 0x00010, 0x00000, 0x00000, 0x00000, 0x00000, 0x00000, 0x00000, 0x00000, 0x00000, 0x00000, 0x00000 }, 16 } },
    { IwLocale::ES, 0x7B, { { 0x00000, 0x00000, 0x00000, 0x00000, 0x00000, 0x0000e, 0x00011, 0x00011, 0x00011, 0x0000e, 0x00000, 0x00000, 0x00000, 0x00000, 0x00000, 0x00000, 0x00000, 0x00000, 0x00000, 0x00000 }, 16 } },
    { IwLocale::ES, 0x7C, { { 0x00004, 0x00002, 0x02011, 0x03ff1, 0x02021, 0x00012, 0x00012, 0x00012, 0x00014, 0x00014, 0x00014, 0x02022, 0x03fe1, 0x02000, 0x00000, 0x00000, 0x00000, 0x00000, 0x00000, 0x00000 }, 16 } },
    { IwLocale::ES, 0x7D, { { 0x00000, 0x00000, 0x007c0, 0x10c60, 0x10820, 0x11010, 0x11010, 0x11010, 0x0f010, 0x01010, 0x01010, 0x00820, 0x00c60, 0x00000, 0x00000, 0x00000, 0x00000, 0x00000, 0x00000, 0x00000 }, 16 } },
    { IwLocale::ES, 0x7E, { { 0x00004, 0x00002, 0x00001, 0x00001, 0x00001, 0x00002, 0x00002, 0x00002, 0x00004, 0x00004, 0x00004, 0x00002, 0x00001, 0x00000, 0x00000, 0x00000, 0x00000, 0x00000, 0x00000, 0x00000 }, 16 } },
    { IwLocale::DK, 0x23, { { 0x00000, 0x00000, 0x00210, 0x00210, 0x00210, 0x03fff, 0x00210, 0x00210, 0x00210, 0x00210, 0x03fff, 0x00210, 0x00210, 0x00210, 0x00000, 0x00000, 0x00000, 0x00000, 0x00000, 0x00000 }, 16 } },
    { IwLocale::DK, 0x40, { { 0x00000, 0x00000, 0x0003c, 0x00006, 0x01f02, 0x02101, 0x02081, 0x02081, 0x02081, 0x01f81, 0x02001, 0x02002, 0x01806, 0x00ffc, 0x00000, 0x00000, 0x00000, 0x00000, 0x00000, 0x00000 }, 16 } },
    { IwLocale::DK, 0x5B, { { 0x00000, 0x02000, 0x03fe0, 0x02050, 0x00048, 0x00044, 0x00042, 0x00041, 0x03fff, 0x02041, 0x02041, 0x02041, 0x020e1, 0x02001, 0x03807, 0x00000, 0x00000, 0x00000, 0x00000, 0x00000 }, 16 } },
    { IwLocale::DK, 0x5C, { { 0x00000, 0x00000, 0x00ffc, 0x01806, 0x01402, 0x02201, 0x02181, 0x02061, 0x02011, 0x0100a, 0x01806, 0x00ffc, 0x00000, 0x00000, 0x00000, 0x00000, 0x00000, 0x00000, 0x00000, 0x00000 }, 16 } },
    { IwLocale::DK, 0x5D, { { 0x00000, 0x02000, 0x03e00, 0x02500, 0x00480, 0x0044e, 0x00431, 0x00411, 0x00431, 0x0044e, 0x00480, 0x02500, 0x03e00, 0x02000, 0x00000, 0x00000, 0x00000, 0x00000, 0x00000, 0x00000 }, 16 } },
    { IwLocale::DK, 0x5E, { { 0x00000, 0x00000, 0x00000, 0x00000, 0x00008, 0x00004, 0x00002, 0x00001, 0x00002, 0x00004, 0x00008, 0x00000, 0x00000, 0x00000, 0x00000, 0x00000, 0x00000, 0x00000, 0x00000, 0x00000 }, 16 } },
    { IwLocale::DK, 0x5F, { { 0x10000, 0x10000, 0x10000, 0x10000, 0x10000, 0x10000, 0x10000, 0x10000, 0x10000, 0x10000, 0x10000, 0x10000, 0x10000, 0x10000, 0x10000, 0x10000, 0x00000, 0x00000, 0x00000, 0x00000 }, 16 } },
    { IwLocale::DK, 0x60, { { 0x00000, 0x00000, 0x00000, 0x00000, 0x00000, 0x00001, 0x00002, 0x00004, 0x00008, 0x00010, 0x00000, 0x00000, 0x00000, 0x00000, 0x00000, 0x00000, 0x00000, 0x00000, 0x00000, 0x00000 }, 16 } },
    { IwLocale::DK, 0x7B, { { 0x01e00, 0x01210, 0x02110, 0x02110, 0x02110, 0x01120, 0x01fe0, 0x01120, 0x02110, 0x02110, 0x02110, 0x01120, 0x011e0, 0x00000, 0x00000, 0x00000, 0x00000, 0x00000, 0x00000, 0x00000 }, 16 } },
    { IwLocale::DK, 0x7C, { { 0x00000, 0x00000, 0x04fc0, 0x03860, 0x01020, 0x02810, 0x02410, 0x02310, 0x02090, 0x02050, 0x01020, 0x01870, 0x00fc8, 0x00000, 0x00000, 0x00000, 0x00000, 0x00000, 0x00000, 0x00000 }, 16 } },
    { IwLocale::DK, 0x7D, { { 0x00000, 0x00000, 0x01e00, 0x01200, 0x02120, 0x0212e, 0x02131, 0x02131, 0x02131, 0x0112e, 0x01960, 0x01fc0, 0x02000, 0x02000, 0x00000, 0x00000, 0x00000, 0x00000, 0x00000, 0x00000 }, 16 } },
    { IwLocale::DK, 0x7E, { { 0x00004, 0x00002, 0x00001, 0x00001, 0x00001, 0x00002, 0x00002, 0x00002, 0x00004, 0x00004, 0x00004, 0x00002, 0x00001, 0x00000, 0x00000, 0x00000, 0x00000, 0x00000, 0x00000, 0x00000 }, 16 } },
};
inline constexpr size_t kIw2NlqFixedOverridesCount =
    sizeof(kIw2NlqFixedOverrides) / sizeof(kIw2NlqFixedOverrides[0]);

// ──────────────────────────────────────────────────────────────────────
/// ImageWriter II NLQ proportional, variable width.
inline constexpr IwGlyph kIw2NlqProp[kIwCodeCount] = {
    { { 0x00000, 0x00000, 0x00000, 0x00000, 0x00000, 0x00000, 0x00000, 0x00000, 0x00000, 0x00000, 0x00000, 0x00000, 0x00000, 0x00000, 0x00000, 0x00000, 0x00000, 0x00000, 0x00000, 0x00000 }, 7 },  // $20  
    { { 0x00000, 0x00000, 0x01000, 0x039ff, 0x01000, 0x00000, 0x00000, 0x00000, 0x00000, 0x00000, 0x00000, 0x00000, 0x00000, 0x00000, 0x00000, 0x00000, 0x00000, 0x00000, 0x00000, 0x00000 }, 7 },  // $21 !
    { { 0x00000, 0x0003f, 0x00000, 0x00000, 0x00000, 0x0003f, 0x00000, 0x00000, 0x00000, 0x00000, 0x00000, 0x00000, 0x00000, 0x00000, 0x00000, 0x00000, 0x00000, 0x00000, 0x00000, 0x00000 }, 11 },  // $22 "
    { { 0x00000, 0x00000, 0x00210, 0x00210, 0x03fff, 0x00210, 0x00210, 0x00210, 0x00210, 0x03fff, 0x00210, 0x00210, 0x00000, 0x00000, 0x00000, 0x00000, 0x00000, 0x00000, 0x00000, 0x00000 }, 14 },  // $23 #
    { { 0x00000, 0x00438, 0x00428, 0x00844, 0x00844, 0x03fff, 0x00844, 0x00844, 0x00488, 0x00788, 0x00000, 0x00000, 0x00000, 0x00000, 0x00000, 0x00000, 0x00000, 0x00000, 0x00000, 0x00000 }, 13 },  // $24 $
    { { 0x00000, 0x0100e, 0x00811, 0x00411, 0x00211, 0x0010e, 0x00080, 0x00040, 0x01c20, 0x02210, 0x02208, 0x02204, 0x01c02, 0x00000, 0x00000, 0x00000, 0x00000, 0x00000, 0x00000, 0x00000 }, 16 },  // $25 %
    { { 0x00000, 0x00f00, 0x0108e, 0x02051, 0x02061, 0x02091, 0x0210e, 0x01200, 0x00c00, 0x01300, 0x02000, 0x00000, 0x00000, 0x00000, 0x00000, 0x00000, 0x00000, 0x00000, 0x00000, 0x00000 }, 13 },  // $26 &
    { { 0x00000, 0x00000, 0x00030, 0x0000c, 0x00003, 0x00000, 0x00000, 0x00000, 0x00000, 0x00000, 0x00000, 0x00000, 0x00000, 0x00000, 0x00000, 0x00000, 0x00000, 0x00000, 0x00000, 0x00000 }, 7 },  // $27 '
    { { 0x00000, 0x00000, 0x003f0, 0x00c0c, 0x03003, 0x00000, 0x00000, 0x00000, 0x00000, 0x00000, 0x00000, 0x00000, 0x00000, 0x00000, 0x00000, 0x00000, 0x00000, 0x00000, 0x00000, 0x00000 }, 7 },  // $28 (
    { { 0x00000, 0x03003, 0x00c0c, 0x003f0, 0x00000, 0x00000, 0x00000, 0x00000, 0x00000, 0x00000, 0x00000, 0x00000, 0x00000, 0x00000, 0x00000, 0x00000, 0x00000, 0x00000, 0x00000, 0x00000 }, 7 },  // $29 )
    { { 0x00000, 0x00020, 0x00222, 0x00124, 0x000d8, 0x00088, 0x000d8, 0x00124, 0x00222, 0x00020, 0x00000, 0x00000, 0x00000, 0x00000, 0x00000, 0x00000, 0x00000, 0x00000, 0x00000, 0x00000 }, 12 },  // $2A *
    { { 0x00000, 0x00040, 0x00040, 0x00040, 0x00040, 0x007fc, 0x00040, 0x00040, 0x00040, 0x00040, 0x00000, 0x00000, 0x00000, 0x00000, 0x00000, 0x00000, 0x00000, 0x00000, 0x00000, 0x00000 }, 12 },  // $2B +
    { { 0x00000, 0x00000, 0x11000, 0x0b800, 0x07000, 0x00000, 0x00000, 0x00000, 0x00000, 0x00000, 0x00000, 0x00000, 0x00000, 0x00000, 0x00000, 0x00000, 0x00000, 0x00000, 0x00000, 0x00000 }, 7 },  // $2C ,
    { { 0x00000, 0x00040, 0x00040, 0x00040, 0x00040, 0x00040, 0x00040, 0x00040, 0x00040, 0x00040, 0x00000, 0x00000, 0x00000, 0x00000, 0x00000, 0x00000, 0x00000, 0x00000, 0x00000, 0x00000 }, 12 },  // $2D -
    { { 0x00000, 0x00000, 0x03800, 0x03800, 0x03800, 0x00000, 0x00000, 0x00000, 0x00000, 0x00000, 0x00000, 0x00000, 0x00000, 0x00000, 0x00000, 0x00000, 0x00000, 0x00000, 0x00000, 0x00000 }, 7 },  // $2E .
    { { 0x00000, 0x00000, 0x03000, 0x00c00, 0x00300, 0x000c0, 0x00030, 0x0000c, 0x00003, 0x00000, 0x00000, 0x00000, 0x00000, 0x00000, 0x00000, 0x00000, 0x00000, 0x00000, 0x00000, 0x00000 }, 12 },  // $2F /
    { { 0x00000, 0x00ffc, 0x01002, 0x02001, 0x02001, 0x02001, 0x02001, 0x01002, 0x00ffc, 0x00000, 0x00000, 0x00000, 0x00000, 0x00000, 0x00000, 0x00000, 0x00000, 0x00000, 0x00000, 0x00000 }, 12 },  // $30 0
    { { 0x00000, 0x00000, 0x00000, 0x02018, 0x02006, 0x03fff, 0x02000, 0x02000, 0x00000, 0x00000, 0x00000, 0x00000, 0x00000, 0x00000, 0x00000, 0x00000, 0x00000, 0x00000, 0x00000, 0x00000 }, 12 },  // $31 1
    { { 0x00000, 0x02004, 0x03002, 0x02c01, 0x02201, 0x02101, 0x020c1, 0x02022, 0x0201c, 0x00000, 0x00000, 0x00000, 0x00000, 0x00000, 0x00000, 0x00000, 0x00000, 0x00000, 0x00000, 0x00000 }, 12 },  // $32 2
    { { 0x00000, 0x00804, 0x01002, 0x02041, 0x02041, 0x02041, 0x02041, 0x010a2, 0x00f1c, 0x00000, 0x00000, 0x00000, 0x00000, 0x00000, 0x00000, 0x00000, 0x00000, 0x00000, 0x00000, 0x00000 }, 12 },  // $33 3
    { { 0x00000, 0x00300, 0x002c0, 0x00230, 0x0020c, 0x02202, 0x02201, 0x03fff, 0x02200, 0x02200, 0x00000, 0x00000, 0x00000, 0x00000, 0x00000, 0x00000, 0x00000, 0x00000, 0x00000, 0x00000 }, 12 },  // $34 4
    { { 0x00000, 0x0087f, 0x01041, 0x02021, 0x02021, 0x02021, 0x02021, 0x01041, 0x00f81, 0x00000, 0x00000, 0x00000, 0x00000, 0x00000, 0x00000, 0x00000, 0x00000, 0x00000, 0x00000, 0x00000 }, 12 },  // $35 5
    { { 0x00000, 0x00f80, 0x018e0, 0x03058, 0x02044, 0x02046, 0x030c2, 0x01981, 0x00f01, 0x00000, 0x00000, 0x00000, 0x00000, 0x00000, 0x00000, 0x00000, 0x00000, 0x00000, 0x00000, 0x00000 }, 12 },  // $36 6
    { { 0x00000, 0x00003, 0x00001, 0x00001, 0x03c01, 0x00301, 0x000c1, 0x00031, 0x0000f, 0x00000, 0x00000, 0x00000, 0x00000, 0x00000, 0x00000, 0x00000, 0x00000, 0x00000, 0x00000, 0x00000 }, 12 },  // $37 7
    { { 0x00000, 0x00f1c, 0x010a2, 0x02041, 0x02041, 0x02041, 0x02041, 0x010a2, 0x00f1c, 0x00000, 0x00000, 0x00000, 0x00000, 0x00000, 0x00000, 0x00000, 0x00000, 0x00000, 0x00000, 0x00000 }, 12 },  // $38 8
    { { 0x00000, 0x0003c, 0x00066, 0x000c3, 0x02081, 0x01881, 0x00683, 0x001e6, 0x0007c, 0x00000, 0x00000, 0x00000, 0x00000, 0x00000, 0x00000, 0x00000, 0x00000, 0x00000, 0x00000, 0x00000 }, 12 },  // $39 9
    { { 0x00000, 0x00000, 0x01830, 0x01830, 0x00000, 0x00000, 0x00000, 0x00000, 0x00000, 0x00000, 0x00000, 0x00000, 0x00000, 0x00000, 0x00000, 0x00000, 0x00000, 0x00000, 0x00000, 0x00000 }, 7 },  // $3A :
    { { 0x00000, 0x00000, 0x04c30, 0x03c30, 0x00000, 0x00000, 0x00000, 0x00000, 0x00000, 0x00000, 0x00000, 0x00000, 0x00000, 0x00000, 0x00000, 0x00000, 0x00000, 0x00000, 0x00000, 0x00000 }, 7 },  // $3B ;
    { { 0x00000, 0x00080, 0x00140, 0x00220, 0x00410, 0x00808, 0x01004, 0x02002, 0x00000, 0x00000, 0x00000, 0x00000, 0x00000, 0x00000, 0x00000, 0x00000, 0x00000, 0x00000, 0x00000, 0x00000 }, 12 },  // $3C <
    { { 0x00000, 0x00220, 0x00220, 0x00220, 0x00220, 0x00220, 0x00220, 0x00220, 0x00220, 0x00000, 0x00000, 0x00000, 0x00000, 0x00000, 0x00000, 0x00000, 0x00000, 0x00000, 0x00000, 0x00000 }, 12 },  // $3D =
    { { 0x00000, 0x00000, 0x02002, 0x01004, 0x00808, 0x00410, 0x00220, 0x00140, 0x00080, 0x00000, 0x00000, 0x00000, 0x00000, 0x00000, 0x00000, 0x00000, 0x00000, 0x00000, 0x00000, 0x00000 }, 12 },  // $3E >
    { { 0x00000, 0x00004, 0x00002, 0x00001, 0x01001, 0x03981, 0x01041, 0x00022, 0x0001c, 0x00000, 0x00000, 0x00000, 0x00000, 0x00000, 0x00000, 0x00000, 0x00000, 0x00000, 0x00000, 0x00000 }, 12 },  // $3F ?
    { { 0x00000, 0x00000, 0x0003c, 0x01f06, 0x01082, 0x02041, 0x02041, 0x02041, 0x03f81, 0x02001, 0x02002, 0x01006, 0x01ffc, 0x00000, 0x00000, 0x00000, 0x00000, 0x00000, 0x00000, 0x00000 }, 14 },  // $40 @
    { { 0x00000, 0x02000, 0x03c00, 0x02381, 0x00171, 0x0010d, 0x00103, 0x00101, 0x00103, 0x0010c, 0x00170, 0x02380, 0x03c00, 0x02000, 0x00000, 0x00000, 0x00000, 0x00000, 0x00000, 0x00000 }, 16 },  // $41 A
    { { 0x00000, 0x02001, 0x02001, 0x03fff, 0x02041, 0x02041, 0x02041, 0x02041, 0x02041, 0x02041, 0x010e2, 0x019b6, 0x00f1c, 0x00000, 0x00000, 0x00000, 0x00000, 0x00000, 0x00000, 0x00000 }, 15 },  // $42 B
    { { 0x00000, 0x00ffc, 0x01806, 0x01002, 0x02001, 0x02001, 0x02001, 0x02001, 0x01001, 0x01802, 0x00c06, 0x0000f, 0x00000, 0x00000, 0x00000, 0x00000, 0x00000, 0x00000, 0x00000, 0x00000 }, 14 },  // $43 C
    { { 0x00000, 0x02001, 0x02001, 0x03fff, 0x02001, 0x02001, 0x02001, 0x02001, 0x02001, 0x01002, 0x01806, 0x00c0c, 0x007f8, 0x00000, 0x00000, 0x00000, 0x00000, 0x00000, 0x00000, 0x00000 }, 15 },  // $44 D
    { { 0x00000, 0x02001, 0x03fff, 0x02041, 0x02041, 0x02041, 0x02041, 0x021f1, 0x02001, 0x02001, 0x03807, 0x00000, 0x00000, 0x00000, 0x00000, 0x00000, 0x00000, 0x00000, 0x00000, 0x00000 }, 15 },  // $45 E
    { { 0x00000, 0x02001, 0x03fff, 0x02041, 0x02041, 0x00041, 0x00041, 0x001f1, 0x00001, 0x00001, 0x00007, 0x00000, 0x00000, 0x00000, 0x00000, 0x00000, 0x00000, 0x00000, 0x00000, 0x00000 }, 15 },  // $46 F
    { { 0x00000, 0x00ffc, 0x01806, 0x01002, 0x02001, 0x02001, 0x02001, 0x02001, 0x02081, 0x01082, 0x01f87, 0x00080, 0x00080, 0x00000, 0x00000, 0x00000, 0x00000, 0x00000, 0x00000, 0x00000 }, 14 },  // $47 G
    { { 0x00000, 0x02001, 0x03fff, 0x02041, 0x00040, 0x00040, 0x00040, 0x00040, 0x00040, 0x00040, 0x02041, 0x03fff, 0x02001, 0x00000, 0x00000, 0x00000, 0x00000, 0x00000, 0x00000, 0x00000 }, 15 },  // $48 H
    { { 0x00000, 0x02001, 0x02001, 0x03fff, 0x02001, 0x02001, 0x00000, 0x00000, 0x00000, 0x00000, 0x00000, 0x00000, 0x00000, 0x00000, 0x00000, 0x00000, 0x00000, 0x00000, 0x00000, 0x00000 }, 9 },  // $49 I
    { { 0x00000, 0x00000, 0x01e00, 0x01000, 0x02000, 0x02000, 0x02001, 0x01001, 0x01fff, 0x00001, 0x00001, 0x00000, 0x00000, 0x00000, 0x00000, 0x00000, 0x00000, 0x00000, 0x00000, 0x00000 }, 13 },  // $4A J
    { { 0x00000, 0x02001, 0x03fff, 0x02081, 0x00140, 0x00220, 0x00410, 0x00808, 0x01005, 0x02003, 0x02001, 0x00000, 0x00000, 0x00000, 0x00000, 0x00000, 0x00000, 0x00000, 0x00000, 0x00000 }, 12 },  // $4B K
    { { 0x00000, 0x00001, 0x03fff, 0x02001, 0x02000, 0x02000, 0x02000, 0x02000, 0x02000, 0x02000, 0x03c00, 0x00000, 0x00000, 0x00000, 0x00000, 0x00000, 0x00000, 0x00000, 0x00000, 0x00000 }, 13 },  // $4C L
    { { 0x00000, 0x00000, 0x02001, 0x03fff, 0x02006, 0x00018, 0x00060, 0x00180, 0x00060, 0x00018, 0x02006, 0x03fff, 0x02001, 0x00000, 0x00000, 0x00000, 0x00000, 0x00000, 0x00000, 0x00000 }, 17 },  // $4D M
    { { 0x00000, 0x00000, 0x02001, 0x03fff, 0x02002, 0x0000c, 0x00030, 0x000c0, 0x00300, 0x00c00, 0x01001, 0x03fff, 0x02001, 0x00000, 0x00000, 0x00000, 0x00000, 0x00000, 0x00000, 0x00000 }, 16 },  // $4E N
    { { 0x00000, 0x001fc, 0x00202, 0x00202, 0x00401, 0x00401, 0x00401, 0x00401, 0x00401, 0x00401, 0x00202, 0x00202, 0x001fc, 0x00000, 0x00000, 0x00000, 0x00000, 0x00000, 0x00000, 0x00000 }, 15 },  // $4F O
    { { 0x00000, 0x02001, 0x03fff, 0x02081, 0x00081, 0x00081, 0x00081, 0x00081, 0x00042, 0x00066, 0x0003c, 0x00000, 0x00000, 0x00000, 0x00000, 0x00000, 0x00000, 0x00000, 0x00000, 0x00000 }, 13 },  // $50 P
    { { 0x00000, 0x00ffc, 0x01806, 0x01002, 0x02001, 0x02001, 0x02201, 0x02201, 0x02201, 0x02c01, 0x01002, 0x03806, 0x02ffc, 0x02000, 0x02000, 0x00000, 0x00000, 0x00000, 0x00000, 0x00000 }, 16 },  // $51 Q
    { { 0x00000, 0x02001, 0x03fff, 0x02081, 0x00081, 0x00081, 0x00081, 0x00381, 0x00c81, 0x03042, 0x02066, 0x0203c, 0x00000, 0x00000, 0x00000, 0x00000, 0x00000, 0x00000, 0x00000, 0x00000 }, 15 },  // $52 R
    { { 0x00000, 0x03c1c, 0x01836, 0x01022, 0x02041, 0x02041, 0x02041, 0x01082, 0x01986, 0x00f0f, 0x00000, 0x00000, 0x00000, 0x00000, 0x00000, 0x00000, 0x00000, 0x00000, 0x00000, 0x00000 }, 12 },  // $53 S
    { { 0x00000, 0x00007, 0x00001, 0x00001, 0x00001, 0x02001, 0x03fff, 0x02001, 0x00001, 0x00001, 0x00001, 0x00007, 0x00000, 0x00000, 0x00000, 0x00000, 0x00000, 0x00000, 0x00000, 0x00000 }, 14 },  // $54 T
    { { 0x00000, 0x00000, 0x00001, 0x00fff, 0x01801, 0x01000, 0x02000, 0x02000, 0x02000, 0x01000, 0x01801, 0x00fff, 0x00001, 0x00000, 0x00000, 0x00000, 0x00000, 0x00000, 0x00000, 0x00000 }, 15 },  // $55 U
    { { 0x00000, 0x00000, 0x00001, 0x0000f, 0x00031, 0x000c0, 0x00300, 0x00c00, 0x03000, 0x00c00, 0x00300, 0x000c0, 0x00031, 0x0000f, 0x00001, 0x00000, 0x00000, 0x00000, 0x00000, 0x00000 }, 16 },  // $56 V
    { { 0x00000, 0x00001, 0x0001f, 0x000e1, 0x00700, 0x03800, 0x00600, 0x00180, 0x00060, 0x00180, 0x00600, 0x03800, 0x00700, 0x000e1, 0x0001f, 0x00001, 0x00000, 0x00000, 0x00000, 0x00000 }, 17 },  // $57 W
    { { 0x00000, 0x02001, 0x03003, 0x00c0c, 0x00330, 0x000c0, 0x00330, 0x00c0c, 0x03003, 0x02001, 0x00000, 0x00000, 0x00000, 0x00000, 0x00000, 0x00000, 0x00000, 0x00000, 0x00000, 0x00000 }, 11 },  // $58 X
    { { 0x00000, 0x00001, 0x00003, 0x0000d, 0x00030, 0x020c0, 0x03f00, 0x020c0, 0x00030, 0x0000d, 0x00003, 0x00001, 0x00000, 0x00000, 0x00000, 0x00000, 0x00000, 0x00000, 0x00000, 0x00000 }, 14 },  // $59 Y
    { { 0x00000, 0x00000, 0x03007, 0x02c01, 0x02301, 0x020c1, 0x02031, 0x0200d, 0x03803, 0x00000, 0x00000, 0x00000, 0x00000, 0x00000, 0x00000, 0x00000, 0x00000, 0x00000, 0x00000, 0x00000 }, 11 },  // $5A Z
    { { 0x00000, 0x00000, 0x00000, 0x03fff, 0x02001, 0x02001, 0x02001, 0x02001, 0x02001, 0x00000, 0x00000, 0x00000, 0x00000, 0x00000, 0x00000, 0x00000, 0x00000, 0x00000, 0x00000, 0x00000 }, 12 },  // $5B [
    { { 0x00000, 0x00000, 0x00003, 0x0000c, 0x00030, 0x000c0, 0x00300, 0x00c00, 0x03000, 0x00000, 0x00000, 0x00000, 0x00000, 0x00000, 0x00000, 0x00000, 0x00000, 0x00000, 0x00000, 0x00000 }, 12 },  // $5C (backslash)
    { { 0x00000, 0x00000, 0x00000, 0x02001, 0x02001, 0x02001, 0x02001, 0x02001, 0x03fff, 0x00000, 0x00000, 0x00000, 0x00000, 0x00000, 0x00000, 0x00000, 0x00000, 0x00000, 0x00000, 0x00000 }, 12 },  // $5D ]
    { { 0x00000, 0x00000, 0x00000, 0x00004, 0x00002, 0x00001, 0x00002, 0x00004, 0x00000, 0x00000, 0x00000, 0x00000, 0x00000, 0x00000, 0x00000, 0x00000, 0x00000, 0x00000, 0x00000, 0x00000 }, 12 },  // $5E ^
    { { 0x10000, 0x10000, 0x10000, 0x10000, 0x10000, 0x10000, 0x10000, 0x10000, 0x10000, 0x10000, 0x10000, 0x10000, 0x10000, 0x10000, 0x10000, 0x10000, 0x10000, 0x00000, 0x00000, 0x00000 }, 17 },  // $5F _
    { { 0x00000, 0x00000, 0x00003, 0x0000c, 0x00030, 0x00000, 0x00000, 0x00000, 0x00000, 0x00000, 0x00000, 0x00000, 0x00000, 0x00000, 0x00000, 0x00000, 0x00000, 0x00000, 0x00000, 0x00000 }, 7 },  // $60 `
    { { 0x00000, 0x01e00, 0x01200, 0x02110, 0x02110, 0x02110, 0x02110, 0x01120, 0x01fe0, 0x02000, 0x00000, 0x00000, 0x00000, 0x00000, 0x00000, 0x00000, 0x00000, 0x00000, 0x00000, 0x00000 }, 12 },  // $61 a
    { { 0x00000, 0x03fff, 0x01020, 0x02010, 0x02010, 0x02010, 0x02010, 0x01020, 0x01fe0, 0x00000, 0x00000, 0x00000, 0x00000, 0x00000, 0x00000, 0x00000, 0x00000, 0x00000, 0x00000, 0x00000 }, 11 },  // $62 b
    { { 0x00000, 0x00fc0, 0x01020, 0x02010, 0x02010, 0x02010, 0x01020, 0x01860, 0x00000, 0x00000, 0x00000, 0x00000, 0x00000, 0x00000, 0x00000, 0x00000, 0x00000, 0x00000, 0x00000, 0x00000 }, 10 },  // $63 c
    { { 0x00000, 0x01fe0, 0x01020, 0x02010, 0x02010, 0x02010, 0x02010, 0x01020, 0x03fff, 0x00000, 0x00000, 0x00000, 0x00000, 0x00000, 0x00000, 0x00000, 0x00000, 0x00000, 0x00000, 0x00000 }, 12 },  // $64 d
    { { 0x00000, 0x01fe0, 0x01120, 0x02110, 0x02110, 0x02110, 0x02110, 0x01120, 0x011e0, 0x00000, 0x00000, 0x00000, 0x00000, 0x00000, 0x00000, 0x00000, 0x00000, 0x00000, 0x00000, 0x00000 }, 12 },  // $65 e
    { { 0x00000, 0x01020, 0x01020, 0x01ffc, 0x01022, 0x01022, 0x01021, 0x00021, 0x00000, 0x00000, 0x00000, 0x00000, 0x00000, 0x00000, 0x00000, 0x00000, 0x00000, 0x00000, 0x00000, 0x00000 }, 10 },  // $66 f
    { { 0x00000, 0x087e0, 0x08420, 0x10810, 0x10810, 0x10810, 0x08810, 0x0c420, 0x07ff0, 0x00000, 0x00000, 0x00000, 0x00000, 0x00000, 0x00000, 0x00000, 0x00000, 0x00000, 0x00000, 0x00000 }, 12 },  // $67 g
    { { 0x00000, 0x03fff, 0x00020, 0x00010, 0x00010, 0x00010, 0x00010, 0x00020, 0x03fe0, 0x00000, 0x00000, 0x00000, 0x00000, 0x00000, 0x00000, 0x00000, 0x00000, 0x00000, 0x00000, 0x00000 }, 12 },  // $68 h
    { { 0x00000, 0x02000, 0x02011, 0x03ff2, 0x02000, 0x02000, 0x00000, 0x00000, 0x00000, 0x00000, 0x00000, 0x00000, 0x00000, 0x00000, 0x00000, 0x00000, 0x00000, 0x00000, 0x00000, 0x00000 }, 8 },  // $69 i
    { { 0x00000, 0x06000, 0x08000, 0x08001, 0x07ff2, 0x00000, 0x00000, 0x00000, 0x00000, 0x00000, 0x00000, 0x00000, 0x00000, 0x00000, 0x00000, 0x00000, 0x00000, 0x00000, 0x00000, 0x00000 }, 6 },  // $6A j
    { { 0x00000, 0x03fff, 0x00400, 0x00200, 0x00300, 0x00480, 0x00840, 0x01020, 0x02010, 0x00000, 0x00000, 0x00000, 0x00000, 0x00000, 0x00000, 0x00000, 0x00000, 0x00000, 0x00000, 0x00000 }, 10 },  // $6B k
    { { 0x00000, 0x02001, 0x02001, 0x03fff, 0x02000, 0x02000, 0x00000, 0x00000, 0x00000, 0x00000, 0x00000, 0x00000, 0x00000, 0x00000, 0x00000, 0x00000, 0x00000, 0x00000, 0x00000, 0x00000 }, 8 },  // $6C l
    { { 0x00000, 0x00000, 0x03ff0, 0x00020, 0x00010, 0x00010, 0x00020, 0x03fe0, 0x00020, 0x00010, 0x00010, 0x00020, 0x03fe0, 0x00000, 0x00000, 0x00000, 0x00000, 0x00000, 0x00000, 0x00000 }, 16 },  // $6D m
    { { 0x00000, 0x03ff0, 0x00020, 0x00010, 0x00010, 0x00010, 0x00010, 0x00010, 0x00020, 0x03fe0, 0x00000, 0x00000, 0x00000, 0x00000, 0x00000, 0x00000, 0x00000, 0x00000, 0x00000, 0x00000 }, 12 },  // $6E n
    { { 0x00000, 0x01fe0, 0x01020, 0x02010, 0x02010, 0x02010, 0x02010, 0x02010, 0x01020, 0x01fe0, 0x00000, 0x00000, 0x00000, 0x00000, 0x00000, 0x00000, 0x00000, 0x00000, 0x00000, 0x00000 }, 12 },  // $6F o
    { { 0x00000, 0x1fff0, 0x00c60, 0x00820, 0x01010, 0x01010, 0x01010, 0x00820, 0x00c60, 0x007c0, 0x00000, 0x00000, 0x00000, 0x00000, 0x00000, 0x00000, 0x00000, 0x00000, 0x00000, 0x00000 }, 12 },  // $70 p
    { { 0x00000, 0x007c0, 0x00c60, 0x00820, 0x01010, 0x01010, 0x01010, 0x00820, 0x00c60, 0x1fff0, 0x00000, 0x00000, 0x00000, 0x00000, 0x00000, 0x00000, 0x00000, 0x00000, 0x00000, 0x00000 }, 12 },  // $71 q
    { { 0x00000, 0x03ff0, 0x00060, 0x00020, 0x00010, 0x00010, 0x00010, 0x00020, 0x00000, 0x00000, 0x00000, 0x00000, 0x00000, 0x00000, 0x00000, 0x00000, 0x00000, 0x00000, 0x00000, 0x00000 }, 10 },  // $72 r
    { { 0x00000, 0x038e0, 0x010a0, 0x02110, 0x02110, 0x02110, 0x02110, 0x02110, 0x01220, 0x01e70, 0x00000, 0x00000, 0x00000, 0x00000, 0x00000, 0x00000, 0x00000, 0x00000, 0x00000, 0x00000 }, 12 },  // $73 s
    { { 0x00000, 0x00010, 0x00010, 0x01ffe, 0x01010, 0x02010, 0x02010, 0x02010, 0x00000, 0x00000, 0x00000, 0x00000, 0x00000, 0x00000, 0x00000, 0x00000, 0x00000, 0x00000, 0x00000, 0x00000 }, 10 },  // $74 t
    { { 0x00000, 0x01ff0, 0x01000, 0x02000, 0x02000, 0x02000, 0x02000, 0x02000, 0x01000, 0x03ff0, 0x00000, 0x00000, 0x00000, 0x00000, 0x00000, 0x00000, 0x00000, 0x00000, 0x00000, 0x00000 }, 12 },  // $75 u
    { { 0x00000, 0x00030, 0x000d0, 0x00300, 0x00c00, 0x03000, 0x00c00, 0x00300, 0x000d0, 0x00030, 0x00000, 0x00000, 0x00000, 0x00000, 0x00000, 0x00000, 0x00000, 0x00000, 0x00000, 0x00000 }, 12 },  // $76 v
    { { 0x00000, 0x000f0, 0x00710, 0x03800, 0x00400, 0x00200, 0x00100, 0x00080, 0x00100, 0x00200, 0x00400, 0x03800, 0x00710, 0x000f0, 0x00000, 0x00000, 0x00000, 0x00000, 0x00000, 0x00000 }, 16 },  // $77 w
    { { 0x00000, 0x03030, 0x02850, 0x00480, 0x00300, 0x00480, 0x02850, 0x03030, 0x00000, 0x00000, 0x00000, 0x00000, 0x00000, 0x00000, 0x00000, 0x00000, 0x00000, 0x00000, 0x00000, 0x00000 }, 12 },  // $78 x
    { { 0x00000, 0x00030, 0x180d0, 0x06300, 0x01c00, 0x00c00, 0x00300, 0x000d0, 0x00030, 0x00000, 0x00000, 0x00000, 0x00000, 0x00000, 0x00000, 0x00000, 0x00000, 0x00000, 0x00000, 0x00000 }, 12 },  // $79 y
    { { 0x00000, 0x03070, 0x02810, 0x02410, 0x02310, 0x02090, 0x02050, 0x03830, 0x00000, 0x00000, 0x00000, 0x00000, 0x00000, 0x00000, 0x00000, 0x00000, 0x00000, 0x00000, 0x00000, 0x00000 }, 10 },  // $7A z
    { { 0x00000, 0x00040, 0x00040, 0x01fbe, 0x02001, 0x02001, 0x02001, 0x00000, 0x00000, 0x00000, 0x00000, 0x00000, 0x00000, 0x00000, 0x00000, 0x00000, 0x00000, 0x00000, 0x00000, 0x00000 }, 10 },  // $7B {
    { { 0x00000, 0x00000, 0x03fff, 0x00000, 0x00000, 0x00000, 0x00000, 0x00000, 0x00000, 0x00000, 0x00000, 0x00000, 0x00000, 0x00000, 0x00000, 0x00000, 0x00000, 0x00000, 0x00000, 0x00000 }, 7 },  // $7C |
    { { 0x00000, 0x02001, 0x02001, 0x02001, 0x01fbe, 0x00040, 0x00040, 0x00000, 0x00000, 0x00000, 0x00000, 0x00000, 0x00000, 0x00000, 0x00000, 0x00000, 0x00000, 0x00000, 0x00000, 0x00000 }, 10 },  // $7D }
    { { 0x00004, 0x00002, 0x00001, 0x00001, 0x00001, 0x00002, 0x00004, 0x00004, 0x00004, 0x00002, 0x00001, 0x00000, 0x00000, 0x00000, 0x00000, 0x00000, 0x00000, 0x00000, 0x00000, 0x00000 }, 13 },  // $7E ~
};
inline constexpr IwOverride kIw2NlqPropOverrides[] = {
    { IwLocale::UK, 0x23, { { 0x00000, 0x00800, 0x01440, 0x01440, 0x00ffe, 0x00441, 0x00841, 0x00841, 0x01046, 0x01000, 0x00000, 0x00000, 0x00000, 0x00000, 0x00000, 0x00000, 0x00000, 0x00000, 0x00000, 0x00000 }, 12 } },
    { IwLocale::UK, 0x40, { { 0x00000, 0x00000, 0x0003c, 0x01f06, 0x01082, 0x02041, 0x02041, 0x02041, 0x03f81, 0x02001, 0x02002, 0x01006, 0x01ffc, 0x00000, 0x00000, 0x00000, 0x00000, 0x00000, 0x00000, 0x00000 }, 14 } },
    { IwLocale::UK, 0x5B, { { 0x00000, 0x00000, 0x00000, 0x03fff, 0x02001, 0x02001, 0x02001, 0x02001, 0x02001, 0x00000, 0x00000, 0x00000, 0x00000, 0x00000, 0x00000, 0x00000, 0x00000, 0x00000, 0x00000, 0x00000 }, 12 } },
    { IwLocale::UK, 0x5C, { { 0x00000, 0x00000, 0x00003, 0x0000c, 0x00030, 0x000c0, 0x00300, 0x00c00, 0x03000, 0x00000, 0x00000, 0x00000, 0x00000, 0x00000, 0x00000, 0x00000, 0x00000, 0x00000, 0x00000, 0x00000 }, 12 } },
    { IwLocale::UK, 0x5D, { { 0x00000, 0x00000, 0x00000, 0x02001, 0x02001, 0x02001, 0x02001, 0x02001, 0x03fff, 0x00000, 0x00000, 0x00000, 0x00000, 0x00000, 0x00000, 0x00000, 0x00000, 0x00000, 0x00000, 0x00000 }, 12 } },
    { IwLocale::UK, 0x60, { { 0x00000, 0x00000, 0x00003, 0x0000c, 0x00030, 0x00000, 0x00000, 0x00000, 0x00000, 0x00000, 0x00000, 0x00000, 0x00000, 0x00000, 0x00000, 0x00000, 0x00000, 0x00000, 0x00000, 0x00000 }, 7 } },
    { IwLocale::UK, 0x7B, { { 0x00000, 0x00040, 0x00040, 0x01fbe, 0x02001, 0x02001, 0x02001, 0x00000, 0x00000, 0x00000, 0x00000, 0x00000, 0x00000, 0x00000, 0x00000, 0x00000, 0x00000, 0x00000, 0x00000, 0x00000 }, 10 } },
    { IwLocale::UK, 0x7C, { { 0x00000, 0x00000, 0x03fff, 0x00000, 0x00000, 0x00000, 0x00000, 0x00000, 0x00000, 0x00000, 0x00000, 0x00000, 0x00000, 0x00000, 0x00000, 0x00000, 0x00000, 0x00000, 0x00000, 0x00000 }, 7 } },
    { IwLocale::UK, 0x7D, { { 0x00000, 0x02001, 0x02001, 0x02001, 0x01fbe, 0x00040, 0x00040, 0x00000, 0x00000, 0x00000, 0x00000, 0x00000, 0x00000, 0x00000, 0x00000, 0x00000, 0x00000, 0x00000, 0x00000, 0x00000 }, 10 } },
    { IwLocale::UK, 0x7E, { { 0x00004, 0x00002, 0x00001, 0x00001, 0x00001, 0x00002, 0x00004, 0x00004, 0x00004, 0x00002, 0x00001, 0x00000, 0x00000, 0x00000, 0x00000, 0x00000, 0x00000, 0x00000, 0x00000, 0x00000 }, 13 } },
    { IwLocale::FR, 0x23, { { 0x00000, 0x00800, 0x01440, 0x01440, 0x00ffe, 0x00441, 0x00841, 0x00841, 0x01046, 0x01000, 0x00000, 0x00000, 0x00000, 0x00000, 0x00000, 0x00000, 0x00000, 0x00000, 0x00000, 0x00000 }, 12 } },
    { IwLocale::FR, 0x40, { { 0x00000, 0x00c00, 0x01200, 0x02110, 0x02111, 0x02112, 0x02114, 0x01120, 0x01fc0, 0x02000, 0x00000, 0x00000, 0x00000, 0x00000, 0x00000, 0x00000, 0x00000, 0x00000, 0x00000, 0x00000 }, 12 } },
    { IwLocale::FR, 0x5B, { { 0x00000, 0x00000, 0x00000, 0x0000e, 0x00011, 0x00011, 0x00011, 0x0000e, 0x00000, 0x00000, 0x00000, 0x00000, 0x00000, 0x00000, 0x00000, 0x00000, 0x00000, 0x00000, 0x00000, 0x00000 }, 13 } },
    { IwLocale::FR, 0x5C, { { 0x00000, 0x10fe0, 0x10820, 0x11010, 0x0f010, 0x01010, 0x00820, 0x00c60, 0x00000, 0x00000, 0x00000, 0x00000, 0x00000, 0x00000, 0x00000, 0x00000, 0x00000, 0x00000, 0x00000, 0x00000 }, 10 } },
    { IwLocale::FR, 0x5D, { { 0x00000, 0x00000, 0x00c44, 0x010aa, 0x02111, 0x02111, 0x02111, 0x012a2, 0x00c44, 0x00000, 0x00000, 0x00000, 0x00000, 0x00000, 0x00000, 0x00000, 0x00000, 0x00000, 0x00000, 0x00000 }, 12 } },
    { IwLocale::FR, 0x60, { { 0x00000, 0x00000, 0x00003, 0x0000c, 0x00030, 0x00000, 0x00000, 0x00000, 0x00000, 0x00000, 0x00000, 0x00000, 0x00000, 0x00000, 0x00000, 0x00000, 0x00000, 0x00000, 0x00000, 0x00000 }, 7 } },
    { IwLocale::FR, 0x7B, { { 0x00000, 0x00000, 0x01fe0, 0x01120, 0x02114, 0x02112, 0x02111, 0x01120, 0x011e0, 0x00000, 0x00000, 0x00000, 0x00000, 0x00000, 0x00000, 0x00000, 0x00000, 0x00000, 0x00000, 0x00000 }, 12 } },
    { IwLocale::FR, 0x7C, { { 0x00000, 0x00ff0, 0x01000, 0x02000, 0x02001, 0x02002, 0x02004, 0x02000, 0x01000, 0x01ff0, 0x02000, 0x00000, 0x00000, 0x00000, 0x00000, 0x00000, 0x00000, 0x00000, 0x00000, 0x00000 }, 12 } },
    { IwLocale::FR, 0x7D, { { 0x00000, 0x01fe0, 0x01120, 0x02111, 0x02112, 0x02114, 0x02110, 0x01120, 0x011e0, 0x00000, 0x00000, 0x00000, 0x00000, 0x00000, 0x00000, 0x00000, 0x00000, 0x00000, 0x00000, 0x00000 }, 12 } },
    { IwLocale::FR, 0x7E, { { 0x00000, 0x00ff0, 0x01003, 0x02003, 0x02000, 0x02000, 0x02000, 0x02003, 0x01003, 0x01ff0, 0x02000, 0x00000, 0x00000, 0x00000, 0x00000, 0x00000, 0x00000, 0x00000, 0x00000, 0x00000 }, 12 } },
    { IwLocale::DE, 0x23, { { 0x00000, 0x00000, 0x00210, 0x00210, 0x03fff, 0x00210, 0x00210, 0x00210, 0x00210, 0x03fff, 0x00210, 0x00210, 0x00000, 0x00000, 0x00000, 0x00000, 0x00000, 0x00000, 0x00000, 0x00000 }, 14 } },
    { IwLocale::DE, 0x40, { { 0x00000, 0x00000, 0x00c44, 0x010aa, 0x02111, 0x02111, 0x02111, 0x012a2, 0x00c44, 0x00000, 0x00000, 0x00000, 0x00000, 0x00000, 0x00000, 0x00000, 0x00000, 0x00000, 0x00000, 0x00000 }, 12 } },
    { IwLocale::DE, 0x5B, { { 0x00000, 0x02000, 0x03800, 0x02603, 0x00383, 0x00260, 0x00218, 0x00204, 0x00218, 0x00260, 0x00383, 0x02603, 0x03800, 0x02000, 0x00000, 0x00000, 0x00000, 0x00000, 0x00000, 0x00000 }, 16 } },
    { IwLocale::DE, 0x5C, { { 0x00000, 0x00fe0, 0x01833, 0x01013, 0x02008, 0x02008, 0x02008, 0x02008, 0x02008, 0x02008, 0x01013, 0x01833, 0x00fe0, 0x00000, 0x00000, 0x00000, 0x00000, 0x00000, 0x00000, 0x00000 }, 15 } },
    { IwLocale::DE, 0x5D, { { 0x00000, 0x00010, 0x00ff3, 0x01813, 0x01000, 0x02000, 0x02000, 0x02000, 0x02000, 0x01000, 0x01813, 0x00ff3, 0x00010, 0x00000, 0x00000, 0x00000, 0x00000, 0x00000, 0x00000, 0x00000 }, 15 } },
    { IwLocale::DE, 0x60, { { 0x00000, 0x00000, 0x00003, 0x0000c, 0x00030, 0x00000, 0x00000, 0x00000, 0x00000, 0x00000, 0x00000, 0x00000, 0x00000, 0x00000, 0x00000, 0x00000, 0x00000, 0x00000, 0x00000, 0x00000 }, 7 } },
    { IwLocale::DE, 0x7B, { { 0x00000, 0x00c00, 0x01203, 0x02113, 0x02110, 0x02110, 0x02110, 0x01123, 0x01fc3, 0x02000, 0x00000, 0x00000, 0x00000, 0x00000, 0x00000, 0x00000, 0x00000, 0x00000, 0x00000, 0x00000 }, 12 } },
    { IwLocale::DE, 0x7C, { { 0x00000, 0x00000, 0x01fe3, 0x01023, 0x02010, 0x02010, 0x02010, 0x01023, 0x01fe3, 0x00000, 0x00000, 0x00000, 0x00000, 0x00000, 0x00000, 0x00000, 0x00000, 0x00000, 0x00000, 0x00000 }, 12 } },
    { IwLocale::DE, 0x7D, { { 0x00000, 0x00ff0, 0x01003, 0x02003, 0x02000, 0x02000, 0x02000, 0x02003, 0x01003, 0x01ff0, 0x02000, 0x00000, 0x00000, 0x00000, 0x00000, 0x00000, 0x00000, 0x00000, 0x00000, 0x00000 }, 12 } },
    { IwLocale::DE, 0x7E, { { 0x00000, 0x02000, 0x01000, 0x00ffe, 0x00812, 0x00811, 0x00811, 0x00811, 0x0042a, 0x0066e, 0x003c0, 0x00000, 0x00000, 0x00000, 0x00000, 0x00000, 0x00000, 0x00000, 0x00000, 0x00000 }, 14 } },
    { IwLocale::IT, 0x23, { { 0x00000, 0x00800, 0x01440, 0x01440, 0x00ffe, 0x00441, 0x00841, 0x00841, 0x01046, 0x01000, 0x00000, 0x00000, 0x00000, 0x00000, 0x00000, 0x00000, 0x00000, 0x00000, 0x00000, 0x00000 }, 12 } },
    { IwLocale::IT, 0x40, { { 0x00000, 0x00000, 0x00c44, 0x010aa, 0x02111, 0x02111, 0x02111, 0x012a2, 0x00c44, 0x00000, 0x00000, 0x00000, 0x00000, 0x00000, 0x00000, 0x00000, 0x00000, 0x00000, 0x00000, 0x00000 }, 12 } },
    { IwLocale::IT, 0x5B, { { 0x00000, 0x00000, 0x00000, 0x0000e, 0x00011, 0x00011, 0x00011, 0x0000e, 0x00000, 0x00000, 0x00000, 0x00000, 0x00000, 0x00000, 0x00000, 0x00000, 0x00000, 0x00000, 0x00000, 0x00000 }, 13 } },
    { IwLocale::IT, 0x5C, { { 0x00000, 0x10fe0, 0x10820, 0x11010, 0x0f010, 0x01010, 0x00820, 0x00c60, 0x00000, 0x00000, 0x00000, 0x00000, 0x00000, 0x00000, 0x00000, 0x00000, 0x00000, 0x00000, 0x00000, 0x00000 }, 10 } },
    { IwLocale::IT, 0x5D, { { 0x00000, 0x00000, 0x01fe0, 0x01120, 0x02114, 0x02112, 0x02111, 0x01120, 0x011e0, 0x00000, 0x00000, 0x00000, 0x00000, 0x00000, 0x00000, 0x00000, 0x00000, 0x00000, 0x00000, 0x00000 }, 12 } },
    { IwLocale::IT, 0x60, { { 0x00000, 0x00ff0, 0x01000, 0x02000, 0x02001, 0x02002, 0x02004, 0x02000, 0x01000, 0x01ff0, 0x02000, 0x00000, 0x00000, 0x00000, 0x00000, 0x00000, 0x00000, 0x00000, 0x00000, 0x00000 }, 12 } },
    { IwLocale::IT, 0x7B, { { 0x00000, 0x00c00, 0x01200, 0x02110, 0x02111, 0x02112, 0x02114, 0x01120, 0x01fc0, 0x02000, 0x00000, 0x00000, 0x00000, 0x00000, 0x00000, 0x00000, 0x00000, 0x00000, 0x00000, 0x00000 }, 12 } },
    { IwLocale::IT, 0x7C, { { 0x00000, 0x01fe0, 0x01020, 0x02010, 0x02011, 0x02012, 0x02014, 0x02010, 0x01020, 0x01fe0, 0x00000, 0x00000, 0x00000, 0x00000, 0x00000, 0x00000, 0x00000, 0x00000, 0x00000, 0x00000 }, 12 } },
    { IwLocale::IT, 0x7D, { { 0x00000, 0x01fe0, 0x01120, 0x02111, 0x02112, 0x02114, 0x02110, 0x01120, 0x011e0, 0x00000, 0x00000, 0x00000, 0x00000, 0x00000, 0x00000, 0x00000, 0x00000, 0x00000, 0x00000, 0x00000 }, 12 } },
    { IwLocale::IT, 0x7E, { { 0x00000, 0x02021, 0x02022, 0x03fe4, 0x02000, 0x02000, 0x00000, 0x00000, 0x00000, 0x00000, 0x00000, 0x00000, 0x00000, 0x00000, 0x00000, 0x00000, 0x00000, 0x00000, 0x00000, 0x00000 }, 8 } },
    { IwLocale::SE, 0x23, { { 0x00000, 0x00000, 0x00210, 0x00210, 0x03fff, 0x00210, 0x00210, 0x00210, 0x00210, 0x03fff, 0x00210, 0x00210, 0x00000, 0x00000, 0x00000, 0x00000, 0x00000, 0x00000, 0x00000, 0x00000 }, 14 } },
    { IwLocale::SE, 0x40, { { 0x00000, 0x00000, 0x0003c, 0x01f06, 0x01082, 0x02041, 0x02041, 0x02041, 0x03f81, 0x02001, 0x02002, 0x01006, 0x01ffc, 0x00000, 0x00000, 0x00000, 0x00000, 0x00000, 0x00000, 0x00000 }, 14 } },
    { IwLocale::SE, 0x5B, { { 0x00000, 0x02000, 0x03800, 0x02603, 0x00383, 0x00260, 0x00218, 0x00204, 0x00218, 0x00260, 0x00383, 0x02603, 0x03800, 0x02000, 0x00000, 0x00000, 0x00000, 0x00000, 0x00000, 0x00000 }, 16 } },
    { IwLocale::SE, 0x5C, { { 0x00000, 0x00fe0, 0x01833, 0x01013, 0x02008, 0x02008, 0x02008, 0x02008, 0x02008, 0x02008, 0x01013, 0x01833, 0x00fe0, 0x00000, 0x00000, 0x00000, 0x00000, 0x00000, 0x00000, 0x00000 }, 15 } },
    { IwLocale::SE, 0x5D, { { 0x00000, 0x02000, 0x03c00, 0x02300, 0x00280, 0x0026e, 0x00211, 0x00211, 0x00211, 0x0026e, 0x00280, 0x02300, 0x03c00, 0x02000, 0x00000, 0x00000, 0x00000, 0x00000, 0x00000, 0x00000 }, 16 } },
    { IwLocale::SE, 0x60, { { 0x00000, 0x00000, 0x00003, 0x0000c, 0x00030, 0x00000, 0x00000, 0x00000, 0x00000, 0x00000, 0x00000, 0x00000, 0x00000, 0x00000, 0x00000, 0x00000, 0x00000, 0x00000, 0x00000, 0x00000 }, 7 } },
    { IwLocale::SE, 0x7B, { { 0x00000, 0x00c00, 0x01203, 0x02113, 0x02110, 0x02110, 0x02110, 0x01123, 0x01fc3, 0x02000, 0x00000, 0x00000, 0x00000, 0x00000, 0x00000, 0x00000, 0x00000, 0x00000, 0x00000, 0x00000 }, 12 } },
    { IwLocale::SE, 0x7C, { { 0x00000, 0x00000, 0x01fe3, 0x01023, 0x02010, 0x02010, 0x02010, 0x01023, 0x01fe3, 0x00000, 0x00000, 0x00000, 0x00000, 0x00000, 0x00000, 0x00000, 0x00000, 0x00000, 0x00000, 0x00000 }, 12 } },
    { IwLocale::SE, 0x7D, { { 0x00000, 0x00c00, 0x01200, 0x0212e, 0x02131, 0x02131, 0x02131, 0x0114e, 0x01f80, 0x02000, 0x00000, 0x00000, 0x00000, 0x00000, 0x00000, 0x00000, 0x00000, 0x00000, 0x00000, 0x00000 }, 12 } },
    { IwLocale::SE, 0x7E, { { 0x00004, 0x00002, 0x00001, 0x00001, 0x00001, 0x00002, 0x00004, 0x00004, 0x00004, 0x00002, 0x00001, 0x00000, 0x00000, 0x00000, 0x00000, 0x00000, 0x00000, 0x00000, 0x00000, 0x00000 }, 13 } },
    { IwLocale::ES, 0x23, { { 0x00000, 0x00800, 0x01440, 0x01440, 0x00ffe, 0x00441, 0x00841, 0x00841, 0x01046, 0x01000, 0x00000, 0x00000, 0x00000, 0x00000, 0x00000, 0x00000, 0x00000, 0x00000, 0x00000, 0x00000 }, 12 } },
    { IwLocale::ES, 0x40, { { 0x00000, 0x00000, 0x00c44, 0x010aa, 0x02111, 0x02111, 0x02111, 0x012a2, 0x00c44, 0x00000, 0x00000, 0x00000, 0x00000, 0x00000, 0x00000, 0x00000, 0x00000, 0x00000, 0x00000, 0x00000 }, 12 } },
    { IwLocale::ES, 0x5B, { { 0x00000, 0x00000, 0x00010, 0x1ff38, 0x00010, 0x00000, 0x00000, 0x00000, 0x00000, 0x00000, 0x00000, 0x00000, 0x00000, 0x00000, 0x00000, 0x00000, 0x00000, 0x00000, 0x00000, 0x00000 }, 7 } },
    { IwLocale::ES, 0x5C, { { 0x00000, 0x00000, 0x02014, 0x03ff2, 0x02031, 0x00041, 0x00081, 0x00102, 0x00204, 0x00404, 0x02814, 0x03ff2, 0x02011, 0x00000, 0x00000, 0x00000, 0x00000, 0x00000, 0x00000, 0x00000 }, 16 } },
    { IwLocale::ES, 0x5D, { { 0x00000, 0x07000, 0x08800, 0x10410, 0x10338, 0x10010, 0x10000, 0x08000, 0x04000, 0x00000, 0x00000, 0x00000, 0x00000, 0x00000, 0x00000, 0x00000, 0x00000, 0x00000, 0x00000, 0x00000 }, 12 } },
    { IwLocale::ES, 0x60, { { 0x00000, 0x00000, 0x00003, 0x0000c, 0x00030, 0x00000, 0x00000, 0x00000, 0x00000, 0x00000, 0x00000, 0x00000, 0x00000, 0x00000, 0x00000, 0x00000, 0x00000, 0x00000, 0x00000, 0x00000 }, 7 } },
    { IwLocale::ES, 0x7B, { { 0x00000, 0x00000, 0x00000, 0x0000e, 0x00011, 0x00011, 0x00011, 0x0000e, 0x00000, 0x00000, 0x00000, 0x00000, 0x00000, 0x00000, 0x00000, 0x00000, 0x00000, 0x00000, 0x00000, 0x00000 }, 13 } },
    { IwLocale::ES, 0x7C, { { 0x00004, 0x03ff2, 0x00021, 0x00011, 0x00011, 0x00012, 0x00014, 0x00014, 0x00024, 0x03fe2, 0x00001, 0x00000, 0x00000, 0x00000, 0x00000, 0x00000, 0x00000, 0x00000, 0x00000, 0x00000 }, 12 } },
    { IwLocale::ES, 0x7D, { { 0x00000, 0x10fe0, 0x10820, 0x11010, 0x0f010, 0x01010, 0x00820, 0x00c60, 0x00000, 0x00000, 0x00000, 0x00000, 0x00000, 0x00000, 0x00000, 0x00000, 0x00000, 0x00000, 0x00000, 0x00000 }, 10 } },
    { IwLocale::ES, 0x7E, { { 0x00004, 0x00002, 0x00001, 0x00001, 0x00001, 0x00002, 0x00004, 0x00004, 0x00004, 0x00002, 0x00001, 0x00000, 0x00000, 0x00000, 0x00000, 0x00000, 0x00000, 0x00000, 0x00000, 0x00000 }, 13 } },
    { IwLocale::DK, 0x23, { { 0x00000, 0x00000, 0x00210, 0x00210, 0x03fff, 0x00210, 0x00210, 0x00210, 0x00210, 0x03fff, 0x00210, 0x00210, 0x00000, 0x00000, 0x00000, 0x00000, 0x00000, 0x00000, 0x00000, 0x00000 }, 14 } },
    { IwLocale::DK, 0x40, { { 0x00000, 0x00000, 0x0003c, 0x01f06, 0x01082, 0x02041, 0x02041, 0x02041, 0x03f81, 0x02001, 0x02002, 0x01006, 0x01ffc, 0x00000, 0x00000, 0x00000, 0x00000, 0x00000, 0x00000, 0x00000 }, 14 } },
    { IwLocale::DK, 0x5B, { { 0x00000, 0x02000, 0x03fc0, 0x02060, 0x00050, 0x00048, 0x00044, 0x00042, 0x00041, 0x03fff, 0x02041, 0x02041, 0x02041, 0x021f1, 0x02001, 0x02001, 0x03807, 0x00000, 0x00000, 0x00000 }, 19 } },
    { IwLocale::DK, 0x5C, { { 0x00000, 0x00ffc, 0x01402, 0x02301, 0x02081, 0x02061, 0x02011, 0x0100a, 0x00ffc, 0x00000, 0x00000, 0x00000, 0x00000, 0x00000, 0x00000, 0x00000, 0x00000, 0x00000, 0x00000, 0x00000 }, 12 } },
    { IwLocale::DK, 0x5D, { { 0x00000, 0x02000, 0x03c00, 0x02300, 0x00280, 0x0026e, 0x00211, 0x00211, 0x00211, 0x0026e, 0x00280, 0x02300, 0x03c00, 0x02000, 0x00000, 0x00000, 0x00000, 0x00000, 0x00000, 0x00000 }, 16 } },
    { IwLocale::DK, 0x60, { { 0x00000, 0x00000, 0x00003, 0x0000c, 0x00030, 0x00000, 0x00000, 0x00000, 0x00000, 0x00000, 0x00000, 0x00000, 0x00000, 0x00000, 0x00000, 0x00000, 0x00000, 0x00000, 0x00000, 0x00000 }, 7 } },
    { IwLocale::DK, 0x7B, { { 0x01e00, 0x01210, 0x02110, 0x02110, 0x02110, 0x01120, 0x01fe0, 0x01120, 0x02110, 0x02110, 0x02110, 0x01120, 0x011e0, 0x00000, 0x00000, 0x00000, 0x00000, 0x00000, 0x00000, 0x00000 }, 14 } },
    { IwLocale::DK, 0x7C, { { 0x00000, 0x06fc0, 0x01020, 0x02810, 0x02210, 0x02090, 0x02010, 0x01020, 0x00fd8, 0x00000, 0x00000, 0x00000, 0x00000, 0x00000, 0x00000, 0x00000, 0x00000, 0x00000, 0x00000, 0x00000 }, 11 } },
    { IwLocale::DK, 0x7D, { { 0x00000, 0x00c00, 0x01200, 0x0212e, 0x02131, 0x02131, 0x02131, 0x0114e, 0x01f80, 0x02000, 0x00000, 0x00000, 0x00000, 0x00000, 0x00000, 0x00000, 0x00000, 0x00000, 0x00000, 0x00000 }, 12 } },
    { IwLocale::DK, 0x7E, { { 0x00004, 0x00002, 0x00001, 0x00001, 0x00001, 0x00002, 0x00004, 0x00004, 0x00004, 0x00002, 0x00001, 0x00000, 0x00000, 0x00000, 0x00000, 0x00000, 0x00000, 0x00000, 0x00000, 0x00000 }, 13 } },
};
inline constexpr size_t kIw2NlqPropOverridesCount =
    sizeof(kIw2NlqPropOverrides) / sizeof(kIw2NlqPropOverrides[0]);

// ──────────────────────────────────────────────────────────────────────
/// ImageWriter II correspondence fixed (the default face).
inline constexpr IwGlyph kIw2StdFixed[kIwCodeCount] = {
    { { 0x00000, 0x00000, 0x00000, 0x00000, 0x00000, 0x00000, 0x00000, 0x00000, 0x00000, 0x00000, 0x00000, 0x00000, 0x00000, 0x00000, 0x00000, 0x00000, 0x00000, 0x00000, 0x00000, 0x00000 }, 8 },  // $20  
    { { 0x00000, 0x00000, 0x00000, 0x0004f, 0x00000, 0x00000, 0x00000, 0x00000, 0x00000, 0x00000, 0x00000, 0x00000, 0x00000, 0x00000, 0x00000, 0x00000, 0x00000, 0x00000, 0x00000, 0x00000 }, 8 },  // $21 !
    { { 0x00000, 0x00000, 0x00007, 0x00000, 0x00007, 0x00000, 0x00000, 0x00000, 0x00000, 0x00000, 0x00000, 0x00000, 0x00000, 0x00000, 0x00000, 0x00000, 0x00000, 0x00000, 0x00000, 0x00000 }, 8 },  // $22 "
    { { 0x00000, 0x00014, 0x0007f, 0x00014, 0x00014, 0x0007f, 0x00014, 0x00000, 0x00000, 0x00000, 0x00000, 0x00000, 0x00000, 0x00000, 0x00000, 0x00000, 0x00000, 0x00000, 0x00000, 0x00000 }, 8 },  // $23 #
    { { 0x00004, 0x0002a, 0x0002a, 0x0007f, 0x0002a, 0x0002a, 0x00010, 0x00000, 0x00000, 0x00000, 0x00000, 0x00000, 0x00000, 0x00000, 0x00000, 0x00000, 0x00000, 0x00000, 0x00000, 0x00000 }, 8 },  // $24 $
    { { 0x00043, 0x00023, 0x00010, 0x00008, 0x00004, 0x00062, 0x00061, 0x00000, 0x00000, 0x00000, 0x00000, 0x00000, 0x00000, 0x00000, 0x00000, 0x00000, 0x00000, 0x00000, 0x00000, 0x00000 }, 8 },  // $25 %
    { { 0x00030, 0x0004e, 0x00049, 0x00056, 0x00020, 0x00050, 0x00048, 0x00000, 0x00000, 0x00000, 0x00000, 0x00000, 0x00000, 0x00000, 0x00000, 0x00000, 0x00000, 0x00000, 0x00000, 0x00000 }, 8 },  // $26 &
    { { 0x00000, 0x00000, 0x00004, 0x00002, 0x00001, 0x00000, 0x00000, 0x00000, 0x00000, 0x00000, 0x00000, 0x00000, 0x00000, 0x00000, 0x00000, 0x00000, 0x00000, 0x00000, 0x00000, 0x00000 }, 8 },  // $27 '
    { { 0x00000, 0x00000, 0x0001c, 0x00022, 0x00041, 0x00000, 0x00000, 0x00000, 0x00000, 0x00000, 0x00000, 0x00000, 0x00000, 0x00000, 0x00000, 0x00000, 0x00000, 0x00000, 0x00000, 0x00000 }, 8 },  // $28 (
    { { 0x00000, 0x00000, 0x00041, 0x00022, 0x0001c, 0x00000, 0x00000, 0x00000, 0x00000, 0x00000, 0x00000, 0x00000, 0x00000, 0x00000, 0x00000, 0x00000, 0x00000, 0x00000, 0x00000, 0x00000 }, 8 },  // $29 )
    { { 0x00000, 0x00008, 0x0002a, 0x0001c, 0x0001c, 0x0002a, 0x00008, 0x00000, 0x00000, 0x00000, 0x00000, 0x00000, 0x00000, 0x00000, 0x00000, 0x00000, 0x00000, 0x00000, 0x00000, 0x00000 }, 8 },  // $2A *
    { { 0x00000, 0x00008, 0x00008, 0x0003e, 0x00008, 0x00008, 0x00000, 0x00000, 0x00000, 0x00000, 0x00000, 0x00000, 0x00000, 0x00000, 0x00000, 0x00000, 0x00000, 0x00000, 0x00000, 0x00000 }, 8 },  // $2B +
    { { 0x00000, 0x00000, 0x00000, 0x00160, 0x000e0, 0x00000, 0x00000, 0x00000, 0x00000, 0x00000, 0x00000, 0x00000, 0x00000, 0x00000, 0x00000, 0x00000, 0x00000, 0x00000, 0x00000, 0x00000 }, 8 },  // $2C ,
    { { 0x00000, 0x00008, 0x00008, 0x00008, 0x00008, 0x00008, 0x00008, 0x00000, 0x00000, 0x00000, 0x00000, 0x00000, 0x00000, 0x00000, 0x00000, 0x00000, 0x00000, 0x00000, 0x00000, 0x00000 }, 8 },  // $2D -
    { { 0x00000, 0x00000, 0x00000, 0x00060, 0x00060, 0x00000, 0x00000, 0x00000, 0x00000, 0x00000, 0x00000, 0x00000, 0x00000, 0x00000, 0x00000, 0x00000, 0x00000, 0x00000, 0x00000, 0x00000 }, 8 },  // $2E .
    { { 0x00040, 0x00020, 0x00010, 0x00008, 0x00004, 0x00002, 0x00001, 0x00000, 0x00000, 0x00000, 0x00000, 0x00000, 0x00000, 0x00000, 0x00000, 0x00000, 0x00000, 0x00000, 0x00000, 0x00000 }, 8 },  // $2F /
    { { 0x00000, 0x0003e, 0x00041, 0x00041, 0x00041, 0x0003e, 0x00000, 0x00000, 0x00000, 0x00000, 0x00000, 0x00000, 0x00000, 0x00000, 0x00000, 0x00000, 0x00000, 0x00000, 0x00000, 0x00000 }, 8 },  // $30 0
    { { 0x00000, 0x00000, 0x00042, 0x0007f, 0x00040, 0x00000, 0x00000, 0x00000, 0x00000, 0x00000, 0x00000, 0x00000, 0x00000, 0x00000, 0x00000, 0x00000, 0x00000, 0x00000, 0x00000, 0x00000 }, 8 },  // $31 1
    { { 0x00000, 0x00042, 0x00061, 0x00051, 0x00049, 0x00049, 0x00046, 0x00000, 0x00000, 0x00000, 0x00000, 0x00000, 0x00000, 0x00000, 0x00000, 0x00000, 0x00000, 0x00000, 0x00000, 0x00000 }, 8 },  // $32 2
    { { 0x00000, 0x00022, 0x00041, 0x00049, 0x00049, 0x00049, 0x00036, 0x00000, 0x00000, 0x00000, 0x00000, 0x00000, 0x00000, 0x00000, 0x00000, 0x00000, 0x00000, 0x00000, 0x00000, 0x00000 }, 8 },  // $33 3
    { { 0x00000, 0x00018, 0x00014, 0x00012, 0x00011, 0x0007f, 0x00010, 0x00000, 0x00000, 0x00000, 0x00000, 0x00000, 0x00000, 0x00000, 0x00000, 0x00000, 0x00000, 0x00000, 0x00000, 0x00000 }, 8 },  // $34 4
    { { 0x00000, 0x00047, 0x00045, 0x00045, 0x00045, 0x00045, 0x00039, 0x00000, 0x00000, 0x00000, 0x00000, 0x00000, 0x00000, 0x00000, 0x00000, 0x00000, 0x00000, 0x00000, 0x00000, 0x00000 }, 8 },  // $35 5
    { { 0x00000, 0x00030, 0x00048, 0x0004c, 0x0004a, 0x00049, 0x00030, 0x00000, 0x00000, 0x00000, 0x00000, 0x00000, 0x00000, 0x00000, 0x00000, 0x00000, 0x00000, 0x00000, 0x00000, 0x00000 }, 8 },  // $36 6
    { { 0x00000, 0x00001, 0x00061, 0x00011, 0x00009, 0x00005, 0x00003, 0x00000, 0x00000, 0x00000, 0x00000, 0x00000, 0x00000, 0x00000, 0x00000, 0x00000, 0x00000, 0x00000, 0x00000, 0x00000 }, 8 },  // $37 7
    { { 0x00000, 0x00036, 0x00049, 0x00049, 0x00049, 0x00049, 0x00036, 0x00000, 0x00000, 0x00000, 0x00000, 0x00000, 0x00000, 0x00000, 0x00000, 0x00000, 0x00000, 0x00000, 0x00000, 0x00000 }, 8 },  // $38 8
    { { 0x00000, 0x00006, 0x00049, 0x00029, 0x00019, 0x00009, 0x00006, 0x00000, 0x00000, 0x00000, 0x00000, 0x00000, 0x00000, 0x00000, 0x00000, 0x00000, 0x00000, 0x00000, 0x00000, 0x00000 }, 8 },  // $39 9
    { { 0x00000, 0x00000, 0x00000, 0x0006c, 0x0006c, 0x00000, 0x00000, 0x00000, 0x00000, 0x00000, 0x00000, 0x00000, 0x00000, 0x00000, 0x00000, 0x00000, 0x00000, 0x00000, 0x00000, 0x00000 }, 8 },  // $3A :
    { { 0x00000, 0x00000, 0x0016c, 0x000ec, 0x00000, 0x00000, 0x00000, 0x00000, 0x00000, 0x00000, 0x00000, 0x00000, 0x00000, 0x00000, 0x00000, 0x00000, 0x00000, 0x00000, 0x00000, 0x00000 }, 8 },  // $3B ;
    { { 0x00000, 0x00000, 0x00008, 0x00014, 0x00022, 0x00041, 0x00000, 0x00000, 0x00000, 0x00000, 0x00000, 0x00000, 0x00000, 0x00000, 0x00000, 0x00000, 0x00000, 0x00000, 0x00000, 0x00000 }, 8 },  // $3C <
    { { 0x00014, 0x00014, 0x00014, 0x00014, 0x00014, 0x00014, 0x00014, 0x00000, 0x00000, 0x00000, 0x00000, 0x00000, 0x00000, 0x00000, 0x00000, 0x00000, 0x00000, 0x00000, 0x00000, 0x00000 }, 8 },  // $3D =
    { { 0x00000, 0x00000, 0x00041, 0x00022, 0x00014, 0x00008, 0x00000, 0x00000, 0x00000, 0x00000, 0x00000, 0x00000, 0x00000, 0x00000, 0x00000, 0x00000, 0x00000, 0x00000, 0x00000, 0x00000 }, 8 },  // $3E >
    { { 0x00000, 0x00002, 0x00001, 0x00051, 0x00009, 0x00009, 0x00006, 0x00000, 0x00000, 0x00000, 0x00000, 0x00000, 0x00000, 0x00000, 0x00000, 0x00000, 0x00000, 0x00000, 0x00000, 0x00000 }, 8 },  // $3F ?
    { { 0x00000, 0x00002, 0x00071, 0x00049, 0x00079, 0x00041, 0x0003e, 0x00000, 0x00000, 0x00000, 0x00000, 0x00000, 0x00000, 0x00000, 0x00000, 0x00000, 0x00000, 0x00000, 0x00000, 0x00000 }, 8 },  // $40 @
    { { 0x00078, 0x00014, 0x00012, 0x00011, 0x00012, 0x00014, 0x00078, 0x00000, 0x00000, 0x00000, 0x00000, 0x00000, 0x00000, 0x00000, 0x00000, 0x00000, 0x00000, 0x00000, 0x00000, 0x00000 }, 8 },  // $41 A
    { { 0x00000, 0x0007f, 0x00049, 0x00049, 0x00049, 0x00049, 0x00036, 0x00000, 0x00000, 0x00000, 0x00000, 0x00000, 0x00000, 0x00000, 0x00000, 0x00000, 0x00000, 0x00000, 0x00000, 0x00000 }, 8 },  // $42 B
    { { 0x00000, 0x0003e, 0x00041, 0x00041, 0x00041, 0x00041, 0x00022, 0x00000, 0x00000, 0x00000, 0x00000, 0x00000, 0x00000, 0x00000, 0x00000, 0x00000, 0x00000, 0x00000, 0x00000, 0x00000 }, 8 },  // $43 C
    { { 0x00000, 0x0007f, 0x00041, 0x00041, 0x00041, 0x00022, 0x0001c, 0x00000, 0x00000, 0x00000, 0x00000, 0x00000, 0x00000, 0x00000, 0x00000, 0x00000, 0x00000, 0x00000, 0x00000, 0x00000 }, 8 },  // $44 D
    { { 0x00000, 0x0007f, 0x00049, 0x00049, 0x00049, 0x00049, 0x00041, 0x00000, 0x00000, 0x00000, 0x00000, 0x00000, 0x00000, 0x00000, 0x00000, 0x00000, 0x00000, 0x00000, 0x00000, 0x00000 }, 8 },  // $45 E
    { { 0x00000, 0x0007f, 0x00009, 0x00009, 0x00009, 0x00009, 0x00001, 0x00000, 0x00000, 0x00000, 0x00000, 0x00000, 0x00000, 0x00000, 0x00000, 0x00000, 0x00000, 0x00000, 0x00000, 0x00000 }, 8 },  // $46 F
    { { 0x00000, 0x0003e, 0x00041, 0x00041, 0x00049, 0x00049, 0x0003a, 0x00000, 0x00000, 0x00000, 0x00000, 0x00000, 0x00000, 0x00000, 0x00000, 0x00000, 0x00000, 0x00000, 0x00000, 0x00000 }, 8 },  // $47 G
    { { 0x00000, 0x0007f, 0x00008, 0x00008, 0x00008, 0x00008, 0x0007f, 0x00000, 0x00000, 0x00000, 0x00000, 0x00000, 0x00000, 0x00000, 0x00000, 0x00000, 0x00000, 0x00000, 0x00000, 0x00000 }, 8 },  // $48 H
    { { 0x00000, 0x00000, 0x00041, 0x0007f, 0x00041, 0x00000, 0x00000, 0x00000, 0x00000, 0x00000, 0x00000, 0x00000, 0x00000, 0x00000, 0x00000, 0x00000, 0x00000, 0x00000, 0x00000, 0x00000 }, 8 },  // $49 I
    { { 0x00000, 0x00030, 0x00040, 0x00040, 0x00041, 0x0003f, 0x00001, 0x00000, 0x00000, 0x00000, 0x00000, 0x00000, 0x00000, 0x00000, 0x00000, 0x00000, 0x00000, 0x00000, 0x00000, 0x00000 }, 8 },  // $4A J
    { { 0x00000, 0x0007f, 0x00008, 0x00008, 0x00014, 0x00022, 0x00041, 0x00000, 0x00000, 0x00000, 0x00000, 0x00000, 0x00000, 0x00000, 0x00000, 0x00000, 0x00000, 0x00000, 0x00000, 0x00000 }, 8 },  // $4B K
    { { 0x00000, 0x0007f, 0x00040, 0x00040, 0x00040, 0x00040, 0x00040, 0x00000, 0x00000, 0x00000, 0x00000, 0x00000, 0x00000, 0x00000, 0x00000, 0x00000, 0x00000, 0x00000, 0x00000, 0x00000 }, 8 },  // $4C L
    { { 0x0007f, 0x00002, 0x00004, 0x00008, 0x00004, 0x00002, 0x0007f, 0x00000, 0x00000, 0x00000, 0x00000, 0x00000, 0x00000, 0x00000, 0x00000, 0x00000, 0x00000, 0x00000, 0x00000, 0x00000 }, 8 },  // $4D M
    { { 0x0007f, 0x00002, 0x00004, 0x00008, 0x00010, 0x00020, 0x0007f, 0x00000, 0x00000, 0x00000, 0x00000, 0x00000, 0x00000, 0x00000, 0x00000, 0x00000, 0x00000, 0x00000, 0x00000, 0x00000 }, 8 },  // $4E N
    { { 0x00000, 0x0003e, 0x00041, 0x00041, 0x00041, 0x00041, 0x0003e, 0x00000, 0x00000, 0x00000, 0x00000, 0x00000, 0x00000, 0x00000, 0x00000, 0x00000, 0x00000, 0x00000, 0x00000, 0x00000 }, 8 },  // $4F O
    { { 0x00000, 0x0007f, 0x00009, 0x00009, 0x00009, 0x00009, 0x00006, 0x00000, 0x00000, 0x00000, 0x00000, 0x00000, 0x00000, 0x00000, 0x00000, 0x00000, 0x00000, 0x00000, 0x00000, 0x00000 }, 8 },  // $50 P
    { { 0x00000, 0x0003e, 0x00041, 0x00041, 0x00051, 0x00021, 0x0005e, 0x00000, 0x00000, 0x00000, 0x00000, 0x00000, 0x00000, 0x00000, 0x00000, 0x00000, 0x00000, 0x00000, 0x00000, 0x00000 }, 8 },  // $51 Q
    { { 0x00000, 0x0007f, 0x00009, 0x00009, 0x00019, 0x00029, 0x00046, 0x00000, 0x00000, 0x00000, 0x00000, 0x00000, 0x00000, 0x00000, 0x00000, 0x00000, 0x00000, 0x00000, 0x00000, 0x00000 }, 8 },  // $52 R
    { { 0x00000, 0x00026, 0x00049, 0x00049, 0x00049, 0x00049, 0x00032, 0x00000, 0x00000, 0x00000, 0x00000, 0x00000, 0x00000, 0x00000, 0x00000, 0x00000, 0x00000, 0x00000, 0x00000, 0x00000 }, 8 },  // $53 S
    { { 0x00001, 0x00001, 0x00001, 0x0007f, 0x00001, 0x00001, 0x00001, 0x00000, 0x00000, 0x00000, 0x00000, 0x00000, 0x00000, 0x00000, 0x00000, 0x00000, 0x00000, 0x00000, 0x00000, 0x00000 }, 8 },  // $54 T
    { { 0x00000, 0x0003f, 0x00040, 0x00040, 0x00040, 0x00040, 0x0003f, 0x00000, 0x00000, 0x00000, 0x00000, 0x00000, 0x00000, 0x00000, 0x00000, 0x00000, 0x00000, 0x00000, 0x00000, 0x00000 }, 8 },  // $55 U
    { { 0x0000f, 0x00010, 0x00020, 0x00040, 0x00020, 0x00010, 0x0000f, 0x00000, 0x00000, 0x00000, 0x00000, 0x00000, 0x00000, 0x00000, 0x00000, 0x00000, 0x00000, 0x00000, 0x00000, 0x00000 }, 8 },  // $56 V
    { { 0x0003f, 0x00040, 0x00020, 0x00018, 0x00020, 0x00040, 0x0003f, 0x00000, 0x00000, 0x00000, 0x00000, 0x00000, 0x00000, 0x00000, 0x00000, 0x00000, 0x00000, 0x00000, 0x00000, 0x00000 }, 8 },  // $57 W
    { { 0x00041, 0x00022, 0x00014, 0x00008, 0x00014, 0x00022, 0x00041, 0x00000, 0x00000, 0x00000, 0x00000, 0x00000, 0x00000, 0x00000, 0x00000, 0x00000, 0x00000, 0x00000, 0x00000, 0x00000 }, 8 },  // $58 X
    { { 0x00001, 0x00002, 0x00004, 0x00078, 0x00004, 0x00002, 0x00001, 0x00000, 0x00000, 0x00000, 0x00000, 0x00000, 0x00000, 0x00000, 0x00000, 0x00000, 0x00000, 0x00000, 0x00000, 0x00000 }, 8 },  // $59 Y
    { { 0x00000, 0x00061, 0x00051, 0x00049, 0x00045, 0x00043, 0x00000, 0x00000, 0x00000, 0x00000, 0x00000, 0x00000, 0x00000, 0x00000, 0x00000, 0x00000, 0x00000, 0x00000, 0x00000, 0x00000 }, 8 },  // $5A Z
    { { 0x00000, 0x00000, 0x0007f, 0x00041, 0x00041, 0x00000, 0x00000, 0x00000, 0x00000, 0x00000, 0x00000, 0x00000, 0x00000, 0x00000, 0x00000, 0x00000, 0x00000, 0x00000, 0x00000, 0x00000 }, 8 },  // $5B [
    { { 0x00000, 0x00001, 0x00002, 0x00004, 0x00008, 0x00010, 0x00020, 0x00040, 0x00000, 0x00000, 0x00000, 0x00000, 0x00000, 0x00000, 0x00000, 0x00000, 0x00000, 0x00000, 0x00000, 0x00000 }, 8 },  // $5C (backslash)
    { { 0x00000, 0x00000, 0x00041, 0x00041, 0x0007f, 0x00000, 0x00000, 0x00000, 0x00000, 0x00000, 0x00000, 0x00000, 0x00000, 0x00000, 0x00000, 0x00000, 0x00000, 0x00000, 0x00000, 0x00000 }, 8 },  // $5D ]
    { { 0x00000, 0x00000, 0x00002, 0x00001, 0x00002, 0x00000, 0x00000, 0x00000, 0x00000, 0x00000, 0x00000, 0x00000, 0x00000, 0x00000, 0x00000, 0x00000, 0x00000, 0x00000, 0x00000, 0x00000 }, 8 },  // $5E ^
    { { 0x00100, 0x00100, 0x00100, 0x00100, 0x00100, 0x00100, 0x00100, 0x00100, 0x00000, 0x00000, 0x00000, 0x00000, 0x00000, 0x00000, 0x00000, 0x00000, 0x00000, 0x00000, 0x00000, 0x00000 }, 8 },  // $5F _
    { { 0x00000, 0x00000, 0x00001, 0x00002, 0x00004, 0x00000, 0x00000, 0x00000, 0x00000, 0x00000, 0x00000, 0x00000, 0x00000, 0x00000, 0x00000, 0x00000, 0x00000, 0x00000, 0x00000, 0x00000 }, 8 },  // $60 `
    { { 0x00000, 0x00020, 0x00054, 0x00054, 0x00054, 0x00038, 0x00040, 0x00000, 0x00000, 0x00000, 0x00000, 0x00000, 0x00000, 0x00000, 0x00000, 0x00000, 0x00000, 0x00000, 0x00000, 0x00000 }, 8 },  // $61 a
    { { 0x00000, 0x0007f, 0x00044, 0x00044, 0x00044, 0x00044, 0x00038, 0x00000, 0x00000, 0x00000, 0x00000, 0x00000, 0x00000, 0x00000, 0x00000, 0x00000, 0x00000, 0x00000, 0x00000, 0x00000 }, 8 },  // $62 b
    { { 0x00000, 0x00038, 0x00044, 0x00044, 0x00044, 0x00044, 0x00000, 0x00000, 0x00000, 0x00000, 0x00000, 0x00000, 0x00000, 0x00000, 0x00000, 0x00000, 0x00000, 0x00000, 0x00000, 0x00000 }, 8 },  // $63 c
    { { 0x00000, 0x00038, 0x00044, 0x00044, 0x00044, 0x00044, 0x0007f, 0x00000, 0x00000, 0x00000, 0x00000, 0x00000, 0x00000, 0x00000, 0x00000, 0x00000, 0x00000, 0x00000, 0x00000, 0x00000 }, 8 },  // $64 d
    { { 0x00000, 0x00038, 0x00054, 0x00054, 0x00054, 0x00018, 0x00000, 0x00000, 0x00000, 0x00000, 0x00000, 0x00000, 0x00000, 0x00000, 0x00000, 0x00000, 0x00000, 0x00000, 0x00000, 0x00000 }, 8 },  // $65 e
    { { 0x00000, 0x00008, 0x00008, 0x0007e, 0x00009, 0x00009, 0x00000, 0x00000, 0x00000, 0x00000, 0x00000, 0x00000, 0x00000, 0x00000, 0x00000, 0x00000, 0x00000, 0x00000, 0x00000, 0x00000 }, 8 },  // $66 f
    { { 0x00000, 0x00038, 0x00144, 0x00144, 0x00144, 0x00144, 0x000f8, 0x00000, 0x00000, 0x00000, 0x00000, 0x00000, 0x00000, 0x00000, 0x00000, 0x00000, 0x00000, 0x00000, 0x00000, 0x00000 }, 8 },  // $67 g
    { { 0x00000, 0x0007f, 0x00004, 0x00004, 0x00004, 0x00078, 0x00000, 0x00000, 0x00000, 0x00000, 0x00000, 0x00000, 0x00000, 0x00000, 0x00000, 0x00000, 0x00000, 0x00000, 0x00000, 0x00000 }, 8 },  // $68 h
    { { 0x00000, 0x00000, 0x00000, 0x0007d, 0x00000, 0x00000, 0x00000, 0x00000, 0x00000, 0x00000, 0x00000, 0x00000, 0x00000, 0x00000, 0x00000, 0x00000, 0x00000, 0x00000, 0x00000, 0x00000 }, 8 },  // $69 i
    { { 0x00000, 0x00040, 0x00080, 0x00080, 0x0007d, 0x00000, 0x00000, 0x00000, 0x00000, 0x00000, 0x00000, 0x00000, 0x00000, 0x00000, 0x00000, 0x00000, 0x00000, 0x00000, 0x00000, 0x00000 }, 8 },  // $6A j
    { { 0x00000, 0x0007f, 0x00010, 0x00018, 0x00024, 0x00042, 0x00000, 0x00000, 0x00000, 0x00000, 0x00000, 0x00000, 0x00000, 0x00000, 0x00000, 0x00000, 0x00000, 0x00000, 0x00000, 0x00000 }, 8 },  // $6B k
    { { 0x00000, 0x00000, 0x00001, 0x0007f, 0x00000, 0x00000, 0x00000, 0x00000, 0x00000, 0x00000, 0x00000, 0x00000, 0x00000, 0x00000, 0x00000, 0x00000, 0x00000, 0x00000, 0x00000, 0x00000 }, 8 },  // $6C l
    { { 0x0007c, 0x00004, 0x00004, 0x0007c, 0x00004, 0x00004, 0x00078, 0x00000, 0x00000, 0x00000, 0x00000, 0x00000, 0x00000, 0x00000, 0x00000, 0x00000, 0x00000, 0x00000, 0x00000, 0x00000 }, 8 },  // $6D m
    { { 0x00000, 0x0007c, 0x00004, 0x00004, 0x00004, 0x00078, 0x00000, 0x00000, 0x00000, 0x00000, 0x00000, 0x00000, 0x00000, 0x00000, 0x00000, 0x00000, 0x00000, 0x00000, 0x00000, 0x00000 }, 8 },  // $6E n
    { { 0x00000, 0x00038, 0x00044, 0x00044, 0x00044, 0x00044, 0x00038, 0x00000, 0x00000, 0x00000, 0x00000, 0x00000, 0x00000, 0x00000, 0x00000, 0x00000, 0x00000, 0x00000, 0x00000, 0x00000 }, 8 },  // $6F o
    { { 0x00000, 0x001fc, 0x00044, 0x00044, 0x00044, 0x00038, 0x00000, 0x00000, 0x00000, 0x00000, 0x00000, 0x00000, 0x00000, 0x00000, 0x00000, 0x00000, 0x00000, 0x00000, 0x00000, 0x00000 }, 8 },  // $70 p
    { { 0x00000, 0x00038, 0x00044, 0x00044, 0x00044, 0x001fc, 0x00000, 0x00000, 0x00000, 0x00000, 0x00000, 0x00000, 0x00000, 0x00000, 0x00000, 0x00000, 0x00000, 0x00000, 0x00000, 0x00000 }, 8 },  // $71 q
    { { 0x00000, 0x0007c, 0x00004, 0x00004, 0x00004, 0x00008, 0x00000, 0x00000, 0x00000, 0x00000, 0x00000, 0x00000, 0x00000, 0x00000, 0x00000, 0x00000, 0x00000, 0x00000, 0x00000, 0x00000 }, 8 },  // $72 r
    { { 0x00000, 0x00008, 0x00054, 0x00054, 0x00054, 0x00054, 0x00020, 0x00000, 0x00000, 0x00000, 0x00000, 0x00000, 0x00000, 0x00000, 0x00000, 0x00000, 0x00000, 0x00000, 0x00000, 0x00000 }, 8 },  // $73 s
    { { 0x00000, 0x00004, 0x00004, 0x0003f, 0x00044, 0x00044, 0x00000, 0x00000, 0x00000, 0x00000, 0x00000, 0x00000, 0x00000, 0x00000, 0x00000, 0x00000, 0x00000, 0x00000, 0x00000, 0x00000 }, 8 },  // $74 t
    { { 0x00000, 0x0003c, 0x00040, 0x00040, 0x00040, 0x00040, 0x0007c, 0x00000, 0x00000, 0x00000, 0x00000, 0x00000, 0x00000, 0x00000, 0x00000, 0x00000, 0x00000, 0x00000, 0x00000, 0x00000 }, 8 },  // $75 u
    { { 0x00000, 0x0001c, 0x00020, 0x00040, 0x00020, 0x0001c, 0x00000, 0x00000, 0x00000, 0x00000, 0x00000, 0x00000, 0x00000, 0x00000, 0x00000, 0x00000, 0x00000, 0x00000, 0x00000, 0x00000 }, 8 },  // $76 v
    { { 0x0003c, 0x00040, 0x00020, 0x00018, 0x00020, 0x00040, 0x0003c, 0x00000, 0x00000, 0x00000, 0x00000, 0x00000, 0x00000, 0x00000, 0x00000, 0x00000, 0x00000, 0x00000, 0x00000, 0x00000 }, 8 },  // $77 w
    { { 0x00000, 0x00044, 0x00028, 0x00010, 0x00028, 0x00044, 0x00000, 0x00000, 0x00000, 0x00000, 0x00000, 0x00000, 0x00000, 0x00000, 0x00000, 0x00000, 0x00000, 0x00000, 0x00000, 0x00000 }, 8 },  // $78 x
    { { 0x00000, 0x00084, 0x00048, 0x00030, 0x00010, 0x00008, 0x00004, 0x00000, 0x00000, 0x00000, 0x00000, 0x00000, 0x00000, 0x00000, 0x00000, 0x00000, 0x00000, 0x00000, 0x00000, 0x00000 }, 8 },  // $79 y
    { { 0x00000, 0x00044, 0x00064, 0x00054, 0x0004c, 0x00044, 0x00000, 0x00000, 0x00000, 0x00000, 0x00000, 0x00000, 0x00000, 0x00000, 0x00000, 0x00000, 0x00000, 0x00000, 0x00000, 0x00000 }, 8 },  // $7A z
    { { 0x00000, 0x00000, 0x00008, 0x00036, 0x00041, 0x00041, 0x00000, 0x00000, 0x00000, 0x00000, 0x00000, 0x00000, 0x00000, 0x00000, 0x00000, 0x00000, 0x00000, 0x00000, 0x00000, 0x00000 }, 8 },  // $7B {
    { { 0x00000, 0x00000, 0x00000, 0x0007f, 0x00000, 0x00000, 0x00000, 0x00000, 0x00000, 0x00000, 0x00000, 0x00000, 0x00000, 0x00000, 0x00000, 0x00000, 0x00000, 0x00000, 0x00000, 0x00000 }, 8 },  // $7C |
    { { 0x00000, 0x00000, 0x00041, 0x00041, 0x00036, 0x00008, 0x00000, 0x00000, 0x00000, 0x00000, 0x00000, 0x00000, 0x00000, 0x00000, 0x00000, 0x00000, 0x00000, 0x00000, 0x00000, 0x00000 }, 8 },  // $7D }
    { { 0x00002, 0x00001, 0x00001, 0x00002, 0x00002, 0x00001, 0x00000, 0x00000, 0x00000, 0x00000, 0x00000, 0x00000, 0x00000, 0x00000, 0x00000, 0x00000, 0x00000, 0x00000, 0x00000, 0x00000 }, 8 },  // $7E ~
};
inline constexpr IwOverride kIw2StdFixedOverrides[] = {
    { IwLocale::UK, 0x23, { { 0x00000, 0x00048, 0x0003e, 0x00049, 0x00049, 0x00042, 0x00000, 0x00000, 0x00000, 0x00000, 0x00000, 0x00000, 0x00000, 0x00000, 0x00000, 0x00000, 0x00000, 0x00000, 0x00000, 0x00000 }, 8 } },
    { IwLocale::UK, 0x40, { { 0x00000, 0x00002, 0x00071, 0x00049, 0x00079, 0x00041, 0x0003e, 0x00000, 0x00000, 0x00000, 0x00000, 0x00000, 0x00000, 0x00000, 0x00000, 0x00000, 0x00000, 0x00000, 0x00000, 0x00000 }, 8 } },
    { IwLocale::UK, 0x5B, { { 0x00000, 0x00000, 0x0007f, 0x00041, 0x00041, 0x00000, 0x00000, 0x00000, 0x00000, 0x00000, 0x00000, 0x00000, 0x00000, 0x00000, 0x00000, 0x00000, 0x00000, 0x00000, 0x00000, 0x00000 }, 8 } },
    { IwLocale::UK, 0x5C, { { 0x00000, 0x00001, 0x00002, 0x00004, 0x00008, 0x00010, 0x00020, 0x00040, 0x00000, 0x00000, 0x00000, 0x00000, 0x00000, 0x00000, 0x00000, 0x00000, 0x00000, 0x00000, 0x00000, 0x00000 }, 8 } },
    { IwLocale::UK, 0x5D, { { 0x00000, 0x00000, 0x00041, 0x00041, 0x0007f, 0x00000, 0x00000, 0x00000, 0x00000, 0x00000, 0x00000, 0x00000, 0x00000, 0x00000, 0x00000, 0x00000, 0x00000, 0x00000, 0x00000, 0x00000 }, 8 } },
    { IwLocale::UK, 0x60, { { 0x00000, 0x00000, 0x00001, 0x00002, 0x00004, 0x00000, 0x00000, 0x00000, 0x00000, 0x00000, 0x00000, 0x00000, 0x00000, 0x00000, 0x00000, 0x00000, 0x00000, 0x00000, 0x00000, 0x00000 }, 8 } },
    { IwLocale::UK, 0x7B, { { 0x00000, 0x00000, 0x00008, 0x00036, 0x00041, 0x00041, 0x00000, 0x00000, 0x00000, 0x00000, 0x00000, 0x00000, 0x00000, 0x00000, 0x00000, 0x00000, 0x00000, 0x00000, 0x00000, 0x00000 }, 8 } },
    { IwLocale::UK, 0x7C, { { 0x00000, 0x00000, 0x00000, 0x0007f, 0x00000, 0x00000, 0x00000, 0x00000, 0x00000, 0x00000, 0x00000, 0x00000, 0x00000, 0x00000, 0x00000, 0x00000, 0x00000, 0x00000, 0x00000, 0x00000 }, 8 } },
    { IwLocale::UK, 0x7D, { { 0x00000, 0x00000, 0x00041, 0x00041, 0x00036, 0x00008, 0x00000, 0x00000, 0x00000, 0x00000, 0x00000, 0x00000, 0x00000, 0x00000, 0x00000, 0x00000, 0x00000, 0x00000, 0x00000, 0x00000 }, 8 } },
    { IwLocale::UK, 0x7E, { { 0x00002, 0x00001, 0x00001, 0x00002, 0x00002, 0x00001, 0x00000, 0x00000, 0x00000, 0x00000, 0x00000, 0x00000, 0x00000, 0x00000, 0x00000, 0x00000, 0x00000, 0x00000, 0x00000, 0x00000 }, 8 } },
    { IwLocale::FR, 0x23, { { 0x00000, 0x00048, 0x0003e, 0x00049, 0x00049, 0x00042, 0x00000, 0x00000, 0x00000, 0x00000, 0x00000, 0x00000, 0x00000, 0x00000, 0x00000, 0x00000, 0x00000, 0x00000, 0x00000, 0x00000 }, 8 } },
    { IwLocale::FR, 0x40, { { 0x00000, 0x00020, 0x00055, 0x00056, 0x00054, 0x00038, 0x00040, 0x00000, 0x00000, 0x00000, 0x00000, 0x00000, 0x00000, 0x00000, 0x00000, 0x00000, 0x00000, 0x00000, 0x00000, 0x00000 }, 8 } },
    { IwLocale::FR, 0x5B, { { 0x00000, 0x00000, 0x00007, 0x00005, 0x00007, 0x00000, 0x00000, 0x00000, 0x00000, 0x00000, 0x00000, 0x00000, 0x00000, 0x00000, 0x00000, 0x00000, 0x00000, 0x00000, 0x00000, 0x00000 }, 8 } },
    { IwLocale::FR, 0x5C, { { 0x00000, 0x00038, 0x00144, 0x00144, 0x001c4, 0x00044, 0x00000, 0x00000, 0x00000, 0x00000, 0x00000, 0x00000, 0x00000, 0x00000, 0x00000, 0x00000, 0x00000, 0x00000, 0x00000, 0x00000 }, 8 } },
    { IwLocale::FR, 0x5D, { { 0x00000, 0x0004a, 0x00055, 0x00055, 0x00055, 0x00028, 0x00000, 0x00000, 0x00000, 0x00000, 0x00000, 0x00000, 0x00000, 0x00000, 0x00000, 0x00000, 0x00000, 0x00000, 0x00000, 0x00000 }, 8 } },
    { IwLocale::FR, 0x60, { { 0x00000, 0x00000, 0x00001, 0x00002, 0x00004, 0x00000, 0x00000, 0x00000, 0x00000, 0x00000, 0x00000, 0x00000, 0x00000, 0x00000, 0x00000, 0x00000, 0x00000, 0x00000, 0x00000, 0x00000 }, 8 } },
    { IwLocale::FR, 0x7B, { { 0x00000, 0x00038, 0x00054, 0x00056, 0x00055, 0x00018, 0x00000, 0x00000, 0x00000, 0x00000, 0x00000, 0x00000, 0x00000, 0x00000, 0x00000, 0x00000, 0x00000, 0x00000, 0x00000, 0x00000 }, 8 } },
    { IwLocale::FR, 0x7C, { { 0x00000, 0x0003c, 0x00041, 0x00042, 0x00040, 0x0003c, 0x00040, 0x00000, 0x00000, 0x00000, 0x00000, 0x00000, 0x00000, 0x00000, 0x00000, 0x00000, 0x00000, 0x00000, 0x00000, 0x00000 }, 8 } },
    { IwLocale::FR, 0x7D, { { 0x00000, 0x00038, 0x00055, 0x00056, 0x00054, 0x00018, 0x00000, 0x00000, 0x00000, 0x00000, 0x00000, 0x00000, 0x00000, 0x00000, 0x00000, 0x00000, 0x00000, 0x00000, 0x00000, 0x00000 }, 8 } },
    { IwLocale::FR, 0x7E, { { 0x00000, 0x00000, 0x00001, 0x00000, 0x00001, 0x00000, 0x00000, 0x00000, 0x00000, 0x00000, 0x00000, 0x00000, 0x00000, 0x00000, 0x00000, 0x00000, 0x00000, 0x00000, 0x00000, 0x00000 }, 8 } },
    { IwLocale::DE, 0x23, { { 0x00000, 0x00014, 0x0007f, 0x00014, 0x00014, 0x0007f, 0x00014, 0x00000, 0x00000, 0x00000, 0x00000, 0x00000, 0x00000, 0x00000, 0x00000, 0x00000, 0x00000, 0x00000, 0x00000, 0x00000 }, 8 } },
    { IwLocale::DE, 0x40, { { 0x00000, 0x0004a, 0x00055, 0x00055, 0x00055, 0x00028, 0x00000, 0x00000, 0x00000, 0x00000, 0x00000, 0x00000, 0x00000, 0x00000, 0x00000, 0x00000, 0x00000, 0x00000, 0x00000, 0x00000 }, 8 } },
    { IwLocale::DE, 0x5B, { { 0x00070, 0x00029, 0x00024, 0x00022, 0x00024, 0x00029, 0x00070, 0x00000, 0x00000, 0x00000, 0x00000, 0x00000, 0x00000, 0x00000, 0x00000, 0x00000, 0x00000, 0x00000, 0x00000, 0x00000 }, 8 } },
    { IwLocale::DE, 0x5C, { { 0x00018, 0x00025, 0x00042, 0x00042, 0x00042, 0x00025, 0x00018, 0x00000, 0x00000, 0x00000, 0x00000, 0x00000, 0x00000, 0x00000, 0x00000, 0x00000, 0x00000, 0x00000, 0x00000, 0x00000 }, 8 } },
    { IwLocale::DE, 0x5D, { { 0x00000, 0x0003c, 0x00041, 0x00040, 0x00041, 0x0003c, 0x00000, 0x00000, 0x00000, 0x00000, 0x00000, 0x00000, 0x00000, 0x00000, 0x00000, 0x00000, 0x00000, 0x00000, 0x00000, 0x00000 }, 8 } },
    { IwLocale::DE, 0x60, { { 0x00000, 0x00000, 0x00001, 0x00002, 0x00004, 0x00000, 0x00000, 0x00000, 0x00000, 0x00000, 0x00000, 0x00000, 0x00000, 0x00000, 0x00000, 0x00000, 0x00000, 0x00000, 0x00000, 0x00000 }, 8 } },
    { IwLocale::DE, 0x7B, { { 0x00000, 0x00020, 0x00055, 0x00054, 0x00055, 0x00038, 0x00040, 0x00000, 0x00000, 0x00000, 0x00000, 0x00000, 0x00000, 0x00000, 0x00000, 0x00000, 0x00000, 0x00000, 0x00000, 0x00000 }, 8 } },
    { IwLocale::DE, 0x7C, { { 0x00000, 0x00038, 0x00045, 0x00044, 0x00045, 0x00038, 0x00000, 0x00000, 0x00000, 0x00000, 0x00000, 0x00000, 0x00000, 0x00000, 0x00000, 0x00000, 0x00000, 0x00000, 0x00000, 0x00000 }, 8 } },
    { IwLocale::DE, 0x7D, { { 0x00000, 0x0003c, 0x00041, 0x00040, 0x00041, 0x0003c, 0x00040, 0x00000, 0x00000, 0x00000, 0x00000, 0x00000, 0x00000, 0x00000, 0x00000, 0x00000, 0x00000, 0x00000, 0x00000, 0x00000 }, 8 } },
    { IwLocale::DE, 0x7E, { { 0x00000, 0x00040, 0x0003e, 0x00025, 0x00025, 0x00025, 0x0001a, 0x00000, 0x00000, 0x00000, 0x00000, 0x00000, 0x00000, 0x00000, 0x00000, 0x00000, 0x00000, 0x00000, 0x00000, 0x00000 }, 8 } },
    { IwLocale::IT, 0x23, { { 0x00000, 0x00048, 0x0003e, 0x00049, 0x00049, 0x00042, 0x00000, 0x00000, 0x00000, 0x00000, 0x00000, 0x00000, 0x00000, 0x00000, 0x00000, 0x00000, 0x00000, 0x00000, 0x00000, 0x00000 }, 8 } },
    { IwLocale::IT, 0x40, { { 0x00000, 0x0004a, 0x00055, 0x00055, 0x00055, 0x00028, 0x00000, 0x00000, 0x00000, 0x00000, 0x00000, 0x00000, 0x00000, 0x00000, 0x00000, 0x00000, 0x00000, 0x00000, 0x00000, 0x00000 }, 8 } },
    { IwLocale::IT, 0x5B, { { 0x00000, 0x00000, 0x00007, 0x00005, 0x00007, 0x00000, 0x00000, 0x00000, 0x00000, 0x00000, 0x00000, 0x00000, 0x00000, 0x00000, 0x00000, 0x00000, 0x00000, 0x00000, 0x00000, 0x00000 }, 8 } },
    { IwLocale::IT, 0x5C, { { 0x00000, 0x00038, 0x00144, 0x00144, 0x001c4, 0x00044, 0x00000, 0x00000, 0x00000, 0x00000, 0x00000, 0x00000, 0x00000, 0x00000, 0x00000, 0x00000, 0x00000, 0x00000, 0x00000, 0x00000 }, 8 } },
    { IwLocale::IT, 0x5D, { { 0x00000, 0x00038, 0x00054, 0x00056, 0x00055, 0x00018, 0x00000, 0x00000, 0x00000, 0x00000, 0x00000, 0x00000, 0x00000, 0x00000, 0x00000, 0x00000, 0x00000, 0x00000, 0x00000, 0x00000 }, 8 } },
    { IwLocale::IT, 0x60, { { 0x00000, 0x0003c, 0x00041, 0x00042, 0x00040, 0x0003c, 0x00040, 0x00000, 0x00000, 0x00000, 0x00000, 0x00000, 0x00000, 0x00000, 0x00000, 0x00000, 0x00000, 0x00000, 0x00000, 0x00000 }, 8 } },
    { IwLocale::IT, 0x7B, { { 0x00000, 0x00020, 0x00055, 0x00056, 0x00054, 0x00038, 0x00040, 0x00000, 0x00000, 0x00000, 0x00000, 0x00000, 0x00000, 0x00000, 0x00000, 0x00000, 0x00000, 0x00000, 0x00000, 0x00000 }, 8 } },
    { IwLocale::IT, 0x7C, { { 0x00000, 0x00038, 0x00045, 0x00046, 0x00044, 0x00038, 0x00000, 0x00000, 0x00000, 0x00000, 0x00000, 0x00000, 0x00000, 0x00000, 0x00000, 0x00000, 0x00000, 0x00000, 0x00000, 0x00000 }, 8 } },
    { IwLocale::IT, 0x7D, { { 0x00000, 0x00038, 0x00055, 0x00056, 0x00054, 0x00018, 0x00000, 0x00000, 0x00000, 0x00000, 0x00000, 0x00000, 0x00000, 0x00000, 0x00000, 0x00000, 0x00000, 0x00000, 0x00000, 0x00000 }, 8 } },
    { IwLocale::IT, 0x7E, { { 0x00000, 0x00000, 0x00000, 0x00049, 0x0007a, 0x00040, 0x00000, 0x00000, 0x00000, 0x00000, 0x00000, 0x00000, 0x00000, 0x00000, 0x00000, 0x00000, 0x00000, 0x00000, 0x00000, 0x00000 }, 8 } },
    { IwLocale::SE, 0x23, { { 0x00000, 0x00014, 0x0007f, 0x00014, 0x00014, 0x0007f, 0x00014, 0x00000, 0x00000, 0x00000, 0x00000, 0x00000, 0x00000, 0x00000, 0x00000, 0x00000, 0x00000, 0x00000, 0x00000, 0x00000 }, 8 } },
    { IwLocale::SE, 0x40, { { 0x00000, 0x00002, 0x00071, 0x00049, 0x00079, 0x00041, 0x0003e, 0x00000, 0x00000, 0x00000, 0x00000, 0x00000, 0x00000, 0x00000, 0x00000, 0x00000, 0x00000, 0x00000, 0x00000, 0x00000 }, 8 } },
    { IwLocale::SE, 0x5B, { { 0x00070, 0x00029, 0x00024, 0x00022, 0x00024, 0x00029, 0x00070, 0x00000, 0x00000, 0x00000, 0x00000, 0x00000, 0x00000, 0x00000, 0x00000, 0x00000, 0x00000, 0x00000, 0x00000, 0x00000 }, 8 } },
    { IwLocale::SE, 0x5C, { { 0x00018, 0x00025, 0x00042, 0x00042, 0x00042, 0x00025, 0x00018, 0x00000, 0x00000, 0x00000, 0x00000, 0x00000, 0x00000, 0x00000, 0x00000, 0x00000, 0x00000, 0x00000, 0x00000, 0x00000 }, 8 } },
    { IwLocale::SE, 0x5D, { { 0x00070, 0x00028, 0x00027, 0x00025, 0x00027, 0x00028, 0x00070, 0x00000, 0x00000, 0x00000, 0x00000, 0x00000, 0x00000, 0x00000, 0x00000, 0x00000, 0x00000, 0x00000, 0x00000, 0x00000 }, 8 } },
    { IwLocale::SE, 0x60, { { 0x00000, 0x00000, 0x00001, 0x00002, 0x00004, 0x00000, 0x00000, 0x00000, 0x00000, 0x00000, 0x00000, 0x00000, 0x00000, 0x00000, 0x00000, 0x00000, 0x00000, 0x00000, 0x00000, 0x00000 }, 8 } },
    { IwLocale::SE, 0x7B, { { 0x00000, 0x00020, 0x00055, 0x00054, 0x00055, 0x00038, 0x00040, 0x00000, 0x00000, 0x00000, 0x00000, 0x00000, 0x00000, 0x00000, 0x00000, 0x00000, 0x00000, 0x00000, 0x00000, 0x00000 }, 8 } },
    { IwLocale::SE, 0x7C, { { 0x00000, 0x00038, 0x00045, 0x00044, 0x00045, 0x00038, 0x00000, 0x00000, 0x00000, 0x00000, 0x00000, 0x00000, 0x00000, 0x00000, 0x00000, 0x00000, 0x00000, 0x00000, 0x00000, 0x00000 }, 8 } },
    { IwLocale::SE, 0x7D, { { 0x00000, 0x00020, 0x00057, 0x00055, 0x00057, 0x00038, 0x00040, 0x00000, 0x00000, 0x00000, 0x00000, 0x00000, 0x00000, 0x00000, 0x00000, 0x00000, 0x00000, 0x00000, 0x00000, 0x00000 }, 8 } },
    { IwLocale::SE, 0x7E, { { 0x00002, 0x00001, 0x00001, 0x00002, 0x00002, 0x00001, 0x00000, 0x00000, 0x00000, 0x00000, 0x00000, 0x00000, 0x00000, 0x00000, 0x00000, 0x00000, 0x00000, 0x00000, 0x00000, 0x00000 }, 8 } },
    { IwLocale::ES, 0x23, { { 0x00000, 0x00048, 0x0003e, 0x00049, 0x00049, 0x00042, 0x00000, 0x00000, 0x00000, 0x00000, 0x00000, 0x00000, 0x00000, 0x00000, 0x00000, 0x00000, 0x00000, 0x00000, 0x00000, 0x00000 }, 8 } },
    { IwLocale::ES, 0x40, { { 0x00000, 0x0004a, 0x00055, 0x00055, 0x00055, 0x00028, 0x00000, 0x00000, 0x00000, 0x00000, 0x00000, 0x00000, 0x00000, 0x00000, 0x00000, 0x00000, 0x00000, 0x00000, 0x00000, 0x00000 }, 8 } },
    { IwLocale::ES, 0x5B, { { 0x0007e, 0x00009, 0x00009, 0x0007f, 0x00049, 0x00049, 0x00041, 0x00000, 0x00000, 0x00000, 0x00000, 0x00000, 0x00000, 0x00000, 0x00000, 0x00000, 0x00000, 0x00000, 0x00000, 0x00000 }, 8 } },
    { IwLocale::ES, 0x5C, { { 0x00002, 0x0007d, 0x00009, 0x00012, 0x00022, 0x0007d, 0x00000, 0x00000, 0x00000, 0x00000, 0x00000, 0x00000, 0x00000, 0x00000, 0x00000, 0x00000, 0x00000, 0x00000, 0x00000, 0x00000 }, 8 } },
    { IwLocale::ES, 0x5D, { { 0x00000, 0x000c0, 0x00120, 0x00120, 0x00114, 0x00100, 0x00080, 0x00000, 0x00000, 0x00000, 0x00000, 0x00000, 0x00000, 0x00000, 0x00000, 0x00000, 0x00000, 0x00000, 0x00000, 0x00000 }, 8 } },
    { IwLocale::ES, 0x60, { { 0x00000, 0x00000, 0x00001, 0x00002, 0x00004, 0x00000, 0x00000, 0x00000, 0x00000, 0x00000, 0x00000, 0x00000, 0x00000, 0x00000, 0x00000, 0x00000, 0x00000, 0x00000, 0x00000, 0x00000 }, 8 } },
    { IwLocale::ES, 0x7B, { { 0x00000, 0x00000, 0x00007, 0x00005, 0x00007, 0x00000, 0x00000, 0x00000, 0x00000, 0x00000, 0x00000, 0x00000, 0x00000, 0x00000, 0x00000, 0x00000, 0x00000, 0x00000, 0x00000, 0x00000 }, 8 } },
    { IwLocale::ES, 0x7C, { { 0x00002, 0x0007d, 0x00005, 0x00006, 0x00006, 0x00079, 0x00000, 0x00000, 0x00000, 0x00000, 0x00000, 0x00000, 0x00000, 0x00000, 0x00000, 0x00000, 0x00000, 0x00000, 0x00000, 0x00000 }, 8 } },
    { IwLocale::ES, 0x7D, { { 0x00000, 0x00038, 0x00144, 0x00144, 0x001c4, 0x00044, 0x00000, 0x00000, 0x00000, 0x00000, 0x00000, 0x00000, 0x00000, 0x00000, 0x00000, 0x00000, 0x00000, 0x00000, 0x00000, 0x00000 }, 8 } },
    { IwLocale::ES, 0x7E, { { 0x00002, 0x00001, 0x00001, 0x00002, 0x00002, 0x00001, 0x00000, 0x00000, 0x00000, 0x00000, 0x00000, 0x00000, 0x00000, 0x00000, 0x00000, 0x00000, 0x00000, 0x00000, 0x00000, 0x00000 }, 8 } },
    { IwLocale::DK, 0x23, { { 0x00000, 0x00014, 0x0007f, 0x00014, 0x00014, 0x0007f, 0x00014, 0x00000, 0x00000, 0x00000, 0x00000, 0x00000, 0x00000, 0x00000, 0x00000, 0x00000, 0x00000, 0x00000, 0x00000, 0x00000 }, 8 } },
    { IwLocale::DK, 0x40, { { 0x00000, 0x00002, 0x00071, 0x00049, 0x00079, 0x00041, 0x0003e, 0x00000, 0x00000, 0x00000, 0x00000, 0x00000, 0x00000, 0x00000, 0x00000, 0x00000, 0x00000, 0x00000, 0x00000, 0x00000 }, 8 } },
    { IwLocale::DK, 0x5C, { { 0x00000, 0x0003e, 0x00051, 0x00049, 0x00045, 0x0003e, 0x00000, 0x00000, 0x00000, 0x00000, 0x00000, 0x00000, 0x00000, 0x00000, 0x00000, 0x00000, 0x00000, 0x00000, 0x00000, 0x00000 }, 8 } },
    { IwLocale::DK, 0x5D, { { 0x00070, 0x00028, 0x00027, 0x00025, 0x00027, 0x00028, 0x00070, 0x00000, 0x00000, 0x00000, 0x00000, 0x00000, 0x00000, 0x00000, 0x00000, 0x00000, 0x00000, 0x00000, 0x00000, 0x00000 }, 8 } },
    { IwLocale::DK, 0x60, { { 0x00000, 0x00000, 0x00001, 0x00002, 0x00004, 0x00000, 0x00000, 0x00000, 0x00000, 0x00000, 0x00000, 0x00000, 0x00000, 0x00000, 0x00000, 0x00000, 0x00000, 0x00000, 0x00000, 0x00000 }, 8 } },
    { IwLocale::DK, 0x7B, { { 0x00024, 0x00054, 0x00054, 0x00028, 0x00054, 0x00054, 0x00058, 0x00000, 0x00000, 0x00000, 0x00000, 0x00000, 0x00000, 0x00000, 0x00000, 0x00000, 0x00000, 0x00000, 0x00000, 0x00000 }, 8 } },
    { IwLocale::DK, 0x7C, { { 0x000b8, 0x00064, 0x00054, 0x0004c, 0x0003a, 0x00000, 0x00000, 0x00000, 0x00000, 0x00000, 0x00000, 0x00000, 0x00000, 0x00000, 0x00000, 0x00000, 0x00000, 0x00000, 0x00000, 0x00000 }, 8 } },
    { IwLocale::DK, 0x7D, { { 0x00000, 0x00020, 0x00057, 0x00055, 0x00057, 0x00038, 0x00040, 0x00000, 0x00000, 0x00000, 0x00000, 0x00000, 0x00000, 0x00000, 0x00000, 0x00000, 0x00000, 0x00000, 0x00000, 0x00000 }, 8 } },
    { IwLocale::DK, 0x7E, { { 0x00002, 0x00001, 0x00001, 0x00002, 0x00002, 0x00001, 0x00000, 0x00000, 0x00000, 0x00000, 0x00000, 0x00000, 0x00000, 0x00000, 0x00000, 0x00000, 0x00000, 0x00000, 0x00000, 0x00000 }, 8 } },
};
inline constexpr size_t kIw2StdFixedOverridesCount =
    sizeof(kIw2StdFixedOverrides) / sizeof(kIw2StdFixedOverrides[0]);

// ──────────────────────────────────────────────────────────────────────
/// ImageWriter II correspondence proportional.
inline constexpr IwGlyph kIw2StdProp[kIwCodeCount] = {
    { { 0x00000, 0x00000, 0x00000, 0x00000, 0x00000, 0x00000, 0x00000, 0x00000, 0x00000, 0x00000, 0x00000, 0x00000, 0x00000, 0x00000, 0x00000, 0x00000, 0x00000, 0x00000, 0x00000, 0x00000 }, 7 },  // $20  
    { { 0x00000, 0x00000, 0x00000, 0x0004f, 0x00000, 0x00000, 0x00000, 0x00000, 0x00000, 0x00000, 0x00000, 0x00000, 0x00000, 0x00000, 0x00000, 0x00000, 0x00000, 0x00000, 0x00000, 0x00000 }, 7 },  // $21 !
    { { 0x00000, 0x00007, 0x00000, 0x00000, 0x00000, 0x00007, 0x00000, 0x00000, 0x00000, 0x00000, 0x00000, 0x00000, 0x00000, 0x00000, 0x00000, 0x00000, 0x00000, 0x00000, 0x00000, 0x00000 }, 10 },  // $22 "
    { { 0x00000, 0x00014, 0x00014, 0x0007f, 0x00014, 0x00014, 0x00014, 0x00014, 0x0007f, 0x00014, 0x00014, 0x00000, 0x00000, 0x00000, 0x00000, 0x00000, 0x00000, 0x00000, 0x00000, 0x00000 }, 14 },  // $23 #
    { { 0x00000, 0x00024, 0x0002a, 0x0002a, 0x0007f, 0x0002a, 0x0002a, 0x0002a, 0x00010, 0x00000, 0x00000, 0x00000, 0x00000, 0x00000, 0x00000, 0x00000, 0x00000, 0x00000, 0x00000, 0x00000 }, 12 },  // $24 $
    { { 0x00000, 0x00002, 0x00005, 0x00045, 0x00025, 0x00012, 0x00008, 0x00004, 0x00022, 0x00051, 0x00050, 0x00050, 0x00020, 0x00000, 0x00000, 0x00000, 0x00000, 0x00000, 0x00000, 0x00000 }, 16 },  // $25 %
    { { 0x00000, 0x00030, 0x0004e, 0x00049, 0x00049, 0x00049, 0x00056, 0x00040, 0x00020, 0x00010, 0x00040, 0x00000, 0x00000, 0x00000, 0x00000, 0x00000, 0x00000, 0x00000, 0x00000, 0x00000 }, 13 },  // $26 &
    { { 0x00000, 0x00000, 0x00004, 0x00002, 0x00001, 0x00000, 0x00000, 0x00000, 0x00000, 0x00000, 0x00000, 0x00000, 0x00000, 0x00000, 0x00000, 0x00000, 0x00000, 0x00000, 0x00000, 0x00000 }, 7 },  // $27 '
    { { 0x00000, 0x00000, 0x0001c, 0x00022, 0x00041, 0x00000, 0x00000, 0x00000, 0x00000, 0x00000, 0x00000, 0x00000, 0x00000, 0x00000, 0x00000, 0x00000, 0x00000, 0x00000, 0x00000, 0x00000 }, 7 },  // $28 (
    { { 0x00000, 0x00041, 0x00022, 0x0001c, 0x00000, 0x00000, 0x00000, 0x00000, 0x00000, 0x00000, 0x00000, 0x00000, 0x00000, 0x00000, 0x00000, 0x00000, 0x00000, 0x00000, 0x00000, 0x00000 }, 7 },  // $29 )
    { { 0x00000, 0x00008, 0x00008, 0x0002a, 0x00014, 0x00014, 0x00014, 0x0002a, 0x00008, 0x00008, 0x00000, 0x00000, 0x00000, 0x00000, 0x00000, 0x00000, 0x00000, 0x00000, 0x00000, 0x00000 }, 12 },  // $2A *
    { { 0x00000, 0x00008, 0x00008, 0x00008, 0x00008, 0x0003e, 0x00008, 0x00008, 0x00008, 0x00008, 0x00000, 0x00000, 0x00000, 0x00000, 0x00000, 0x00000, 0x00000, 0x00000, 0x00000, 0x00000 }, 12 },  // $2B +
    { { 0x00000, 0x00000, 0x000a0, 0x00070, 0x00020, 0x00000, 0x00000, 0x00000, 0x00000, 0x00000, 0x00000, 0x00000, 0x00000, 0x00000, 0x00000, 0x00000, 0x00000, 0x00000, 0x00000, 0x00000 }, 7 },  // $2C ,
    { { 0x00000, 0x00008, 0x00008, 0x00008, 0x00008, 0x00008, 0x00008, 0x00008, 0x00008, 0x00008, 0x00000, 0x00000, 0x00000, 0x00000, 0x00000, 0x00000, 0x00000, 0x00000, 0x00000, 0x00000 }, 12 },  // $2D -
    { { 0x00000, 0x00000, 0x00060, 0x00060, 0x00060, 0x00000, 0x00000, 0x00000, 0x00000, 0x00000, 0x00000, 0x00000, 0x00000, 0x00000, 0x00000, 0x00000, 0x00000, 0x00000, 0x00000, 0x00000 }, 7 },  // $2E .
    { { 0x00000, 0x00000, 0x00040, 0x00020, 0x00010, 0x00008, 0x00004, 0x00002, 0x00001, 0x00000, 0x00000, 0x00000, 0x00000, 0x00000, 0x00000, 0x00000, 0x00000, 0x00000, 0x00000, 0x00000 }, 12 },  // $2F /
    { { 0x00000, 0x0001c, 0x00022, 0x00041, 0x00041, 0x00041, 0x00041, 0x00022, 0x0001c, 0x00000, 0x00000, 0x00000, 0x00000, 0x00000, 0x00000, 0x00000, 0x00000, 0x00000, 0x00000, 0x00000 }, 12 },  // $30 0
    { { 0x00000, 0x00000, 0x00000, 0x00044, 0x00042, 0x0007f, 0x00040, 0x00040, 0x00000, 0x00000, 0x00000, 0x00000, 0x00000, 0x00000, 0x00000, 0x00000, 0x00000, 0x00000, 0x00000, 0x00000 }, 12 },  // $31 1
    { { 0x00000, 0x00042, 0x00061, 0x00041, 0x00051, 0x00041, 0x00049, 0x00041, 0x00046, 0x00000, 0x00000, 0x00000, 0x00000, 0x00000, 0x00000, 0x00000, 0x00000, 0x00000, 0x00000, 0x00000 }, 12 },  // $32 2
    { { 0x00000, 0x00022, 0x00041, 0x00049, 0x00049, 0x00049, 0x00049, 0x00049, 0x00049, 0x00036, 0x00000, 0x00000, 0x00000, 0x00000, 0x00000, 0x00000, 0x00000, 0x00000, 0x00000, 0x00000 }, 12 },  // $33 3
    { { 0x00000, 0x00010, 0x00018, 0x00014, 0x00012, 0x00011, 0x00011, 0x0007f, 0x00010, 0x00010, 0x00000, 0x00000, 0x00000, 0x00000, 0x00000, 0x00000, 0x00000, 0x00000, 0x00000, 0x00000 }, 12 },  // $34 4
    { { 0x00000, 0x00027, 0x00045, 0x00045, 0x00045, 0x00045, 0x00045, 0x00029, 0x00011, 0x00000, 0x00000, 0x00000, 0x00000, 0x00000, 0x00000, 0x00000, 0x00000, 0x00000, 0x00000, 0x00000 }, 12 },  // $35 5
    { { 0x00000, 0x00030, 0x00048, 0x0004c, 0x00048, 0x0004a, 0x00049, 0x00049, 0x00030, 0x00000, 0x00000, 0x00000, 0x00000, 0x00000, 0x00000, 0x00000, 0x00000, 0x00000, 0x00000, 0x00000 }, 12 },  // $36 6
    { { 0x00000, 0x00001, 0x00001, 0x00001, 0x00061, 0x00011, 0x00009, 0x00005, 0x00003, 0x00000, 0x00000, 0x00000, 0x00000, 0x00000, 0x00000, 0x00000, 0x00000, 0x00000, 0x00000, 0x00000 }, 12 },  // $37 7
    { { 0x00000, 0x00036, 0x00000, 0x00049, 0x00049, 0x00049, 0x00049, 0x00000, 0x00036, 0x00000, 0x00000, 0x00000, 0x00000, 0x00000, 0x00000, 0x00000, 0x00000, 0x00000, 0x00000, 0x00000 }, 12 },  // $38 8
    { { 0x00000, 0x00006, 0x00009, 0x00049, 0x00029, 0x00019, 0x00009, 0x00006, 0x00000, 0x00000, 0x00000, 0x00000, 0x00000, 0x00000, 0x00000, 0x00000, 0x00000, 0x00000, 0x00000, 0x00000 }, 12 },  // $39 9
    { { 0x00000, 0x00000, 0x00024, 0x00024, 0x00000, 0x00000, 0x00000, 0x00000, 0x00000, 0x00000, 0x00000, 0x00000, 0x00000, 0x00000, 0x00000, 0x00000, 0x00000, 0x00000, 0x00000, 0x00000 }, 7 },  // $3A :
    { { 0x00000, 0x00000, 0x000a4, 0x00064, 0x00000, 0x00000, 0x00000, 0x00000, 0x00000, 0x00000, 0x00000, 0x00000, 0x00000, 0x00000, 0x00000, 0x00000, 0x00000, 0x00000, 0x00000, 0x00000 }, 7 },  // $3B ;
    { { 0x00000, 0x00008, 0x00000, 0x00014, 0x00000, 0x00022, 0x00000, 0x00041, 0x00000, 0x00000, 0x00000, 0x00000, 0x00000, 0x00000, 0x00000, 0x00000, 0x00000, 0x00000, 0x00000, 0x00000 }, 12 },  // $3C <
    { { 0x00000, 0x00014, 0x00014, 0x00014, 0x00014, 0x00014, 0x00014, 0x00014, 0x00014, 0x00000, 0x00000, 0x00000, 0x00000, 0x00000, 0x00000, 0x00000, 0x00000, 0x00000, 0x00000, 0x00000 }, 12 },  // $3D =
    { { 0x00000, 0x00000, 0x00041, 0x00000, 0x00022, 0x00000, 0x00014, 0x00000, 0x00008, 0x00000, 0x00000, 0x00000, 0x00000, 0x00000, 0x00000, 0x00000, 0x00000, 0x00000, 0x00000, 0x00000 }, 12 },  // $3E >
    { { 0x00000, 0x00002, 0x00000, 0x00001, 0x00001, 0x00051, 0x00009, 0x00000, 0x00006, 0x00000, 0x00000, 0x00000, 0x00000, 0x00000, 0x00000, 0x00000, 0x00000, 0x00000, 0x00000, 0x00000 }, 12 },  // $3F ?
    { { 0x00000, 0x00000, 0x00004, 0x00002, 0x00031, 0x00041, 0x00049, 0x00049, 0x00079, 0x00041, 0x00041, 0x00042, 0x0003c, 0x00000, 0x00000, 0x00000, 0x00000, 0x00000, 0x00000, 0x00000 }, 14 },  // $40 @
    { { 0x00000, 0x00040, 0x00060, 0x00010, 0x00018, 0x00014, 0x00012, 0x00011, 0x00012, 0x00014, 0x00018, 0x00010, 0x00060, 0x00040, 0x00000, 0x00000, 0x00000, 0x00000, 0x00000, 0x00000 }, 16 },  // $41 A
    { { 0x00000, 0x00041, 0x00041, 0x0007f, 0x00049, 0x00049, 0x00049, 0x00049, 0x00049, 0x00049, 0x00049, 0x00049, 0x00036, 0x00000, 0x00000, 0x00000, 0x00000, 0x00000, 0x00000, 0x00000 }, 15 },  // $42 B
    { { 0x00000, 0x0003e, 0x00041, 0x00041, 0x00041, 0x00041, 0x00041, 0x00041, 0x00041, 0x00041, 0x00041, 0x00022, 0x00000, 0x00000, 0x00000, 0x00000, 0x00000, 0x00000, 0x00000, 0x00000 }, 14 },  // $43 C
    { { 0x00000, 0x00041, 0x00041, 0x0007f, 0x00041, 0x00041, 0x00041, 0x00041, 0x00041, 0x00041, 0x00041, 0x00022, 0x0001c, 0x00000, 0x00000, 0x00000, 0x00000, 0x00000, 0x00000, 0x00000 }, 15 },  // $44 D
    { { 0x00000, 0x0007f, 0x00049, 0x00049, 0x00049, 0x00049, 0x00049, 0x0005d, 0x00041, 0x00041, 0x00063, 0x00000, 0x00000, 0x00000, 0x00000, 0x00000, 0x00000, 0x00000, 0x00000, 0x00000 }, 15 },  // $45 E
    { { 0x00000, 0x00000, 0x00041, 0x0007f, 0x00049, 0x00009, 0x00009, 0x00009, 0x0001d, 0x00001, 0x00001, 0x00001, 0x00000, 0x00000, 0x00000, 0x00000, 0x00000, 0x00000, 0x00000, 0x00000 }, 15 },  // $46 F
    { { 0x00000, 0x0001c, 0x00022, 0x00041, 0x00041, 0x00041, 0x00041, 0x00041, 0x00041, 0x00049, 0x00049, 0x0007a, 0x00008, 0x00008, 0x00000, 0x00000, 0x00000, 0x00000, 0x00000, 0x00000 }, 15 },  // $47 G
    { { 0x00000, 0x00041, 0x0007f, 0x00049, 0x00008, 0x00008, 0x00008, 0x00008, 0x00008, 0x00008, 0x00008, 0x00049, 0x0007f, 0x00041, 0x00000, 0x00000, 0x00000, 0x00000, 0x00000, 0x00000 }, 16 },  // $48 H
    { { 0x00000, 0x00041, 0x00041, 0x0007f, 0x00041, 0x00041, 0x00000, 0x00000, 0x00000, 0x00000, 0x00000, 0x00000, 0x00000, 0x00000, 0x00000, 0x00000, 0x00000, 0x00000, 0x00000, 0x00000 }, 9 },  // $49 I
    { { 0x00000, 0x00000, 0x00030, 0x00040, 0x00040, 0x00040, 0x00041, 0x00041, 0x0003f, 0x00001, 0x00001, 0x00000, 0x00000, 0x00000, 0x00000, 0x00000, 0x00000, 0x00000, 0x00000, 0x00000 }, 13 },  // $4A J
    { { 0x00000, 0x00041, 0x0007f, 0x00049, 0x00008, 0x00008, 0x00010, 0x00024, 0x00043, 0x00041, 0x00001, 0x00000, 0x00000, 0x00000, 0x00000, 0x00000, 0x00000, 0x00000, 0x00000, 0x00000 }, 12 },  // $4B K
    { { 0x00000, 0x00001, 0x0007f, 0x00041, 0x00040, 0x00040, 0x00040, 0x00040, 0x00040, 0x00040, 0x00040, 0x00000, 0x00000, 0x00000, 0x00000, 0x00000, 0x00000, 0x00000, 0x00000, 0x00000 }, 13 },  // $4C L
    { { 0x00000, 0x00000, 0x00041, 0x0007f, 0x00042, 0x00004, 0x00008, 0x00010, 0x00008, 0x00004, 0x00042, 0x0007f, 0x00041, 0x00000, 0x00000, 0x00000, 0x00000, 0x00000, 0x00000, 0x00000 }, 17 },  // $4D M
    { { 0x00000, 0x00000, 0x00041, 0x0007f, 0x00041, 0x00002, 0x00004, 0x00008, 0x00010, 0x00020, 0x00041, 0x0007f, 0x00041, 0x00000, 0x00000, 0x00000, 0x00000, 0x00000, 0x00000, 0x00000 }, 16 },  // $4E N
    { { 0x00000, 0x0001c, 0x00022, 0x00041, 0x00041, 0x00041, 0x00041, 0x00041, 0x00041, 0x00041, 0x00041, 0x00022, 0x0001c, 0x00000, 0x00000, 0x00000, 0x00000, 0x00000, 0x00000, 0x00000 }, 15 },  // $4F O
    { { 0x00000, 0x00049, 0x0007f, 0x00049, 0x00009, 0x00009, 0x00009, 0x00009, 0x00009, 0x00009, 0x00006, 0x00000, 0x00000, 0x00000, 0x00000, 0x00000, 0x00000, 0x00000, 0x00000, 0x00000 }, 13 },  // $50 P
    { { 0x00000, 0x0001c, 0x00022, 0x00041, 0x00041, 0x00041, 0x00041, 0x00041, 0x00051, 0x00051, 0x00051, 0x00022, 0x0001c, 0x00040, 0x00040, 0x00000, 0x00000, 0x00000, 0x00000, 0x00000 }, 16 },  // $51 Q
    { { 0x00000, 0x00049, 0x0007f, 0x00049, 0x00009, 0x00009, 0x00009, 0x00009, 0x00009, 0x00019, 0x00029, 0x0004e, 0x00000, 0x00000, 0x00000, 0x00000, 0x00000, 0x00000, 0x00000, 0x00000 }, 15 },  // $52 R
    { { 0x00000, 0x00026, 0x00049, 0x00049, 0x00049, 0x00049, 0x00049, 0x00049, 0x00049, 0x00032, 0x00000, 0x00000, 0x00000, 0x00000, 0x00000, 0x00000, 0x00000, 0x00000, 0x00000, 0x00000 }, 12 },  // $53 S
    { { 0x00000, 0x00003, 0x00001, 0x00001, 0x00001, 0x00041, 0x0007f, 0x00041, 0x00001, 0x00001, 0x00001, 0x00003, 0x00000, 0x00000, 0x00000, 0x00000, 0x00000, 0x00000, 0x00000, 0x00000 }, 14 },  // $54 T
    { { 0x00000, 0x00001, 0x0003f, 0x00041, 0x00040, 0x00040, 0x00040, 0x00040, 0x00040, 0x00040, 0x00041, 0x0003f, 0x00001, 0x00000, 0x00000, 0x00000, 0x00000, 0x00000, 0x00000, 0x00000 }, 15 },  // $55 U
    { { 0x00000, 0x00000, 0x00001, 0x00003, 0x00004, 0x00008, 0x00010, 0x00020, 0x00040, 0x00020, 0x00010, 0x00008, 0x00004, 0x00003, 0x00001, 0x00000, 0x00000, 0x00000, 0x00000, 0x00000 }, 16 },  // $56 V
    { { 0x00000, 0x00001, 0x0000f, 0x00011, 0x00020, 0x00040, 0x00020, 0x00010, 0x00008, 0x00010, 0x00020, 0x00040, 0x00020, 0x00011, 0x0000f, 0x00001, 0x00000, 0x00000, 0x00000, 0x00000 }, 17 },  // $57 W
    { { 0x00000, 0x00041, 0x00041, 0x00022, 0x00014, 0x00008, 0x00014, 0x00022, 0x00041, 0x00041, 0x00000, 0x00000, 0x00000, 0x00000, 0x00000, 0x00000, 0x00000, 0x00000, 0x00000, 0x00000 }, 11 },  // $58 X
    { { 0x00000, 0x00001, 0x00001, 0x00003, 0x00004, 0x00048, 0x00070, 0x00048, 0x00004, 0x00003, 0x00001, 0x00001, 0x00000, 0x00000, 0x00000, 0x00000, 0x00000, 0x00000, 0x00000, 0x00000 }, 14 },  // $59 Y
    { { 0x00000, 0x00000, 0x00043, 0x00061, 0x00051, 0x00049, 0x00045, 0x00043, 0x00061, 0x00000, 0x00000, 0x00000, 0x00000, 0x00000, 0x00000, 0x00000, 0x00000, 0x00000, 0x00000, 0x00000 }, 11 },  // $5A Z
    { { 0x00000, 0x00000, 0x00000, 0x0007f, 0x00041, 0x00041, 0x00041, 0x00041, 0x00041, 0x00000, 0x00000, 0x00000, 0x00000, 0x00000, 0x00000, 0x00000, 0x00000, 0x00000, 0x00000, 0x00000 }, 12 },  // $5B [
    { { 0x00000, 0x00000, 0x00001, 0x00002, 0x00004, 0x00008, 0x00010, 0x00020, 0x00040, 0x00000, 0x00000, 0x00000, 0x00000, 0x00000, 0x00000, 0x00000, 0x00000, 0x00000, 0x00000, 0x00000 }, 12 },  // $5C (backslash)
    { { 0x00000, 0x00000, 0x00000, 0x00041, 0x00041, 0x00041, 0x00041, 0x00041, 0x0007f, 0x00000, 0x00000, 0x00000, 0x00000, 0x00000, 0x00000, 0x00000, 0x00000, 0x00000, 0x00000, 0x00000 }, 12 },  // $5D ]
    { { 0x00000, 0x00000, 0x00000, 0x00002, 0x00000, 0x00001, 0x00000, 0x00002, 0x00000, 0x00000, 0x00000, 0x00000, 0x00000, 0x00000, 0x00000, 0x00000, 0x00000, 0x00000, 0x00000, 0x00000 }, 12 },  // $5E ^
    { { 0x00100, 0x00100, 0x00100, 0x00100, 0x00100, 0x00100, 0x00100, 0x00100, 0x00100, 0x00100, 0x00100, 0x00100, 0x00100, 0x00100, 0x00100, 0x00100, 0x00100, 0x00000, 0x00000, 0x00000 }, 17 },  // $5F _
    { { 0x00000, 0x00000, 0x00001, 0x00002, 0x00004, 0x00000, 0x00000, 0x00000, 0x00000, 0x00000, 0x00000, 0x00000, 0x00000, 0x00000, 0x00000, 0x00000, 0x00000, 0x00000, 0x00000, 0x00000 }, 7 },  // $60 `
    { { 0x00000, 0x00020, 0x00050, 0x00054, 0x00054, 0x00054, 0x00054, 0x00038, 0x00040, 0x00040, 0x00000, 0x00000, 0x00000, 0x00000, 0x00000, 0x00000, 0x00000, 0x00000, 0x00000, 0x00000 }, 12 },  // $61 a
    { { 0x00000, 0x0007f, 0x00044, 0x00044, 0x00044, 0x00044, 0x00044, 0x00044, 0x00038, 0x00000, 0x00000, 0x00000, 0x00000, 0x00000, 0x00000, 0x00000, 0x00000, 0x00000, 0x00000, 0x00000 }, 12 },  // $62 b
    { { 0x00000, 0x00038, 0x00044, 0x00044, 0x00044, 0x00044, 0x00044, 0x00044, 0x00000, 0x00000, 0x00000, 0x00000, 0x00000, 0x00000, 0x00000, 0x00000, 0x00000, 0x00000, 0x00000, 0x00000 }, 10 },  // $63 c
    { { 0x00000, 0x00038, 0x00044, 0x00044, 0x00044, 0x00044, 0x00044, 0x00044, 0x0007f, 0x00000, 0x00000, 0x00000, 0x00000, 0x00000, 0x00000, 0x00000, 0x00000, 0x00000, 0x00000, 0x00000 }, 12 },  // $64 d
    { { 0x00000, 0x00038, 0x00054, 0x00054, 0x00054, 0x00054, 0x00054, 0x00054, 0x00018, 0x00000, 0x00000, 0x00000, 0x00000, 0x00000, 0x00000, 0x00000, 0x00000, 0x00000, 0x00000, 0x00000 }, 12 },  // $65 e
    { { 0x00000, 0x00008, 0x00008, 0x00008, 0x0007e, 0x00009, 0x00009, 0x00009, 0x00000, 0x00000, 0x00000, 0x00000, 0x00000, 0x00000, 0x00000, 0x00000, 0x00000, 0x00000, 0x00000, 0x00000 }, 10 },  // $66 f
    { { 0x00000, 0x00038, 0x00144, 0x00144, 0x00144, 0x00144, 0x00144, 0x00144, 0x000fc, 0x00000, 0x00000, 0x00000, 0x00000, 0x00000, 0x00000, 0x00000, 0x00000, 0x00000, 0x00000, 0x00000 }, 12 },  // $67 g
    { { 0x00000, 0x0007f, 0x00004, 0x00004, 0x00004, 0x00004, 0x00004, 0x00004, 0x00078, 0x00000, 0x00000, 0x00000, 0x00000, 0x00000, 0x00000, 0x00000, 0x00000, 0x00000, 0x00000, 0x00000 }, 12 },  // $68 h
    { { 0x00000, 0x00044, 0x00044, 0x0007d, 0x00040, 0x00040, 0x00000, 0x00000, 0x00000, 0x00000, 0x00000, 0x00000, 0x00000, 0x00000, 0x00000, 0x00000, 0x00000, 0x00000, 0x00000, 0x00000 }, 8 },  // $69 i
    { { 0x00000, 0x00040, 0x00080, 0x00080, 0x00080, 0x0007d, 0x00000, 0x00000, 0x00000, 0x00000, 0x00000, 0x00000, 0x00000, 0x00000, 0x00000, 0x00000, 0x00000, 0x00000, 0x00000, 0x00000 }, 7 },  // $6A j
    { { 0x00000, 0x0007f, 0x00010, 0x00010, 0x00010, 0x00008, 0x00014, 0x00022, 0x00042, 0x00000, 0x00000, 0x00000, 0x00000, 0x00000, 0x00000, 0x00000, 0x00000, 0x00000, 0x00000, 0x00000 }, 10 },  // $6B k
    { { 0x00000, 0x00041, 0x00041, 0x0007f, 0x00040, 0x00040, 0x00000, 0x00000, 0x00000, 0x00000, 0x00000, 0x00000, 0x00000, 0x00000, 0x00000, 0x00000, 0x00000, 0x00000, 0x00000, 0x00000 }, 8 },  // $6C l
    { { 0x00000, 0x00000, 0x0007c, 0x00004, 0x00004, 0x00004, 0x00004, 0x0007c, 0x00004, 0x00004, 0x00004, 0x00004, 0x00078, 0x00000, 0x00000, 0x00000, 0x00000, 0x00000, 0x00000, 0x00000 }, 16 },  // $6D m
    { { 0x00000, 0x0007c, 0x00004, 0x00004, 0x00004, 0x00004, 0x00004, 0x00004, 0x00004, 0x00078, 0x00000, 0x00000, 0x00000, 0x00000, 0x00000, 0x00000, 0x00000, 0x00000, 0x00000, 0x00000 }, 12 },  // $6E n
    { { 0x00000, 0x00038, 0x00044, 0x00044, 0x00044, 0x00044, 0x00044, 0x00044, 0x00044, 0x00038, 0x00000, 0x00000, 0x00000, 0x00000, 0x00000, 0x00000, 0x00000, 0x00000, 0x00000, 0x00000 }, 12 },  // $6F o
    { { 0x00000, 0x001fc, 0x00044, 0x00044, 0x00044, 0x00044, 0x00044, 0x00044, 0x00044, 0x00038, 0x00000, 0x00000, 0x00000, 0x00000, 0x00000, 0x00000, 0x00000, 0x00000, 0x00000, 0x00000 }, 12 },  // $70 p
    { { 0x00000, 0x00038, 0x00044, 0x00044, 0x00044, 0x00044, 0x00044, 0x00044, 0x00044, 0x001fc, 0x00000, 0x00000, 0x00000, 0x00000, 0x00000, 0x00000, 0x00000, 0x00000, 0x00000, 0x00000 }, 12 },  // $71 q
    { { 0x00000, 0x0007c, 0x00004, 0x00004, 0x00004, 0x00004, 0x00004, 0x00008, 0x00000, 0x00000, 0x00000, 0x00000, 0x00000, 0x00000, 0x00000, 0x00000, 0x00000, 0x00000, 0x00000, 0x00000 }, 10 },  // $72 r
    { { 0x00000, 0x00008, 0x00054, 0x00054, 0x00054, 0x00054, 0x00054, 0x00054, 0x00054, 0x00020, 0x00000, 0x00000, 0x00000, 0x00000, 0x00000, 0x00000, 0x00000, 0x00000, 0x00000, 0x00000 }, 12 },  // $73 s
    { { 0x00000, 0x00004, 0x00004, 0x00004, 0x0003f, 0x00044, 0x00044, 0x00044, 0x00000, 0x00000, 0x00000, 0x00000, 0x00000, 0x00000, 0x00000, 0x00000, 0x00000, 0x00000, 0x00000, 0x00000 }, 10 },  // $74 t
    { { 0x00000, 0x0003c, 0x00040, 0x00040, 0x00040, 0x00040, 0x00040, 0x00040, 0x00040, 0x0007c, 0x00000, 0x00000, 0x00000, 0x00000, 0x00000, 0x00000, 0x00000, 0x00000, 0x00000, 0x00000 }, 12 },  // $75 u
    { { 0x00000, 0x00004, 0x00008, 0x00010, 0x00020, 0x00040, 0x00020, 0x00010, 0x00008, 0x00004, 0x00000, 0x00000, 0x00000, 0x00000, 0x00000, 0x00000, 0x00000, 0x00000, 0x00000, 0x00000 }, 12 },  // $76 v
    { { 0x00000, 0x0000c, 0x00010, 0x00020, 0x00040, 0x00020, 0x00010, 0x00008, 0x00010, 0x00020, 0x00040, 0x00020, 0x00010, 0x0000c, 0x00000, 0x00000, 0x00000, 0x00000, 0x00000, 0x00000 }, 16 },  // $77 w
    { { 0x00000, 0x00044, 0x00028, 0x00000, 0x00010, 0x00000, 0x00028, 0x00044, 0x00000, 0x00000, 0x00000, 0x00000, 0x00000, 0x00000, 0x00000, 0x00000, 0x00000, 0x00000, 0x00000, 0x00000 }, 12 },  // $78 x
    { { 0x00000, 0x00004, 0x00108, 0x00090, 0x00040, 0x00020, 0x00010, 0x00008, 0x00004, 0x00000, 0x00000, 0x00000, 0x00000, 0x00000, 0x00000, 0x00000, 0x00000, 0x00000, 0x00000, 0x00000 }, 12 },  // $79 y
    { { 0x00000, 0x00044, 0x00064, 0x00044, 0x00054, 0x00044, 0x0004c, 0x00044, 0x00000, 0x00000, 0x00000, 0x00000, 0x00000, 0x00000, 0x00000, 0x00000, 0x00000, 0x00000, 0x00000, 0x00000 }, 10 },  // $7A z
    { { 0x00000, 0x00008, 0x00000, 0x00036, 0x00041, 0x00041, 0x00041, 0x00000, 0x00000, 0x00000, 0x00000, 0x00000, 0x00000, 0x00000, 0x00000, 0x00000, 0x00000, 0x00000, 0x00000, 0x00000 }, 10 },  // $7B {
    { { 0x00000, 0x00000, 0x0007f, 0x00000, 0x00000, 0x00000, 0x00000, 0x00000, 0x00000, 0x00000, 0x00000, 0x00000, 0x00000, 0x00000, 0x00000, 0x00000, 0x00000, 0x00000, 0x00000, 0x00000 }, 7 },  // $7C |
    { { 0x00000, 0x00041, 0x00041, 0x00041, 0x00036, 0x00000, 0x00008, 0x00000, 0x00000, 0x00000, 0x00000, 0x00000, 0x00000, 0x00000, 0x00000, 0x00000, 0x00000, 0x00000, 0x00000, 0x00000 }, 10 },  // $7D }
    { { 0x00002, 0x00000, 0x00001, 0x00001, 0x00001, 0x00000, 0x00002, 0x00002, 0x00002, 0x00000, 0x00001, 0x00000, 0x00000, 0x00000, 0x00000, 0x00000, 0x00000, 0x00000, 0x00000, 0x00000 }, 13 },  // $7E ~
};
inline constexpr IwOverride kIw2StdPropOverrides[] = {
    { IwLocale::UK, 0x23, { { 0x00000, 0x00048, 0x00048, 0x0003c, 0x0002a, 0x00049, 0x00049, 0x00049, 0x00042, 0x00040, 0x00000, 0x00000, 0x00000, 0x00000, 0x00000, 0x00000, 0x00000, 0x00000, 0x00000, 0x00000 }, 13 } },
    { IwLocale::UK, 0x40, { { 0x00000, 0x00000, 0x00004, 0x00002, 0x00031, 0x00041, 0x00049, 0x00049, 0x00079, 0x00041, 0x00041, 0x00042, 0x0003c, 0x00000, 0x00000, 0x00000, 0x00000, 0x00000, 0x00000, 0x00000 }, 14 } },
    { IwLocale::UK, 0x5B, { { 0x00000, 0x00000, 0x00000, 0x0007f, 0x00041, 0x00041, 0x00041, 0x00041, 0x00041, 0x00000, 0x00000, 0x00000, 0x00000, 0x00000, 0x00000, 0x00000, 0x00000, 0x00000, 0x00000, 0x00000 }, 12 } },
    { IwLocale::UK, 0x5C, { { 0x00000, 0x00000, 0x00001, 0x00002, 0x00004, 0x00008, 0x00010, 0x00020, 0x00040, 0x00000, 0x00000, 0x00000, 0x00000, 0x00000, 0x00000, 0x00000, 0x00000, 0x00000, 0x00000, 0x00000 }, 12 } },
    { IwLocale::UK, 0x5D, { { 0x00000, 0x00000, 0x00000, 0x00041, 0x00041, 0x00041, 0x00041, 0x00041, 0x0007f, 0x00000, 0x00000, 0x00000, 0x00000, 0x00000, 0x00000, 0x00000, 0x00000, 0x00000, 0x00000, 0x00000 }, 12 } },
    { IwLocale::UK, 0x60, { { 0x00000, 0x00000, 0x00001, 0x00002, 0x00004, 0x00000, 0x00000, 0x00000, 0x00000, 0x00000, 0x00000, 0x00000, 0x00000, 0x00000, 0x00000, 0x00000, 0x00000, 0x00000, 0x00000, 0x00000 }, 7 } },
    { IwLocale::UK, 0x7B, { { 0x00000, 0x00008, 0x00000, 0x00036, 0x00041, 0x00041, 0x00041, 0x00000, 0x00000, 0x00000, 0x00000, 0x00000, 0x00000, 0x00000, 0x00000, 0x00000, 0x00000, 0x00000, 0x00000, 0x00000 }, 10 } },
    { IwLocale::UK, 0x7C, { { 0x00000, 0x00000, 0x0007f, 0x00000, 0x00000, 0x00000, 0x00000, 0x00000, 0x00000, 0x00000, 0x00000, 0x00000, 0x00000, 0x00000, 0x00000, 0x00000, 0x00000, 0x00000, 0x00000, 0x00000 }, 7 } },
    { IwLocale::UK, 0x7D, { { 0x00000, 0x00041, 0x00041, 0x00041, 0x00036, 0x00000, 0x00008, 0x00000, 0x00000, 0x00000, 0x00000, 0x00000, 0x00000, 0x00000, 0x00000, 0x00000, 0x00000, 0x00000, 0x00000, 0x00000 }, 10 } },
    { IwLocale::UK, 0x7E, { { 0x00002, 0x00000, 0x00001, 0x00001, 0x00001, 0x00000, 0x00002, 0x00002, 0x00002, 0x00000, 0x00001, 0x00000, 0x00000, 0x00000, 0x00000, 0x00000, 0x00000, 0x00000, 0x00000, 0x00000 }, 13 } },
    { IwLocale::FR, 0x23, { { 0x00000, 0x00048, 0x00048, 0x0003c, 0x0002a, 0x00049, 0x00049, 0x00049, 0x00042, 0x00040, 0x00000, 0x00000, 0x00000, 0x00000, 0x00000, 0x00000, 0x00000, 0x00000, 0x00000, 0x00000 }, 13 } },
    { IwLocale::FR, 0x40, { { 0x00000, 0x00020, 0x00050, 0x00055, 0x00054, 0x00056, 0x00054, 0x00038, 0x00040, 0x00000, 0x00000, 0x00000, 0x00000, 0x00000, 0x00000, 0x00000, 0x00000, 0x00000, 0x00000, 0x00000 }, 12 } },
    { IwLocale::FR, 0x5B, { { 0x00000, 0x00000, 0x00000, 0x00002, 0x00005, 0x00005, 0x00005, 0x00002, 0x00000, 0x00000, 0x00000, 0x00000, 0x00000, 0x00000, 0x00000, 0x00000, 0x00000, 0x00000, 0x00000, 0x00000 }, 13 } },
    { IwLocale::FR, 0x5C, { { 0x00000, 0x00038, 0x00144, 0x00144, 0x00144, 0x001c4, 0x00044, 0x00044, 0x00000, 0x00000, 0x00000, 0x00000, 0x00000, 0x00000, 0x00000, 0x00000, 0x00000, 0x00000, 0x00000, 0x00000 }, 10 } },
    { IwLocale::FR, 0x5D, { { 0x00000, 0x00000, 0x0000a, 0x00055, 0x00055, 0x00055, 0x00055, 0x00055, 0x00028, 0x00000, 0x00000, 0x00000, 0x00000, 0x00000, 0x00000, 0x00000, 0x00000, 0x00000, 0x00000, 0x00000 }, 12 } },
    { IwLocale::FR, 0x60, { { 0x00000, 0x00000, 0x00001, 0x00002, 0x00004, 0x00000, 0x00000, 0x00000, 0x00000, 0x00000, 0x00000, 0x00000, 0x00000, 0x00000, 0x00000, 0x00000, 0x00000, 0x00000, 0x00000, 0x00000 }, 7 } },
    { IwLocale::FR, 0x7B, { { 0x00000, 0x00000, 0x00038, 0x00054, 0x00054, 0x00056, 0x00054, 0x00055, 0x00018, 0x00000, 0x00000, 0x00000, 0x00000, 0x00000, 0x00000, 0x00000, 0x00000, 0x00000, 0x00000, 0x00000 }, 12 } },
    { IwLocale::FR, 0x7C, { { 0x00000, 0x0003c, 0x00040, 0x00041, 0x00040, 0x00042, 0x00040, 0x00040, 0x00040, 0x0003c, 0x00040, 0x00000, 0x00000, 0x00000, 0x00000, 0x00000, 0x00000, 0x00000, 0x00000, 0x00000 }, 12 } },
    { IwLocale::FR, 0x7D, { { 0x00000, 0x00038, 0x00054, 0x00055, 0x00054, 0x00056, 0x00054, 0x00054, 0x00018, 0x00000, 0x00000, 0x00000, 0x00000, 0x00000, 0x00000, 0x00000, 0x00000, 0x00000, 0x00000, 0x00000 }, 12 } },
    { IwLocale::FR, 0x7E, { { 0x00000, 0x00000, 0x00000, 0x00001, 0x00000, 0x00000, 0x00000, 0x00001, 0x00000, 0x00000, 0x00000, 0x00000, 0x00000, 0x00000, 0x00000, 0x00000, 0x00000, 0x00000, 0x00000, 0x00000 }, 13 } },
    { IwLocale::DE, 0x23, { { 0x00000, 0x00014, 0x00014, 0x0007f, 0x00014, 0x00014, 0x00014, 0x00014, 0x0007f, 0x00014, 0x00014, 0x00000, 0x00000, 0x00000, 0x00000, 0x00000, 0x00000, 0x00000, 0x00000, 0x00000 }, 14 } },
    { IwLocale::DE, 0x40, { { 0x00000, 0x00000, 0x0000a, 0x00055, 0x00055, 0x00055, 0x00055, 0x00055, 0x00028, 0x00000, 0x00000, 0x00000, 0x00000, 0x00000, 0x00000, 0x00000, 0x00000, 0x00000, 0x00000, 0x00000 }, 12 } },
    { IwLocale::DE, 0x5B, { { 0x00000, 0x00040, 0x00060, 0x00010, 0x00019, 0x00014, 0x00012, 0x00012, 0x00012, 0x00014, 0x00019, 0x00010, 0x00060, 0x00040, 0x00000, 0x00000, 0x00000, 0x00000, 0x00000, 0x00000 }, 16 } },
    { IwLocale::DE, 0x5C, { { 0x00000, 0x00038, 0x00045, 0x00042, 0x00042, 0x00042, 0x00042, 0x00042, 0x00042, 0x00042, 0x00042, 0x00025, 0x00018, 0x00000, 0x00000, 0x00000, 0x00000, 0x00000, 0x00000, 0x00000 }, 15 } },
    { IwLocale::DE, 0x5D, { { 0x00000, 0x00004, 0x0003d, 0x00044, 0x00040, 0x00040, 0x00040, 0x00040, 0x00040, 0x00040, 0x00044, 0x0003d, 0x00004, 0x00000, 0x00000, 0x00000, 0x00000, 0x00000, 0x00000, 0x00000 }, 15 } },
    { IwLocale::DE, 0x60, { { 0x00000, 0x00000, 0x00001, 0x00002, 0x00004, 0x00000, 0x00000, 0x00000, 0x00000, 0x00000, 0x00000, 0x00000, 0x00000, 0x00000, 0x00000, 0x00000, 0x00000, 0x00000, 0x00000, 0x00000 }, 7 } },
    { IwLocale::DE, 0x7B, { { 0x00000, 0x00020, 0x00050, 0x00055, 0x00054, 0x00054, 0x00054, 0x00039, 0x00040, 0x00040, 0x00000, 0x00000, 0x00000, 0x00000, 0x00000, 0x00000, 0x00000, 0x00000, 0x00000, 0x00000 }, 12 } },
    { IwLocale::DE, 0x7C, { { 0x00000, 0x00038, 0x00045, 0x00044, 0x00044, 0x00044, 0x00044, 0x00044, 0x00045, 0x00038, 0x00000, 0x00000, 0x00000, 0x00000, 0x00000, 0x00000, 0x00000, 0x00000, 0x00000, 0x00000 }, 12 } },
    { IwLocale::DE, 0x7D, { { 0x00000, 0x0003c, 0x00040, 0x00041, 0x00040, 0x00040, 0x00040, 0x00041, 0x00040, 0x0003c, 0x00040, 0x00000, 0x00000, 0x00000, 0x00000, 0x00000, 0x00000, 0x00000, 0x00000, 0x00000 }, 12 } },
    { IwLocale::DE, 0x7E, { { 0x00000, 0x00040, 0x0003e, 0x00025, 0x00025, 0x00025, 0x00025, 0x00025, 0x00025, 0x00002, 0x00018, 0x00000, 0x00000, 0x00000, 0x00000, 0x00000, 0x00000, 0x00000, 0x00000, 0x00000 }, 14 } },
    { IwLocale::IT, 0x23, { { 0x00000, 0x00048, 0x00048, 0x0003c, 0x0002a, 0x00049, 0x00049, 0x00049, 0x00042, 0x00040, 0x00000, 0x00000, 0x00000, 0x00000, 0x00000, 0x00000, 0x00000, 0x00000, 0x00000, 0x00000 }, 13 } },
    { IwLocale::IT, 0x40, { { 0x00000, 0x00000, 0x0000a, 0x00055, 0x00055, 0x00055, 0x00055, 0x00055, 0x00028, 0x00000, 0x00000, 0x00000, 0x00000, 0x00000, 0x00000, 0x00000, 0x00000, 0x00000, 0x00000, 0x00000 }, 12 } },
    { IwLocale::IT, 0x5B, { { 0x00000, 0x00000, 0x00000, 0x00002, 0x00005, 0x00005, 0x00005, 0x00002, 0x00000, 0x00000, 0x00000, 0x00000, 0x00000, 0x00000, 0x00000, 0x00000, 0x00000, 0x00000, 0x00000, 0x00000 }, 13 } },
    { IwLocale::IT, 0x5C, { { 0x00000, 0x00038, 0x00144, 0x00144, 0x00144, 0x001c4, 0x00044, 0x00044, 0x00000, 0x00000, 0x00000, 0x00000, 0x00000, 0x00000, 0x00000, 0x00000, 0x00000, 0x00000, 0x00000, 0x00000 }, 10 } },
    { IwLocale::IT, 0x5D, { { 0x00000, 0x00000, 0x00038, 0x00054, 0x00054, 0x00056, 0x00054, 0x00055, 0x00018, 0x00000, 0x00000, 0x00000, 0x00000, 0x00000, 0x00000, 0x00000, 0x00000, 0x00000, 0x00000, 0x00000 }, 12 } },
    { IwLocale::IT, 0x60, { { 0x00000, 0x0003c, 0x00040, 0x00041, 0x00040, 0x00042, 0x00040, 0x00040, 0x00040, 0x0003c, 0x00040, 0x00000, 0x00000, 0x00000, 0x00000, 0x00000, 0x00000, 0x00000, 0x00000, 0x00000 }, 12 } },
    { IwLocale::IT, 0x7B, { { 0x00000, 0x00020, 0x00050, 0x00055, 0x00054, 0x00056, 0x00054, 0x00038, 0x00040, 0x00040, 0x00000, 0x00000, 0x00000, 0x00000, 0x00000, 0x00000, 0x00000, 0x00000, 0x00000, 0x00000 }, 12 } },
    { IwLocale::IT, 0x7C, { { 0x00000, 0x00038, 0x00044, 0x00045, 0x00044, 0x00046, 0x00044, 0x00044, 0x00044, 0x00038, 0x00000, 0x00000, 0x00000, 0x00000, 0x00000, 0x00000, 0x00000, 0x00000, 0x00000, 0x00000 }, 12 } },
    { IwLocale::IT, 0x7D, { { 0x00000, 0x00038, 0x00054, 0x00055, 0x00054, 0x00056, 0x00054, 0x00054, 0x00018, 0x00000, 0x00000, 0x00000, 0x00000, 0x00000, 0x00000, 0x00000, 0x00000, 0x00000, 0x00000, 0x00000 }, 12 } },
    { IwLocale::IT, 0x7E, { { 0x00000, 0x00049, 0x00048, 0x0007a, 0x00040, 0x00040, 0x00000, 0x00000, 0x00000, 0x00000, 0x00000, 0x00000, 0x00000, 0x00000, 0x00000, 0x00000, 0x00000, 0x00000, 0x00000, 0x00000 }, 8 } },
    { IwLocale::SE, 0x23, { { 0x00000, 0x00014, 0x00014, 0x0007f, 0x00014, 0x00014, 0x00014, 0x00014, 0x0007f, 0x00014, 0x00014, 0x00000, 0x00000, 0x00000, 0x00000, 0x00000, 0x00000, 0x00000, 0x00000, 0x00000 }, 14 } },
    { IwLocale::SE, 0x40, { { 0x00000, 0x00000, 0x00004, 0x00002, 0x00031, 0x00041, 0x00049, 0x00049, 0x00079, 0x00041, 0x00041, 0x00042, 0x0003c, 0x00000, 0x00000, 0x00000, 0x00000, 0x00000, 0x00000, 0x00000 }, 14 } },
    { IwLocale::SE, 0x5B, { { 0x00000, 0x00040, 0x00060, 0x00010, 0x00019, 0x00014, 0x00012, 0x00012, 0x00012, 0x00014, 0x00019, 0x00010, 0x00060, 0x00040, 0x00000, 0x00000, 0x00000, 0x00000, 0x00000, 0x00000 }, 16 } },
    { IwLocale::SE, 0x5C, { { 0x00000, 0x00038, 0x00045, 0x00042, 0x00042, 0x00042, 0x00042, 0x00042, 0x00042, 0x00042, 0x00042, 0x00025, 0x00018, 0x00000, 0x00000, 0x00000, 0x00000, 0x00000, 0x00000, 0x00000 }, 15 } },
    { IwLocale::SE, 0x5D, { { 0x00000, 0x00040, 0x00060, 0x00010, 0x00018, 0x00016, 0x00015, 0x00015, 0x00015, 0x00016, 0x00018, 0x00010, 0x00060, 0x00040, 0x00000, 0x00000, 0x00000, 0x00000, 0x00000, 0x00000 }, 16 } },
    { IwLocale::SE, 0x60, { { 0x00000, 0x00000, 0x00001, 0x00002, 0x00004, 0x00000, 0x00000, 0x00000, 0x00000, 0x00000, 0x00000, 0x00000, 0x00000, 0x00000, 0x00000, 0x00000, 0x00000, 0x00000, 0x00000, 0x00000 }, 7 } },
    { IwLocale::SE, 0x7B, { { 0x00000, 0x00020, 0x00050, 0x00055, 0x00054, 0x00054, 0x00054, 0x00039, 0x00040, 0x00040, 0x00000, 0x00000, 0x00000, 0x00000, 0x00000, 0x00000, 0x00000, 0x00000, 0x00000, 0x00000 }, 12 } },
    { IwLocale::SE, 0x7C, { { 0x00000, 0x00038, 0x00045, 0x00044, 0x00044, 0x00044, 0x00044, 0x00044, 0x00045, 0x00038, 0x00000, 0x00000, 0x00000, 0x00000, 0x00000, 0x00000, 0x00000, 0x00000, 0x00000, 0x00000 }, 12 } },
    { IwLocale::SE, 0x7D, { { 0x00000, 0x00020, 0x00050, 0x00057, 0x00055, 0x00055, 0x00057, 0x00038, 0x00040, 0x00040, 0x00000, 0x00000, 0x00000, 0x00000, 0x00000, 0x00000, 0x00000, 0x00000, 0x00000, 0x00000 }, 12 } },
    { IwLocale::SE, 0x7E, { { 0x00002, 0x00000, 0x00001, 0x00001, 0x00001, 0x00000, 0x00002, 0x00002, 0x00002, 0x00000, 0x00001, 0x00000, 0x00000, 0x00000, 0x00000, 0x00000, 0x00000, 0x00000, 0x00000, 0x00000 }, 13 } },
    { IwLocale::ES, 0x23, { { 0x00000, 0x00048, 0x00048, 0x0003c, 0x0002a, 0x00049, 0x00049, 0x00049, 0x00042, 0x00040, 0x00000, 0x00000, 0x00000, 0x00000, 0x00000, 0x00000, 0x00000, 0x00000, 0x00000, 0x00000 }, 13 } },
    { IwLocale::ES, 0x40, { { 0x00000, 0x00000, 0x0000a, 0x00055, 0x00055, 0x00055, 0x00055, 0x00055, 0x00028, 0x00000, 0x00000, 0x00000, 0x00000, 0x00000, 0x00000, 0x00000, 0x00000, 0x00000, 0x00000, 0x00000 }, 12 } },
    { IwLocale::ES, 0x5B, { { 0x00000, 0x00000, 0x00000, 0x001f4, 0x00000, 0x00000, 0x00000, 0x00000, 0x00000, 0x00000, 0x00000, 0x00000, 0x00000, 0x00000, 0x00000, 0x00000, 0x00000, 0x00000, 0x00000, 0x00000 }, 7 } },
    { IwLocale::ES, 0x5C, { { 0x00000, 0x00000, 0x00046, 0x0007c, 0x00045, 0x00005, 0x00009, 0x00010, 0x00022, 0x00042, 0x00046, 0x0007c, 0x00045, 0x00000, 0x00000, 0x00000, 0x00000, 0x00000, 0x00000, 0x00000 }, 16 } },
    { IwLocale::ES, 0x5D, { { 0x00000, 0x000c0, 0x00000, 0x00120, 0x00114, 0x00100, 0x00100, 0x00000, 0x00080, 0x00000, 0x00000, 0x00000, 0x00000, 0x00000, 0x00000, 0x00000, 0x00000, 0x00000, 0x00000, 0x00000 }, 12 } },
    { IwLocale::ES, 0x60, { { 0x00000, 0x00000, 0x00001, 0x00002, 0x00004, 0x00000, 0x00000, 0x00000, 0x00000, 0x00000, 0x00000, 0x00000, 0x00000, 0x00000, 0x00000, 0x00000, 0x00000, 0x00000, 0x00000, 0x00000 }, 7 } },
    { IwLocale::ES, 0x7B, { { 0x00000, 0x00000, 0x00000, 0x00002, 0x00005, 0x00005, 0x00005, 0x00002, 0x00000, 0x00000, 0x00000, 0x00000, 0x00000, 0x00000, 0x00000, 0x00000, 0x00000, 0x00000, 0x00000, 0x00000 }, 13 } },
    { IwLocale::ES, 0x7C, { { 0x00002, 0x0007c, 0x00005, 0x00005, 0x00005, 0x00004, 0x00006, 0x00006, 0x00006, 0x00078, 0x00001, 0x00000, 0x00000, 0x00000, 0x00000, 0x00000, 0x00000, 0x00000, 0x00000, 0x00000 }, 12 } },
    { IwLocale::ES, 0x7D, { { 0x00000, 0x00038, 0x00144, 0x00144, 0x00144, 0x001c4, 0x00044, 0x00044, 0x00000, 0x00000, 0x00000, 0x00000, 0x00000, 0x00000, 0x00000, 0x00000, 0x00000, 0x00000, 0x00000, 0x00000 }, 10 } },
    { IwLocale::ES, 0x7E, { { 0x00002, 0x00000, 0x00001, 0x00001, 0x00001, 0x00000, 0x00002, 0x00002, 0x00002, 0x00000, 0x00001, 0x00000, 0x00000, 0x00000, 0x00000, 0x00000, 0x00000, 0x00000, 0x00000, 0x00000 }, 13 } },
    { IwLocale::DK, 0x23, { { 0x00000, 0x00014, 0x00014, 0x0007f, 0x00014, 0x00014, 0x00014, 0x00014, 0x0007f, 0x00014, 0x00014, 0x00000, 0x00000, 0x00000, 0x00000, 0x00000, 0x00000, 0x00000, 0x00000, 0x00000 }, 14 } },
    { IwLocale::DK, 0x40, { { 0x00000, 0x00000, 0x00004, 0x00002, 0x00031, 0x00041, 0x00049, 0x00049, 0x00079, 0x00041, 0x00041, 0x00042, 0x0003c, 0x00000, 0x00000, 0x00000, 0x00000, 0x00000, 0x00000, 0x00000 }, 14 } },
    { IwLocale::DK, 0x5B, { { 0x00000, 0x00070, 0x00008, 0x0000c, 0x0000a, 0x00009, 0x00009, 0x00009, 0x00009, 0x0007f, 0x00049, 0x00049, 0x00049, 0x00049, 0x00049, 0x00041, 0x00041, 0x00040, 0x00000, 0x00000 }, 19 } },
    { IwLocale::DK, 0x5C, { { 0x00000, 0x0001c, 0x00022, 0x00051, 0x00049, 0x00049, 0x00045, 0x00022, 0x0001c, 0x00000, 0x00000, 0x00000, 0x00000, 0x00000, 0x00000, 0x00000, 0x00000, 0x00000, 0x00000, 0x00000 }, 12 } },
    { IwLocale::DK, 0x5D, { { 0x00000, 0x00040, 0x00060, 0x00010, 0x00018, 0x00016, 0x00015, 0x00015, 0x00015, 0x00016, 0x00018, 0x00010, 0x00060, 0x00040, 0x00000, 0x00000, 0x00000, 0x00000, 0x00000, 0x00000 }, 16 } },
    { IwLocale::DK, 0x60, { { 0x00000, 0x00000, 0x00001, 0x00002, 0x00004, 0x00000, 0x00000, 0x00000, 0x00000, 0x00000, 0x00000, 0x00000, 0x00000, 0x00000, 0x00000, 0x00000, 0x00000, 0x00000, 0x00000, 0x00000 }, 7 } },
    { IwLocale::DK, 0x7B, { { 0x00000, 0x00000, 0x00030, 0x00054, 0x00054, 0x00054, 0x00054, 0x00038, 0x00054, 0x00054, 0x00054, 0x00054, 0x00008, 0x00000, 0x00000, 0x00000, 0x00000, 0x00000, 0x00000, 0x00000 }, 14 } },
    { IwLocale::DK, 0x7C, { { 0x00000, 0x000b8, 0x00064, 0x00044, 0x00054, 0x00054, 0x00044, 0x0004c, 0x0003a, 0x00000, 0x00000, 0x00000, 0x00000, 0x00000, 0x00000, 0x00000, 0x00000, 0x00000, 0x00000, 0x00000 }, 11 } },
    { IwLocale::DK, 0x7D, { { 0x00000, 0x00020, 0x00050, 0x00057, 0x00055, 0x00055, 0x00057, 0x00038, 0x00040, 0x00040, 0x00000, 0x00000, 0x00000, 0x00000, 0x00000, 0x00000, 0x00000, 0x00000, 0x00000, 0x00000 }, 12 } },
    { IwLocale::DK, 0x7E, { { 0x00002, 0x00000, 0x00001, 0x00001, 0x00001, 0x00000, 0x00002, 0x00002, 0x00002, 0x00000, 0x00001, 0x00000, 0x00000, 0x00000, 0x00000, 0x00000, 0x00000, 0x00000, 0x00000, 0x00000 }, 13 } },
};
inline constexpr size_t kIw2StdPropOverridesCount =
    sizeof(kIw2StdPropOverrides) / sizeof(kIw2StdPropOverrides[0]);

// ──────────────────────────────────────────────────────────────────────
/// ImageWriter I standard fixed.
inline constexpr IwGlyph kIw1Fixed[kIwCodeCount] = {
    { { 0x00000, 0x00000, 0x00000, 0x00000, 0x00000, 0x00000, 0x00000, 0x00000, 0x00000, 0x00000, 0x00000, 0x00000, 0x00000, 0x00000, 0x00000, 0x00000, 0x00000, 0x00000, 0x00000, 0x00000 }, 8 },  // $20  
    { { 0x00000, 0x00000, 0x00000, 0x0004f, 0x00000, 0x00000, 0x00000, 0x00000, 0x00000, 0x00000, 0x00000, 0x00000, 0x00000, 0x00000, 0x00000, 0x00000, 0x00000, 0x00000, 0x00000, 0x00000 }, 8 },  // $21 !
    { { 0x00000, 0x00000, 0x00007, 0x00000, 0x00007, 0x00000, 0x00000, 0x00000, 0x00000, 0x00000, 0x00000, 0x00000, 0x00000, 0x00000, 0x00000, 0x00000, 0x00000, 0x00000, 0x00000, 0x00000 }, 8 },  // $22 "
    { { 0x00000, 0x00014, 0x0007f, 0x00014, 0x00014, 0x0007f, 0x00014, 0x00000, 0x00000, 0x00000, 0x00000, 0x00000, 0x00000, 0x00000, 0x00000, 0x00000, 0x00000, 0x00000, 0x00000, 0x00000 }, 8 },  // $23 #
    { { 0x00004, 0x0002a, 0x0002a, 0x0007f, 0x0002a, 0x0002a, 0x00010, 0x00000, 0x00000, 0x00000, 0x00000, 0x00000, 0x00000, 0x00000, 0x00000, 0x00000, 0x00000, 0x00000, 0x00000, 0x00000 }, 8 },  // $24 $
    { { 0x00043, 0x00023, 0x00010, 0x00008, 0x00004, 0x00062, 0x00061, 0x00000, 0x00000, 0x00000, 0x00000, 0x00000, 0x00000, 0x00000, 0x00000, 0x00000, 0x00000, 0x00000, 0x00000, 0x00000 }, 8 },  // $25 %
    { { 0x00030, 0x0004e, 0x00049, 0x00056, 0x00020, 0x00050, 0x00048, 0x00000, 0x00000, 0x00000, 0x00000, 0x00000, 0x00000, 0x00000, 0x00000, 0x00000, 0x00000, 0x00000, 0x00000, 0x00000 }, 8 },  // $26 &
    { { 0x00000, 0x00000, 0x00004, 0x00002, 0x00001, 0x00000, 0x00000, 0x00000, 0x00000, 0x00000, 0x00000, 0x00000, 0x00000, 0x00000, 0x00000, 0x00000, 0x00000, 0x00000, 0x00000, 0x00000 }, 8 },  // $27 '
    { { 0x00000, 0x00000, 0x0001c, 0x00022, 0x00041, 0x00000, 0x00000, 0x00000, 0x00000, 0x00000, 0x00000, 0x00000, 0x00000, 0x00000, 0x00000, 0x00000, 0x00000, 0x00000, 0x00000, 0x00000 }, 8 },  // $28 (
    { { 0x00000, 0x00000, 0x00041, 0x00022, 0x0001c, 0x00000, 0x00000, 0x00000, 0x00000, 0x00000, 0x00000, 0x00000, 0x00000, 0x00000, 0x00000, 0x00000, 0x00000, 0x00000, 0x00000, 0x00000 }, 8 },  // $29 )
    { { 0x00000, 0x00008, 0x0002a, 0x0001c, 0x0001c, 0x0002a, 0x00008, 0x00000, 0x00000, 0x00000, 0x00000, 0x00000, 0x00000, 0x00000, 0x00000, 0x00000, 0x00000, 0x00000, 0x00000, 0x00000 }, 8 },  // $2A *
    { { 0x00000, 0x00008, 0x00008, 0x0003e, 0x00008, 0x00008, 0x00000, 0x00000, 0x00000, 0x00000, 0x00000, 0x00000, 0x00000, 0x00000, 0x00000, 0x00000, 0x00000, 0x00000, 0x00000, 0x00000 }, 8 },  // $2B +
    { { 0x00000, 0x00000, 0x00000, 0x00160, 0x000e0, 0x00000, 0x00000, 0x00000, 0x00000, 0x00000, 0x00000, 0x00000, 0x00000, 0x00000, 0x00000, 0x00000, 0x00000, 0x00000, 0x00000, 0x00000 }, 8 },  // $2C ,
    { { 0x00000, 0x00008, 0x00008, 0x00008, 0x00008, 0x00008, 0x00008, 0x00000, 0x00000, 0x00000, 0x00000, 0x00000, 0x00000, 0x00000, 0x00000, 0x00000, 0x00000, 0x00000, 0x00000, 0x00000 }, 8 },  // $2D -
    { { 0x00000, 0x00000, 0x00000, 0x00060, 0x00060, 0x00000, 0x00000, 0x00000, 0x00000, 0x00000, 0x00000, 0x00000, 0x00000, 0x00000, 0x00000, 0x00000, 0x00000, 0x00000, 0x00000, 0x00000 }, 8 },  // $2E .
    { { 0x00040, 0x00020, 0x00010, 0x00008, 0x00004, 0x00002, 0x00001, 0x00000, 0x00000, 0x00000, 0x00000, 0x00000, 0x00000, 0x00000, 0x00000, 0x00000, 0x00000, 0x00000, 0x00000, 0x00000 }, 8 },  // $2F /
    { { 0x00000, 0x0003e, 0x00041, 0x00041, 0x00041, 0x0003e, 0x00000, 0x00000, 0x00000, 0x00000, 0x00000, 0x00000, 0x00000, 0x00000, 0x00000, 0x00000, 0x00000, 0x00000, 0x00000, 0x00000 }, 8 },  // $30 0
    { { 0x00000, 0x00000, 0x00042, 0x0007f, 0x00040, 0x00000, 0x00000, 0x00000, 0x00000, 0x00000, 0x00000, 0x00000, 0x00000, 0x00000, 0x00000, 0x00000, 0x00000, 0x00000, 0x00000, 0x00000 }, 8 },  // $31 1
    { { 0x00000, 0x00042, 0x00061, 0x00051, 0x00049, 0x00049, 0x00046, 0x00000, 0x00000, 0x00000, 0x00000, 0x00000, 0x00000, 0x00000, 0x00000, 0x00000, 0x00000, 0x00000, 0x00000, 0x00000 }, 8 },  // $32 2
    { { 0x00000, 0x00022, 0x00041, 0x00049, 0x00049, 0x00049, 0x00036, 0x00000, 0x00000, 0x00000, 0x00000, 0x00000, 0x00000, 0x00000, 0x00000, 0x00000, 0x00000, 0x00000, 0x00000, 0x00000 }, 8 },  // $33 3
    { { 0x00000, 0x00018, 0x00014, 0x00012, 0x00011, 0x0007f, 0x00010, 0x00000, 0x00000, 0x00000, 0x00000, 0x00000, 0x00000, 0x00000, 0x00000, 0x00000, 0x00000, 0x00000, 0x00000, 0x00000 }, 8 },  // $34 4
    { { 0x00000, 0x00047, 0x00045, 0x00045, 0x00045, 0x00045, 0x00039, 0x00000, 0x00000, 0x00000, 0x00000, 0x00000, 0x00000, 0x00000, 0x00000, 0x00000, 0x00000, 0x00000, 0x00000, 0x00000 }, 8 },  // $35 5
    { { 0x00000, 0x00030, 0x00048, 0x0004c, 0x0004a, 0x00049, 0x00030, 0x00000, 0x00000, 0x00000, 0x00000, 0x00000, 0x00000, 0x00000, 0x00000, 0x00000, 0x00000, 0x00000, 0x00000, 0x00000 }, 8 },  // $36 6
    { { 0x00000, 0x00001, 0x00061, 0x00011, 0x00009, 0x00005, 0x00003, 0x00000, 0x00000, 0x00000, 0x00000, 0x00000, 0x00000, 0x00000, 0x00000, 0x00000, 0x00000, 0x00000, 0x00000, 0x00000 }, 8 },  // $37 7
    { { 0x00000, 0x00036, 0x00049, 0x00049, 0x00049, 0x00049, 0x00036, 0x00000, 0x00000, 0x00000, 0x00000, 0x00000, 0x00000, 0x00000, 0x00000, 0x00000, 0x00000, 0x00000, 0x00000, 0x00000 }, 8 },  // $38 8
    { { 0x00000, 0x00006, 0x00049, 0x00029, 0x00019, 0x00009, 0x00006, 0x00000, 0x00000, 0x00000, 0x00000, 0x00000, 0x00000, 0x00000, 0x00000, 0x00000, 0x00000, 0x00000, 0x00000, 0x00000 }, 8 },  // $39 9
    { { 0x00000, 0x00000, 0x00000, 0x0006c, 0x0006c, 0x00000, 0x00000, 0x00000, 0x00000, 0x00000, 0x00000, 0x00000, 0x00000, 0x00000, 0x00000, 0x00000, 0x00000, 0x00000, 0x00000, 0x00000 }, 8 },  // $3A :
    { { 0x00000, 0x00000, 0x0016c, 0x000ec, 0x00000, 0x00000, 0x00000, 0x00000, 0x00000, 0x00000, 0x00000, 0x00000, 0x00000, 0x00000, 0x00000, 0x00000, 0x00000, 0x00000, 0x00000, 0x00000 }, 8 },  // $3B ;
    { { 0x00000, 0x00000, 0x00008, 0x00014, 0x00022, 0x00041, 0x00000, 0x00000, 0x00000, 0x00000, 0x00000, 0x00000, 0x00000, 0x00000, 0x00000, 0x00000, 0x00000, 0x00000, 0x00000, 0x00000 }, 8 },  // $3C <
    { { 0x00014, 0x00014, 0x00014, 0x00014, 0x00014, 0x00014, 0x00014, 0x00000, 0x00000, 0x00000, 0x00000, 0x00000, 0x00000, 0x00000, 0x00000, 0x00000, 0x00000, 0x00000, 0x00000, 0x00000 }, 8 },  // $3D =
    { { 0x00000, 0x00000, 0x00041, 0x00022, 0x00014, 0x00008, 0x00000, 0x00000, 0x00000, 0x00000, 0x00000, 0x00000, 0x00000, 0x00000, 0x00000, 0x00000, 0x00000, 0x00000, 0x00000, 0x00000 }, 8 },  // $3E >
    { { 0x00000, 0x00002, 0x00001, 0x00051, 0x00009, 0x00009, 0x00006, 0x00000, 0x00000, 0x00000, 0x00000, 0x00000, 0x00000, 0x00000, 0x00000, 0x00000, 0x00000, 0x00000, 0x00000, 0x00000 }, 8 },  // $3F ?
    { { 0x00000, 0x00002, 0x00071, 0x00049, 0x00079, 0x00041, 0x0003e, 0x00000, 0x00000, 0x00000, 0x00000, 0x00000, 0x00000, 0x00000, 0x00000, 0x00000, 0x00000, 0x00000, 0x00000, 0x00000 }, 8 },  // $40 @
    { { 0x00078, 0x00014, 0x00012, 0x00011, 0x00012, 0x00014, 0x00078, 0x00000, 0x00000, 0x00000, 0x00000, 0x00000, 0x00000, 0x00000, 0x00000, 0x00000, 0x00000, 0x00000, 0x00000, 0x00000 }, 8 },  // $41 A
    { { 0x00000, 0x0007f, 0x00049, 0x00049, 0x00049, 0x00049, 0x00036, 0x00000, 0x00000, 0x00000, 0x00000, 0x00000, 0x00000, 0x00000, 0x00000, 0x00000, 0x00000, 0x00000, 0x00000, 0x00000 }, 8 },  // $42 B
    { { 0x00000, 0x0003e, 0x00041, 0x00041, 0x00041, 0x00041, 0x00022, 0x00000, 0x00000, 0x00000, 0x00000, 0x00000, 0x00000, 0x00000, 0x00000, 0x00000, 0x00000, 0x00000, 0x00000, 0x00000 }, 8 },  // $43 C
    { { 0x00000, 0x0007f, 0x00041, 0x00041, 0x00041, 0x00022, 0x0001c, 0x00000, 0x00000, 0x00000, 0x00000, 0x00000, 0x00000, 0x00000, 0x00000, 0x00000, 0x00000, 0x00000, 0x00000, 0x00000 }, 8 },  // $44 D
    { { 0x00000, 0x0007f, 0x00049, 0x00049, 0x00049, 0x00049, 0x00041, 0x00000, 0x00000, 0x00000, 0x00000, 0x00000, 0x00000, 0x00000, 0x00000, 0x00000, 0x00000, 0x00000, 0x00000, 0x00000 }, 8 },  // $45 E
    { { 0x00000, 0x0007f, 0x00009, 0x00009, 0x00009, 0x00009, 0x00001, 0x00000, 0x00000, 0x00000, 0x00000, 0x00000, 0x00000, 0x00000, 0x00000, 0x00000, 0x00000, 0x00000, 0x00000, 0x00000 }, 8 },  // $46 F
    { { 0x00000, 0x0003e, 0x00041, 0x00041, 0x00049, 0x00049, 0x0003a, 0x00000, 0x00000, 0x00000, 0x00000, 0x00000, 0x00000, 0x00000, 0x00000, 0x00000, 0x00000, 0x00000, 0x00000, 0x00000 }, 8 },  // $47 G
    { { 0x00000, 0x0007f, 0x00008, 0x00008, 0x00008, 0x00008, 0x0007f, 0x00000, 0x00000, 0x00000, 0x00000, 0x00000, 0x00000, 0x00000, 0x00000, 0x00000, 0x00000, 0x00000, 0x00000, 0x00000 }, 8 },  // $48 H
    { { 0x00000, 0x00000, 0x00041, 0x0007f, 0x00041, 0x00000, 0x00000, 0x00000, 0x00000, 0x00000, 0x00000, 0x00000, 0x00000, 0x00000, 0x00000, 0x00000, 0x00000, 0x00000, 0x00000, 0x00000 }, 8 },  // $49 I
    { { 0x00000, 0x00030, 0x00040, 0x00040, 0x00041, 0x0003f, 0x00001, 0x00000, 0x00000, 0x00000, 0x00000, 0x00000, 0x00000, 0x00000, 0x00000, 0x00000, 0x00000, 0x00000, 0x00000, 0x00000 }, 8 },  // $4A J
    { { 0x00000, 0x0007f, 0x00008, 0x00008, 0x00014, 0x00022, 0x00041, 0x00000, 0x00000, 0x00000, 0x00000, 0x00000, 0x00000, 0x00000, 0x00000, 0x00000, 0x00000, 0x00000, 0x00000, 0x00000 }, 8 },  // $4B K
    { { 0x00000, 0x0007f, 0x00040, 0x00040, 0x00040, 0x00040, 0x00040, 0x00000, 0x00000, 0x00000, 0x00000, 0x00000, 0x00000, 0x00000, 0x00000, 0x00000, 0x00000, 0x00000, 0x00000, 0x00000 }, 8 },  // $4C L
    { { 0x0007f, 0x00002, 0x00004, 0x00008, 0x00004, 0x00002, 0x0007f, 0x00000, 0x00000, 0x00000, 0x00000, 0x00000, 0x00000, 0x00000, 0x00000, 0x00000, 0x00000, 0x00000, 0x00000, 0x00000 }, 8 },  // $4D M
    { { 0x0007f, 0x00002, 0x00004, 0x00008, 0x00010, 0x00020, 0x0007f, 0x00000, 0x00000, 0x00000, 0x00000, 0x00000, 0x00000, 0x00000, 0x00000, 0x00000, 0x00000, 0x00000, 0x00000, 0x00000 }, 8 },  // $4E N
    { { 0x00000, 0x0003e, 0x00041, 0x00041, 0x00041, 0x00041, 0x0003e, 0x00000, 0x00000, 0x00000, 0x00000, 0x00000, 0x00000, 0x00000, 0x00000, 0x00000, 0x00000, 0x00000, 0x00000, 0x00000 }, 8 },  // $4F O
    { { 0x00000, 0x0007f, 0x00009, 0x00009, 0x00009, 0x00009, 0x00006, 0x00000, 0x00000, 0x00000, 0x00000, 0x00000, 0x00000, 0x00000, 0x00000, 0x00000, 0x00000, 0x00000, 0x00000, 0x00000 }, 8 },  // $50 P
    { { 0x00000, 0x0003e, 0x00041, 0x00041, 0x00051, 0x00021, 0x0005e, 0x00000, 0x00000, 0x00000, 0x00000, 0x00000, 0x00000, 0x00000, 0x00000, 0x00000, 0x00000, 0x00000, 0x00000, 0x00000 }, 8 },  // $51 Q
    { { 0x00000, 0x0007f, 0x00009, 0x00009, 0x00019, 0x00029, 0x00046, 0x00000, 0x00000, 0x00000, 0x00000, 0x00000, 0x00000, 0x00000, 0x00000, 0x00000, 0x00000, 0x00000, 0x00000, 0x00000 }, 8 },  // $52 R
    { { 0x00000, 0x00026, 0x00049, 0x00049, 0x00049, 0x00049, 0x00032, 0x00000, 0x00000, 0x00000, 0x00000, 0x00000, 0x00000, 0x00000, 0x00000, 0x00000, 0x00000, 0x00000, 0x00000, 0x00000 }, 8 },  // $53 S
    { { 0x00001, 0x00001, 0x00001, 0x0007f, 0x00001, 0x00001, 0x00001, 0x00000, 0x00000, 0x00000, 0x00000, 0x00000, 0x00000, 0x00000, 0x00000, 0x00000, 0x00000, 0x00000, 0x00000, 0x00000 }, 8 },  // $54 T
    { { 0x00000, 0x0003f, 0x00040, 0x00040, 0x00040, 0x00040, 0x0003f, 0x00000, 0x00000, 0x00000, 0x00000, 0x00000, 0x00000, 0x00000, 0x00000, 0x00000, 0x00000, 0x00000, 0x00000, 0x00000 }, 8 },  // $55 U
    { { 0x0000f, 0x00010, 0x00020, 0x00040, 0x00020, 0x00010, 0x0000f, 0x00000, 0x00000, 0x00000, 0x00000, 0x00000, 0x00000, 0x00000, 0x00000, 0x00000, 0x00000, 0x00000, 0x00000, 0x00000 }, 8 },  // $56 V
    { { 0x0003f, 0x00040, 0x00020, 0x00018, 0x00020, 0x00040, 0x0003f, 0x00000, 0x00000, 0x00000, 0x00000, 0x00000, 0x00000, 0x00000, 0x00000, 0x00000, 0x00000, 0x00000, 0x00000, 0x00000 }, 8 },  // $57 W
    { { 0x00041, 0x00022, 0x00014, 0x00008, 0x00014, 0x00022, 0x00041, 0x00000, 0x00000, 0x00000, 0x00000, 0x00000, 0x00000, 0x00000, 0x00000, 0x00000, 0x00000, 0x00000, 0x00000, 0x00000 }, 8 },  // $58 X
    { { 0x00001, 0x00002, 0x00004, 0x00078, 0x00004, 0x00002, 0x00001, 0x00000, 0x00000, 0x00000, 0x00000, 0x00000, 0x00000, 0x00000, 0x00000, 0x00000, 0x00000, 0x00000, 0x00000, 0x00000 }, 8 },  // $59 Y
    { { 0x00000, 0x00061, 0x00051, 0x00049, 0x00045, 0x00043, 0x00000, 0x00000, 0x00000, 0x00000, 0x00000, 0x00000, 0x00000, 0x00000, 0x00000, 0x00000, 0x00000, 0x00000, 0x00000, 0x00000 }, 8 },  // $5A Z
    { { 0x00000, 0x00000, 0x0007f, 0x00041, 0x00041, 0x00000, 0x00000, 0x00000, 0x00000, 0x00000, 0x00000, 0x00000, 0x00000, 0x00000, 0x00000, 0x00000, 0x00000, 0x00000, 0x00000, 0x00000 }, 8 },  // $5B [
    { { 0x00000, 0x00001, 0x00002, 0x00004, 0x00008, 0x00010, 0x00020, 0x00040, 0x00000, 0x00000, 0x00000, 0x00000, 0x00000, 0x00000, 0x00000, 0x00000, 0x00000, 0x00000, 0x00000, 0x00000 }, 8 },  // $5C (backslash)
    { { 0x00000, 0x00000, 0x00041, 0x00041, 0x0007f, 0x00000, 0x00000, 0x00000, 0x00000, 0x00000, 0x00000, 0x00000, 0x00000, 0x00000, 0x00000, 0x00000, 0x00000, 0x00000, 0x00000, 0x00000 }, 8 },  // $5D ]
    { { 0x00000, 0x00000, 0x00002, 0x00001, 0x00002, 0x00000, 0x00000, 0x00000, 0x00000, 0x00000, 0x00000, 0x00000, 0x00000, 0x00000, 0x00000, 0x00000, 0x00000, 0x00000, 0x00000, 0x00000 }, 8 },  // $5E ^
    { { 0x00100, 0x00100, 0x00100, 0x00100, 0x00100, 0x00100, 0x00100, 0x00100, 0x00000, 0x00000, 0x00000, 0x00000, 0x00000, 0x00000, 0x00000, 0x00000, 0x00000, 0x00000, 0x00000, 0x00000 }, 8 },  // $5F _
    { { 0x00000, 0x00000, 0x00001, 0x00002, 0x00004, 0x00000, 0x00000, 0x00000, 0x00000, 0x00000, 0x00000, 0x00000, 0x00000, 0x00000, 0x00000, 0x00000, 0x00000, 0x00000, 0x00000, 0x00000 }, 8 },  // $60 `
    { { 0x00000, 0x00020, 0x00054, 0x00054, 0x00054, 0x00038, 0x00040, 0x00000, 0x00000, 0x00000, 0x00000, 0x00000, 0x00000, 0x00000, 0x00000, 0x00000, 0x00000, 0x00000, 0x00000, 0x00000 }, 8 },  // $61 a
    { { 0x00000, 0x0007f, 0x00044, 0x00044, 0x00044, 0x00044, 0x00038, 0x00000, 0x00000, 0x00000, 0x00000, 0x00000, 0x00000, 0x00000, 0x00000, 0x00000, 0x00000, 0x00000, 0x00000, 0x00000 }, 8 },  // $62 b
    { { 0x00000, 0x00038, 0x00044, 0x00044, 0x00044, 0x00044, 0x00000, 0x00000, 0x00000, 0x00000, 0x00000, 0x00000, 0x00000, 0x00000, 0x00000, 0x00000, 0x00000, 0x00000, 0x00000, 0x00000 }, 8 },  // $63 c
    { { 0x00000, 0x00038, 0x00044, 0x00044, 0x00044, 0x00044, 0x0007f, 0x00000, 0x00000, 0x00000, 0x00000, 0x00000, 0x00000, 0x00000, 0x00000, 0x00000, 0x00000, 0x00000, 0x00000, 0x00000 }, 8 },  // $64 d
    { { 0x00000, 0x00038, 0x00054, 0x00054, 0x00054, 0x00018, 0x00000, 0x00000, 0x00000, 0x00000, 0x00000, 0x00000, 0x00000, 0x00000, 0x00000, 0x00000, 0x00000, 0x00000, 0x00000, 0x00000 }, 8 },  // $65 e
    { { 0x00000, 0x00008, 0x00008, 0x0007e, 0x00009, 0x00009, 0x00000, 0x00000, 0x00000, 0x00000, 0x00000, 0x00000, 0x00000, 0x00000, 0x00000, 0x00000, 0x00000, 0x00000, 0x00000, 0x00000 }, 8 },  // $66 f
    { { 0x00000, 0x00038, 0x00144, 0x00144, 0x00144, 0x00144, 0x000f8, 0x00000, 0x00000, 0x00000, 0x00000, 0x00000, 0x00000, 0x00000, 0x00000, 0x00000, 0x00000, 0x00000, 0x00000, 0x00000 }, 8 },  // $67 g
    { { 0x00000, 0x0007f, 0x00004, 0x00004, 0x00004, 0x00078, 0x00000, 0x00000, 0x00000, 0x00000, 0x00000, 0x00000, 0x00000, 0x00000, 0x00000, 0x00000, 0x00000, 0x00000, 0x00000, 0x00000 }, 8 },  // $68 h
    { { 0x00000, 0x00000, 0x00000, 0x0007d, 0x00000, 0x00000, 0x00000, 0x00000, 0x00000, 0x00000, 0x00000, 0x00000, 0x00000, 0x00000, 0x00000, 0x00000, 0x00000, 0x00000, 0x00000, 0x00000 }, 8 },  // $69 i
    { { 0x00000, 0x00040, 0x00080, 0x00080, 0x0007d, 0x00000, 0x00000, 0x00000, 0x00000, 0x00000, 0x00000, 0x00000, 0x00000, 0x00000, 0x00000, 0x00000, 0x00000, 0x00000, 0x00000, 0x00000 }, 8 },  // $6A j
    { { 0x00000, 0x0007f, 0x00010, 0x00018, 0x00024, 0x00042, 0x00000, 0x00000, 0x00000, 0x00000, 0x00000, 0x00000, 0x00000, 0x00000, 0x00000, 0x00000, 0x00000, 0x00000, 0x00000, 0x00000 }, 8 },  // $6B k
    { { 0x00000, 0x00000, 0x00001, 0x0007f, 0x00000, 0x00000, 0x00000, 0x00000, 0x00000, 0x00000, 0x00000, 0x00000, 0x00000, 0x00000, 0x00000, 0x00000, 0x00000, 0x00000, 0x00000, 0x00000 }, 8 },  // $6C l
    { { 0x0007c, 0x00004, 0x00004, 0x0007c, 0x00004, 0x00004, 0x00078, 0x00000, 0x00000, 0x00000, 0x00000, 0x00000, 0x00000, 0x00000, 0x00000, 0x00000, 0x00000, 0x00000, 0x00000, 0x00000 }, 8 },  // $6D m
    { { 0x00000, 0x0007c, 0x00004, 0x00004, 0x00004, 0x00078, 0x00000, 0x00000, 0x00000, 0x00000, 0x00000, 0x00000, 0x00000, 0x00000, 0x00000, 0x00000, 0x00000, 0x00000, 0x00000, 0x00000 }, 8 },  // $6E n
    { { 0x00000, 0x00038, 0x00044, 0x00044, 0x00044, 0x00044, 0x00038, 0x00000, 0x00000, 0x00000, 0x00000, 0x00000, 0x00000, 0x00000, 0x00000, 0x00000, 0x00000, 0x00000, 0x00000, 0x00000 }, 8 },  // $6F o
    { { 0x00000, 0x001fc, 0x00044, 0x00044, 0x00044, 0x00038, 0x00000, 0x00000, 0x00000, 0x00000, 0x00000, 0x00000, 0x00000, 0x00000, 0x00000, 0x00000, 0x00000, 0x00000, 0x00000, 0x00000 }, 8 },  // $70 p
    { { 0x00000, 0x00038, 0x00044, 0x00044, 0x00044, 0x001fc, 0x00000, 0x00000, 0x00000, 0x00000, 0x00000, 0x00000, 0x00000, 0x00000, 0x00000, 0x00000, 0x00000, 0x00000, 0x00000, 0x00000 }, 8 },  // $71 q
    { { 0x00000, 0x0007c, 0x00004, 0x00004, 0x00004, 0x00008, 0x00000, 0x00000, 0x00000, 0x00000, 0x00000, 0x00000, 0x00000, 0x00000, 0x00000, 0x00000, 0x00000, 0x00000, 0x00000, 0x00000 }, 8 },  // $72 r
    { { 0x00000, 0x00008, 0x00054, 0x00054, 0x00054, 0x00054, 0x00020, 0x00000, 0x00000, 0x00000, 0x00000, 0x00000, 0x00000, 0x00000, 0x00000, 0x00000, 0x00000, 0x00000, 0x00000, 0x00000 }, 8 },  // $73 s
    { { 0x00000, 0x00004, 0x00004, 0x0003f, 0x00044, 0x00044, 0x00000, 0x00000, 0x00000, 0x00000, 0x00000, 0x00000, 0x00000, 0x00000, 0x00000, 0x00000, 0x00000, 0x00000, 0x00000, 0x00000 }, 8 },  // $74 t
    { { 0x00000, 0x0003c, 0x00040, 0x00040, 0x00040, 0x00040, 0x0007c, 0x00000, 0x00000, 0x00000, 0x00000, 0x00000, 0x00000, 0x00000, 0x00000, 0x00000, 0x00000, 0x00000, 0x00000, 0x00000 }, 8 },  // $75 u
    { { 0x00000, 0x0001c, 0x00020, 0x00040, 0x00020, 0x0001c, 0x00000, 0x00000, 0x00000, 0x00000, 0x00000, 0x00000, 0x00000, 0x00000, 0x00000, 0x00000, 0x00000, 0x00000, 0x00000, 0x00000 }, 8 },  // $76 v
    { { 0x0003c, 0x00040, 0x00020, 0x00018, 0x00020, 0x00040, 0x0003c, 0x00000, 0x00000, 0x00000, 0x00000, 0x00000, 0x00000, 0x00000, 0x00000, 0x00000, 0x00000, 0x00000, 0x00000, 0x00000 }, 8 },  // $77 w
    { { 0x00000, 0x00044, 0x00028, 0x00010, 0x00028, 0x00044, 0x00000, 0x00000, 0x00000, 0x00000, 0x00000, 0x00000, 0x00000, 0x00000, 0x00000, 0x00000, 0x00000, 0x00000, 0x00000, 0x00000 }, 8 },  // $78 x
    { { 0x00000, 0x00084, 0x00048, 0x00030, 0x00010, 0x00008, 0x00004, 0x00000, 0x00000, 0x00000, 0x00000, 0x00000, 0x00000, 0x00000, 0x00000, 0x00000, 0x00000, 0x00000, 0x00000, 0x00000 }, 8 },  // $79 y
    { { 0x00000, 0x00044, 0x00064, 0x00054, 0x0004c, 0x00044, 0x00000, 0x00000, 0x00000, 0x00000, 0x00000, 0x00000, 0x00000, 0x00000, 0x00000, 0x00000, 0x00000, 0x00000, 0x00000, 0x00000 }, 8 },  // $7A z
    { { 0x00000, 0x00000, 0x00008, 0x00036, 0x00041, 0x00041, 0x00000, 0x00000, 0x00000, 0x00000, 0x00000, 0x00000, 0x00000, 0x00000, 0x00000, 0x00000, 0x00000, 0x00000, 0x00000, 0x00000 }, 8 },  // $7B {
    { { 0x00000, 0x00000, 0x00000, 0x0007f, 0x00000, 0x00000, 0x00000, 0x00000, 0x00000, 0x00000, 0x00000, 0x00000, 0x00000, 0x00000, 0x00000, 0x00000, 0x00000, 0x00000, 0x00000, 0x00000 }, 8 },  // $7C |
    { { 0x00000, 0x00000, 0x00041, 0x00041, 0x00036, 0x00008, 0x00000, 0x00000, 0x00000, 0x00000, 0x00000, 0x00000, 0x00000, 0x00000, 0x00000, 0x00000, 0x00000, 0x00000, 0x00000, 0x00000 }, 8 },  // $7D }
    { { 0x00002, 0x00001, 0x00001, 0x00002, 0x00002, 0x00001, 0x00000, 0x00000, 0x00000, 0x00000, 0x00000, 0x00000, 0x00000, 0x00000, 0x00000, 0x00000, 0x00000, 0x00000, 0x00000, 0x00000 }, 8 },  // $7E ~
};
inline constexpr IwOverride kIw1FixedOverrides[] = {
    { IwLocale::UK, 0x23, { { 0x00000, 0x00048, 0x0003e, 0x00049, 0x00049, 0x00042, 0x00000, 0x00000, 0x00000, 0x00000, 0x00000, 0x00000, 0x00000, 0x00000, 0x00000, 0x00000, 0x00000, 0x00000, 0x00000, 0x00000 }, 8 } },
    { IwLocale::UK, 0x40, { { 0x00000, 0x00002, 0x00071, 0x00049, 0x00079, 0x00041, 0x0003e, 0x00000, 0x00000, 0x00000, 0x00000, 0x00000, 0x00000, 0x00000, 0x00000, 0x00000, 0x00000, 0x00000, 0x00000, 0x00000 }, 8 } },
    { IwLocale::UK, 0x5B, { { 0x00000, 0x00000, 0x0007f, 0x00041, 0x00041, 0x00000, 0x00000, 0x00000, 0x00000, 0x00000, 0x00000, 0x00000, 0x00000, 0x00000, 0x00000, 0x00000, 0x00000, 0x00000, 0x00000, 0x00000 }, 8 } },
    { IwLocale::UK, 0x5C, { { 0x00000, 0x00001, 0x00002, 0x00004, 0x00008, 0x00010, 0x00020, 0x00040, 0x00000, 0x00000, 0x00000, 0x00000, 0x00000, 0x00000, 0x00000, 0x00000, 0x00000, 0x00000, 0x00000, 0x00000 }, 8 } },
    { IwLocale::UK, 0x5D, { { 0x00000, 0x00000, 0x00041, 0x00041, 0x0007f, 0x00000, 0x00000, 0x00000, 0x00000, 0x00000, 0x00000, 0x00000, 0x00000, 0x00000, 0x00000, 0x00000, 0x00000, 0x00000, 0x00000, 0x00000 }, 8 } },
    { IwLocale::UK, 0x60, { { 0x00000, 0x00000, 0x00001, 0x00002, 0x00004, 0x00000, 0x00000, 0x00000, 0x00000, 0x00000, 0x00000, 0x00000, 0x00000, 0x00000, 0x00000, 0x00000, 0x00000, 0x00000, 0x00000, 0x00000 }, 8 } },
    { IwLocale::UK, 0x7B, { { 0x00000, 0x00000, 0x00008, 0x00036, 0x00041, 0x00041, 0x00000, 0x00000, 0x00000, 0x00000, 0x00000, 0x00000, 0x00000, 0x00000, 0x00000, 0x00000, 0x00000, 0x00000, 0x00000, 0x00000 }, 8 } },
    { IwLocale::UK, 0x7C, { { 0x00000, 0x00000, 0x00000, 0x0007f, 0x00000, 0x00000, 0x00000, 0x00000, 0x00000, 0x00000, 0x00000, 0x00000, 0x00000, 0x00000, 0x00000, 0x00000, 0x00000, 0x00000, 0x00000, 0x00000 }, 8 } },
    { IwLocale::UK, 0x7D, { { 0x00000, 0x00000, 0x00041, 0x00041, 0x00036, 0x00008, 0x00000, 0x00000, 0x00000, 0x00000, 0x00000, 0x00000, 0x00000, 0x00000, 0x00000, 0x00000, 0x00000, 0x00000, 0x00000, 0x00000 }, 8 } },
    { IwLocale::UK, 0x7E, { { 0x00002, 0x00001, 0x00001, 0x00002, 0x00002, 0x00001, 0x00000, 0x00000, 0x00000, 0x00000, 0x00000, 0x00000, 0x00000, 0x00000, 0x00000, 0x00000, 0x00000, 0x00000, 0x00000, 0x00000 }, 8 } },
    { IwLocale::FR, 0x23, { { 0x00000, 0x00048, 0x0003e, 0x00049, 0x00049, 0x00042, 0x00000, 0x00000, 0x00000, 0x00000, 0x00000, 0x00000, 0x00000, 0x00000, 0x00000, 0x00000, 0x00000, 0x00000, 0x00000, 0x00000 }, 8 } },
    { IwLocale::FR, 0x40, { { 0x00000, 0x00020, 0x00055, 0x00056, 0x00054, 0x00038, 0x00040, 0x00000, 0x00000, 0x00000, 0x00000, 0x00000, 0x00000, 0x00000, 0x00000, 0x00000, 0x00000, 0x00000, 0x00000, 0x00000 }, 8 } },
    { IwLocale::FR, 0x5B, { { 0x00000, 0x00000, 0x00007, 0x00005, 0x00007, 0x00000, 0x00000, 0x00000, 0x00000, 0x00000, 0x00000, 0x00000, 0x00000, 0x00000, 0x00000, 0x00000, 0x00000, 0x00000, 0x00000, 0x00000 }, 8 } },
    { IwLocale::FR, 0x5C, { { 0x00000, 0x00038, 0x00144, 0x00144, 0x001c4, 0x00044, 0x00000, 0x00000, 0x00000, 0x00000, 0x00000, 0x00000, 0x00000, 0x00000, 0x00000, 0x00000, 0x00000, 0x00000, 0x00000, 0x00000 }, 8 } },
    { IwLocale::FR, 0x5D, { { 0x00000, 0x0004a, 0x00055, 0x00055, 0x00055, 0x00028, 0x00000, 0x00000, 0x00000, 0x00000, 0x00000, 0x00000, 0x00000, 0x00000, 0x00000, 0x00000, 0x00000, 0x00000, 0x00000, 0x00000 }, 8 } },
    { IwLocale::FR, 0x60, { { 0x00000, 0x00000, 0x00001, 0x00002, 0x00004, 0x00000, 0x00000, 0x00000, 0x00000, 0x00000, 0x00000, 0x00000, 0x00000, 0x00000, 0x00000, 0x00000, 0x00000, 0x00000, 0x00000, 0x00000 }, 8 } },
    { IwLocale::FR, 0x7B, { { 0x00000, 0x00038, 0x00054, 0x00056, 0x00055, 0x00018, 0x00000, 0x00000, 0x00000, 0x00000, 0x00000, 0x00000, 0x00000, 0x00000, 0x00000, 0x00000, 0x00000, 0x00000, 0x00000, 0x00000 }, 8 } },
    { IwLocale::FR, 0x7C, { { 0x00000, 0x0003c, 0x00041, 0x00042, 0x00040, 0x0003c, 0x00040, 0x00000, 0x00000, 0x00000, 0x00000, 0x00000, 0x00000, 0x00000, 0x00000, 0x00000, 0x00000, 0x00000, 0x00000, 0x00000 }, 8 } },
    { IwLocale::FR, 0x7D, { { 0x00000, 0x00038, 0x00055, 0x00056, 0x00054, 0x00018, 0x00000, 0x00000, 0x00000, 0x00000, 0x00000, 0x00000, 0x00000, 0x00000, 0x00000, 0x00000, 0x00000, 0x00000, 0x00000, 0x00000 }, 8 } },
    { IwLocale::FR, 0x7E, { { 0x00000, 0x00000, 0x00001, 0x00000, 0x00001, 0x00000, 0x00000, 0x00000, 0x00000, 0x00000, 0x00000, 0x00000, 0x00000, 0x00000, 0x00000, 0x00000, 0x00000, 0x00000, 0x00000, 0x00000 }, 8 } },
    { IwLocale::DE, 0x23, { { 0x00000, 0x00014, 0x0007f, 0x00014, 0x00014, 0x0007f, 0x00014, 0x00000, 0x00000, 0x00000, 0x00000, 0x00000, 0x00000, 0x00000, 0x00000, 0x00000, 0x00000, 0x00000, 0x00000, 0x00000 }, 8 } },
    { IwLocale::DE, 0x40, { { 0x00000, 0x0004a, 0x00055, 0x00055, 0x00055, 0x00028, 0x00000, 0x00000, 0x00000, 0x00000, 0x00000, 0x00000, 0x00000, 0x00000, 0x00000, 0x00000, 0x00000, 0x00000, 0x00000, 0x00000 }, 8 } },
    { IwLocale::DE, 0x5B, { { 0x00070, 0x00029, 0x00024, 0x00022, 0x00024, 0x00029, 0x00070, 0x00000, 0x00000, 0x00000, 0x00000, 0x00000, 0x00000, 0x00000, 0x00000, 0x00000, 0x00000, 0x00000, 0x00000, 0x00000 }, 8 } },
    { IwLocale::DE, 0x5C, { { 0x00018, 0x00025, 0x00042, 0x00042, 0x00042, 0x00025, 0x00018, 0x00000, 0x00000, 0x00000, 0x00000, 0x00000, 0x00000, 0x00000, 0x00000, 0x00000, 0x00000, 0x00000, 0x00000, 0x00000 }, 8 } },
    { IwLocale::DE, 0x5D, { { 0x00000, 0x0003c, 0x00041, 0x00040, 0x00041, 0x0003c, 0x00000, 0x00000, 0x00000, 0x00000, 0x00000, 0x00000, 0x00000, 0x00000, 0x00000, 0x00000, 0x00000, 0x00000, 0x00000, 0x00000 }, 8 } },
    { IwLocale::DE, 0x60, { { 0x00000, 0x00000, 0x00001, 0x00002, 0x00004, 0x00000, 0x00000, 0x00000, 0x00000, 0x00000, 0x00000, 0x00000, 0x00000, 0x00000, 0x00000, 0x00000, 0x00000, 0x00000, 0x00000, 0x00000 }, 8 } },
    { IwLocale::DE, 0x7B, { { 0x00000, 0x00020, 0x00055, 0x00054, 0x00055, 0x00038, 0x00040, 0x00000, 0x00000, 0x00000, 0x00000, 0x00000, 0x00000, 0x00000, 0x00000, 0x00000, 0x00000, 0x00000, 0x00000, 0x00000 }, 8 } },
    { IwLocale::DE, 0x7C, { { 0x00000, 0x00038, 0x00045, 0x00044, 0x00045, 0x00038, 0x00000, 0x00000, 0x00000, 0x00000, 0x00000, 0x00000, 0x00000, 0x00000, 0x00000, 0x00000, 0x00000, 0x00000, 0x00000, 0x00000 }, 8 } },
    { IwLocale::DE, 0x7D, { { 0x00000, 0x0003c, 0x00041, 0x00040, 0x00041, 0x0003c, 0x00040, 0x00000, 0x00000, 0x00000, 0x00000, 0x00000, 0x00000, 0x00000, 0x00000, 0x00000, 0x00000, 0x00000, 0x00000, 0x00000 }, 8 } },
    { IwLocale::DE, 0x7E, { { 0x00000, 0x00040, 0x0003e, 0x00025, 0x00025, 0x00025, 0x0001a, 0x00000, 0x00000, 0x00000, 0x00000, 0x00000, 0x00000, 0x00000, 0x00000, 0x00000, 0x00000, 0x00000, 0x00000, 0x00000 }, 8 } },
    { IwLocale::IT, 0x23, { { 0x00000, 0x00048, 0x0003e, 0x00049, 0x00049, 0x00042, 0x00000, 0x00000, 0x00000, 0x00000, 0x00000, 0x00000, 0x00000, 0x00000, 0x00000, 0x00000, 0x00000, 0x00000, 0x00000, 0x00000 }, 8 } },
    { IwLocale::IT, 0x40, { { 0x00000, 0x0004a, 0x00055, 0x00055, 0x00055, 0x00028, 0x00000, 0x00000, 0x00000, 0x00000, 0x00000, 0x00000, 0x00000, 0x00000, 0x00000, 0x00000, 0x00000, 0x00000, 0x00000, 0x00000 }, 8 } },
    { IwLocale::IT, 0x5B, { { 0x00000, 0x00000, 0x00007, 0x00005, 0x00007, 0x00000, 0x00000, 0x00000, 0x00000, 0x00000, 0x00000, 0x00000, 0x00000, 0x00000, 0x00000, 0x00000, 0x00000, 0x00000, 0x00000, 0x00000 }, 8 } },
    { IwLocale::IT, 0x5C, { { 0x00000, 0x00038, 0x00144, 0x00144, 0x001c4, 0x00044, 0x00000, 0x00000, 0x00000, 0x00000, 0x00000, 0x00000, 0x00000, 0x00000, 0x00000, 0x00000, 0x00000, 0x00000, 0x00000, 0x00000 }, 8 } },
    { IwLocale::IT, 0x5D, { { 0x00000, 0x00038, 0x00054, 0x00056, 0x00055, 0x00018, 0x00000, 0x00000, 0x00000, 0x00000, 0x00000, 0x00000, 0x00000, 0x00000, 0x00000, 0x00000, 0x00000, 0x00000, 0x00000, 0x00000 }, 8 } },
    { IwLocale::IT, 0x60, { { 0x00000, 0x0003c, 0x00041, 0x00042, 0x00040, 0x0003c, 0x00040, 0x00000, 0x00000, 0x00000, 0x00000, 0x00000, 0x00000, 0x00000, 0x00000, 0x00000, 0x00000, 0x00000, 0x00000, 0x00000 }, 8 } },
    { IwLocale::IT, 0x7B, { { 0x00000, 0x00020, 0x00055, 0x00056, 0x00054, 0x00038, 0x00040, 0x00000, 0x00000, 0x00000, 0x00000, 0x00000, 0x00000, 0x00000, 0x00000, 0x00000, 0x00000, 0x00000, 0x00000, 0x00000 }, 8 } },
    { IwLocale::IT, 0x7C, { { 0x00000, 0x00038, 0x00045, 0x00046, 0x00044, 0x00038, 0x00000, 0x00000, 0x00000, 0x00000, 0x00000, 0x00000, 0x00000, 0x00000, 0x00000, 0x00000, 0x00000, 0x00000, 0x00000, 0x00000 }, 8 } },
    { IwLocale::IT, 0x7D, { { 0x00000, 0x00038, 0x00055, 0x00056, 0x00054, 0x00018, 0x00000, 0x00000, 0x00000, 0x00000, 0x00000, 0x00000, 0x00000, 0x00000, 0x00000, 0x00000, 0x00000, 0x00000, 0x00000, 0x00000 }, 8 } },
    { IwLocale::IT, 0x7E, { { 0x00000, 0x00000, 0x00000, 0x00049, 0x0007a, 0x00040, 0x00000, 0x00000, 0x00000, 0x00000, 0x00000, 0x00000, 0x00000, 0x00000, 0x00000, 0x00000, 0x00000, 0x00000, 0x00000, 0x00000 }, 8 } },
    { IwLocale::SE, 0x23, { { 0x00000, 0x00014, 0x0007f, 0x00014, 0x00014, 0x0007f, 0x00014, 0x00000, 0x00000, 0x00000, 0x00000, 0x00000, 0x00000, 0x00000, 0x00000, 0x00000, 0x00000, 0x00000, 0x00000, 0x00000 }, 8 } },
    { IwLocale::SE, 0x40, { { 0x00000, 0x00002, 0x00071, 0x00049, 0x00079, 0x00041, 0x0003e, 0x00000, 0x00000, 0x00000, 0x00000, 0x00000, 0x00000, 0x00000, 0x00000, 0x00000, 0x00000, 0x00000, 0x00000, 0x00000 }, 8 } },
    { IwLocale::SE, 0x5B, { { 0x00070, 0x00029, 0x00024, 0x00022, 0x00024, 0x00029, 0x00070, 0x00000, 0x00000, 0x00000, 0x00000, 0x00000, 0x00000, 0x00000, 0x00000, 0x00000, 0x00000, 0x00000, 0x00000, 0x00000 }, 8 } },
    { IwLocale::SE, 0x5C, { { 0x00018, 0x00025, 0x00042, 0x00042, 0x00042, 0x00025, 0x00018, 0x00000, 0x00000, 0x00000, 0x00000, 0x00000, 0x00000, 0x00000, 0x00000, 0x00000, 0x00000, 0x00000, 0x00000, 0x00000 }, 8 } },
    { IwLocale::SE, 0x5D, { { 0x00070, 0x00028, 0x00027, 0x00025, 0x00027, 0x00028, 0x00070, 0x00000, 0x00000, 0x00000, 0x00000, 0x00000, 0x00000, 0x00000, 0x00000, 0x00000, 0x00000, 0x00000, 0x00000, 0x00000 }, 8 } },
    { IwLocale::SE, 0x60, { { 0x00000, 0x00000, 0x00001, 0x00002, 0x00004, 0x00000, 0x00000, 0x00000, 0x00000, 0x00000, 0x00000, 0x00000, 0x00000, 0x00000, 0x00000, 0x00000, 0x00000, 0x00000, 0x00000, 0x00000 }, 8 } },
    { IwLocale::SE, 0x7B, { { 0x00000, 0x00020, 0x00055, 0x00054, 0x00055, 0x00038, 0x00040, 0x00000, 0x00000, 0x00000, 0x00000, 0x00000, 0x00000, 0x00000, 0x00000, 0x00000, 0x00000, 0x00000, 0x00000, 0x00000 }, 8 } },
    { IwLocale::SE, 0x7C, { { 0x00000, 0x00038, 0x00045, 0x00044, 0x00045, 0x00038, 0x00000, 0x00000, 0x00000, 0x00000, 0x00000, 0x00000, 0x00000, 0x00000, 0x00000, 0x00000, 0x00000, 0x00000, 0x00000, 0x00000 }, 8 } },
    { IwLocale::SE, 0x7D, { { 0x00000, 0x00020, 0x00057, 0x00055, 0x00057, 0x00038, 0x00040, 0x00000, 0x00000, 0x00000, 0x00000, 0x00000, 0x00000, 0x00000, 0x00000, 0x00000, 0x00000, 0x00000, 0x00000, 0x00000 }, 8 } },
    { IwLocale::SE, 0x7E, { { 0x00002, 0x00001, 0x00001, 0x00002, 0x00002, 0x00001, 0x00000, 0x00000, 0x00000, 0x00000, 0x00000, 0x00000, 0x00000, 0x00000, 0x00000, 0x00000, 0x00000, 0x00000, 0x00000, 0x00000 }, 8 } },
    { IwLocale::ES, 0x23, { { 0x00000, 0x00048, 0x0003e, 0x00049, 0x00049, 0x00042, 0x00000, 0x00000, 0x00000, 0x00000, 0x00000, 0x00000, 0x00000, 0x00000, 0x00000, 0x00000, 0x00000, 0x00000, 0x00000, 0x00000 }, 8 } },
    { IwLocale::ES, 0x40, { { 0x00000, 0x0004a, 0x00055, 0x00055, 0x00055, 0x00028, 0x00000, 0x00000, 0x00000, 0x00000, 0x00000, 0x00000, 0x00000, 0x00000, 0x00000, 0x00000, 0x00000, 0x00000, 0x00000, 0x00000 }, 8 } },
    { IwLocale::ES, 0x5B, { { 0x00000, 0x00000, 0x00000, 0x001e4, 0x00000, 0x00000, 0x00000, 0x00000, 0x00000, 0x00000, 0x00000, 0x00000, 0x00000, 0x00000, 0x00000, 0x00000, 0x00000, 0x00000, 0x00000, 0x00000 }, 8 } },
    { IwLocale::ES, 0x5C, { { 0x00002, 0x0007d, 0x00009, 0x00012, 0x00022, 0x0007d, 0x00000, 0x00000, 0x00000, 0x00000, 0x00000, 0x00000, 0x00000, 0x00000, 0x00000, 0x00000, 0x00000, 0x00000, 0x00000, 0x00000 }, 8 } },
    { IwLocale::ES, 0x5D, { { 0x00000, 0x000c0, 0x00120, 0x00120, 0x00114, 0x00100, 0x00080, 0x00000, 0x00000, 0x00000, 0x00000, 0x00000, 0x00000, 0x00000, 0x00000, 0x00000, 0x00000, 0x00000, 0x00000, 0x00000 }, 8 } },
    { IwLocale::ES, 0x60, { { 0x00000, 0x00000, 0x00001, 0x00002, 0x00004, 0x00000, 0x00000, 0x00000, 0x00000, 0x00000, 0x00000, 0x00000, 0x00000, 0x00000, 0x00000, 0x00000, 0x00000, 0x00000, 0x00000, 0x00000 }, 8 } },
    { IwLocale::ES, 0x7B, { { 0x00000, 0x00000, 0x00007, 0x00005, 0x00007, 0x00000, 0x00000, 0x00000, 0x00000, 0x00000, 0x00000, 0x00000, 0x00000, 0x00000, 0x00000, 0x00000, 0x00000, 0x00000, 0x00000, 0x00000 }, 8 } },
    { IwLocale::ES, 0x7C, { { 0x00002, 0x0007d, 0x00005, 0x00006, 0x00006, 0x00079, 0x00000, 0x00000, 0x00000, 0x00000, 0x00000, 0x00000, 0x00000, 0x00000, 0x00000, 0x00000, 0x00000, 0x00000, 0x00000, 0x00000 }, 8 } },
    { IwLocale::ES, 0x7D, { { 0x00000, 0x00038, 0x00144, 0x00144, 0x001c4, 0x00044, 0x00000, 0x00000, 0x00000, 0x00000, 0x00000, 0x00000, 0x00000, 0x00000, 0x00000, 0x00000, 0x00000, 0x00000, 0x00000, 0x00000 }, 8 } },
    { IwLocale::ES, 0x7E, { { 0x00002, 0x00001, 0x00001, 0x00002, 0x00002, 0x00001, 0x00000, 0x00000, 0x00000, 0x00000, 0x00000, 0x00000, 0x00000, 0x00000, 0x00000, 0x00000, 0x00000, 0x00000, 0x00000, 0x00000 }, 8 } },
};
inline constexpr size_t kIw1FixedOverridesCount =
    sizeof(kIw1FixedOverrides) / sizeof(kIw1FixedOverrides[0]);

// ──────────────────────────────────────────────────────────────────────
/// ImageWriter I standard proportional.
inline constexpr IwGlyph kIw1Prop[kIwCodeCount] = {
    { { 0x00000, 0x00000, 0x00000, 0x00000, 0x00000, 0x00000, 0x00000, 0x00000, 0x00000, 0x00000, 0x00000, 0x00000, 0x00000, 0x00000, 0x00000, 0x00000, 0x00000, 0x00000, 0x00000, 0x00000 }, 7 },  // $20  
    { { 0x00000, 0x00000, 0x00000, 0x0004f, 0x00000, 0x00000, 0x00000, 0x00000, 0x00000, 0x00000, 0x00000, 0x00000, 0x00000, 0x00000, 0x00000, 0x00000, 0x00000, 0x00000, 0x00000, 0x00000 }, 7 },  // $21 !
    { { 0x00000, 0x00007, 0x00000, 0x00000, 0x00000, 0x00007, 0x00000, 0x00000, 0x00000, 0x00000, 0x00000, 0x00000, 0x00000, 0x00000, 0x00000, 0x00000, 0x00000, 0x00000, 0x00000, 0x00000 }, 10 },  // $22 "
    { { 0x00000, 0x00014, 0x00014, 0x0007f, 0x00014, 0x00014, 0x00014, 0x00014, 0x0007f, 0x00014, 0x00014, 0x00000, 0x00000, 0x00000, 0x00000, 0x00000, 0x00000, 0x00000, 0x00000, 0x00000 }, 14 },  // $23 #
    { { 0x00000, 0x00024, 0x0002a, 0x0002a, 0x0007f, 0x0002a, 0x0002a, 0x0002a, 0x00010, 0x00000, 0x00000, 0x00000, 0x00000, 0x00000, 0x00000, 0x00000, 0x00000, 0x00000, 0x00000, 0x00000 }, 12 },  // $24 $
    { { 0x00000, 0x00002, 0x00005, 0x00045, 0x00025, 0x00012, 0x00008, 0x00004, 0x00022, 0x00051, 0x00050, 0x00050, 0x00020, 0x00000, 0x00000, 0x00000, 0x00000, 0x00000, 0x00000, 0x00000 }, 16 },  // $25 %
    { { 0x00000, 0x00030, 0x0004e, 0x00049, 0x00049, 0x00049, 0x00056, 0x00040, 0x00020, 0x00010, 0x00040, 0x00000, 0x00000, 0x00000, 0x00000, 0x00000, 0x00000, 0x00000, 0x00000, 0x00000 }, 13 },  // $26 &
    { { 0x00000, 0x00000, 0x00004, 0x00002, 0x00001, 0x00000, 0x00000, 0x00000, 0x00000, 0x00000, 0x00000, 0x00000, 0x00000, 0x00000, 0x00000, 0x00000, 0x00000, 0x00000, 0x00000, 0x00000 }, 7 },  // $27 '
    { { 0x00000, 0x00000, 0x0001c, 0x00022, 0x00041, 0x00000, 0x00000, 0x00000, 0x00000, 0x00000, 0x00000, 0x00000, 0x00000, 0x00000, 0x00000, 0x00000, 0x00000, 0x00000, 0x00000, 0x00000 }, 7 },  // $28 (
    { { 0x00000, 0x00041, 0x00022, 0x0001c, 0x00000, 0x00000, 0x00000, 0x00000, 0x00000, 0x00000, 0x00000, 0x00000, 0x00000, 0x00000, 0x00000, 0x00000, 0x00000, 0x00000, 0x00000, 0x00000 }, 7 },  // $29 )
    { { 0x00000, 0x00008, 0x00008, 0x0002a, 0x00014, 0x00014, 0x00014, 0x0002a, 0x00008, 0x00008, 0x00000, 0x00000, 0x00000, 0x00000, 0x00000, 0x00000, 0x00000, 0x00000, 0x00000, 0x00000 }, 12 },  // $2A *
    { { 0x00000, 0x00008, 0x00008, 0x00008, 0x00008, 0x0003e, 0x00008, 0x00008, 0x00008, 0x00008, 0x00000, 0x00000, 0x00000, 0x00000, 0x00000, 0x00000, 0x00000, 0x00000, 0x00000, 0x00000 }, 12 },  // $2B +
    { { 0x00000, 0x00000, 0x000a0, 0x00070, 0x00020, 0x00000, 0x00000, 0x00000, 0x00000, 0x00000, 0x00000, 0x00000, 0x00000, 0x00000, 0x00000, 0x00000, 0x00000, 0x00000, 0x00000, 0x00000 }, 7 },  // $2C ,
    { { 0x00000, 0x00008, 0x00008, 0x00008, 0x00008, 0x00008, 0x00008, 0x00008, 0x00008, 0x00008, 0x00000, 0x00000, 0x00000, 0x00000, 0x00000, 0x00000, 0x00000, 0x00000, 0x00000, 0x00000 }, 12 },  // $2D -
    { { 0x00000, 0x00000, 0x00060, 0x00060, 0x00060, 0x00000, 0x00000, 0x00000, 0x00000, 0x00000, 0x00000, 0x00000, 0x00000, 0x00000, 0x00000, 0x00000, 0x00000, 0x00000, 0x00000, 0x00000 }, 7 },  // $2E .
    { { 0x00000, 0x00000, 0x00040, 0x00020, 0x00010, 0x00008, 0x00004, 0x00002, 0x00001, 0x00000, 0x00000, 0x00000, 0x00000, 0x00000, 0x00000, 0x00000, 0x00000, 0x00000, 0x00000, 0x00000 }, 12 },  // $2F /
    { { 0x00000, 0x0001c, 0x00022, 0x00041, 0x00041, 0x00041, 0x00041, 0x00022, 0x0001c, 0x00000, 0x00000, 0x00000, 0x00000, 0x00000, 0x00000, 0x00000, 0x00000, 0x00000, 0x00000, 0x00000 }, 12 },  // $30 0
    { { 0x00000, 0x00000, 0x00000, 0x00044, 0x00042, 0x0007f, 0x00040, 0x00040, 0x00000, 0x00000, 0x00000, 0x00000, 0x00000, 0x00000, 0x00000, 0x00000, 0x00000, 0x00000, 0x00000, 0x00000 }, 12 },  // $31 1
    { { 0x00000, 0x00042, 0x00061, 0x00041, 0x00051, 0x00041, 0x00049, 0x00041, 0x00046, 0x00000, 0x00000, 0x00000, 0x00000, 0x00000, 0x00000, 0x00000, 0x00000, 0x00000, 0x00000, 0x00000 }, 12 },  // $32 2
    { { 0x00000, 0x00022, 0x00041, 0x00049, 0x00049, 0x00049, 0x00049, 0x00049, 0x00049, 0x00036, 0x00000, 0x00000, 0x00000, 0x00000, 0x00000, 0x00000, 0x00000, 0x00000, 0x00000, 0x00000 }, 12 },  // $33 3
    { { 0x00000, 0x00010, 0x00018, 0x00014, 0x00012, 0x00011, 0x00011, 0x0007f, 0x00010, 0x00010, 0x00000, 0x00000, 0x00000, 0x00000, 0x00000, 0x00000, 0x00000, 0x00000, 0x00000, 0x00000 }, 12 },  // $34 4
    { { 0x00000, 0x00027, 0x00045, 0x00045, 0x00045, 0x00045, 0x00045, 0x00029, 0x00011, 0x00000, 0x00000, 0x00000, 0x00000, 0x00000, 0x00000, 0x00000, 0x00000, 0x00000, 0x00000, 0x00000 }, 12 },  // $35 5
    { { 0x00000, 0x00030, 0x00048, 0x0004c, 0x00048, 0x0004a, 0x00049, 0x00049, 0x00030, 0x00000, 0x00000, 0x00000, 0x00000, 0x00000, 0x00000, 0x00000, 0x00000, 0x00000, 0x00000, 0x00000 }, 12 },  // $36 6
    { { 0x00000, 0x00001, 0x00001, 0x00001, 0x00061, 0x00011, 0x00009, 0x00005, 0x00003, 0x00000, 0x00000, 0x00000, 0x00000, 0x00000, 0x00000, 0x00000, 0x00000, 0x00000, 0x00000, 0x00000 }, 12 },  // $37 7
    { { 0x00000, 0x00036, 0x00000, 0x00049, 0x00049, 0x00049, 0x00049, 0x00000, 0x00036, 0x00000, 0x00000, 0x00000, 0x00000, 0x00000, 0x00000, 0x00000, 0x00000, 0x00000, 0x00000, 0x00000 }, 12 },  // $38 8
    { { 0x00000, 0x00006, 0x00009, 0x00049, 0x00029, 0x00019, 0x00009, 0x00006, 0x00000, 0x00000, 0x00000, 0x00000, 0x00000, 0x00000, 0x00000, 0x00000, 0x00000, 0x00000, 0x00000, 0x00000 }, 12 },  // $39 9
    { { 0x00000, 0x00000, 0x00024, 0x00024, 0x00000, 0x00000, 0x00000, 0x00000, 0x00000, 0x00000, 0x00000, 0x00000, 0x00000, 0x00000, 0x00000, 0x00000, 0x00000, 0x00000, 0x00000, 0x00000 }, 7 },  // $3A :
    { { 0x00000, 0x00000, 0x000a4, 0x00064, 0x00000, 0x00000, 0x00000, 0x00000, 0x00000, 0x00000, 0x00000, 0x00000, 0x00000, 0x00000, 0x00000, 0x00000, 0x00000, 0x00000, 0x00000, 0x00000 }, 7 },  // $3B ;
    { { 0x00000, 0x00008, 0x00000, 0x00014, 0x00000, 0x00022, 0x00000, 0x00041, 0x00000, 0x00000, 0x00000, 0x00000, 0x00000, 0x00000, 0x00000, 0x00000, 0x00000, 0x00000, 0x00000, 0x00000 }, 12 },  // $3C <
    { { 0x00000, 0x00014, 0x00014, 0x00014, 0x00014, 0x00014, 0x00014, 0x00014, 0x00014, 0x00000, 0x00000, 0x00000, 0x00000, 0x00000, 0x00000, 0x00000, 0x00000, 0x00000, 0x00000, 0x00000 }, 12 },  // $3D =
    { { 0x00000, 0x00000, 0x00041, 0x00000, 0x00022, 0x00000, 0x00014, 0x00000, 0x00008, 0x00000, 0x00000, 0x00000, 0x00000, 0x00000, 0x00000, 0x00000, 0x00000, 0x00000, 0x00000, 0x00000 }, 12 },  // $3E >
    { { 0x00000, 0x00002, 0x00000, 0x00001, 0x00001, 0x00051, 0x00009, 0x00000, 0x00006, 0x00000, 0x00000, 0x00000, 0x00000, 0x00000, 0x00000, 0x00000, 0x00000, 0x00000, 0x00000, 0x00000 }, 12 },  // $3F ?
    { { 0x00000, 0x00000, 0x00004, 0x00002, 0x00031, 0x00041, 0x00049, 0x00049, 0x00079, 0x00041, 0x00041, 0x00042, 0x0003c, 0x00000, 0x00000, 0x00000, 0x00000, 0x00000, 0x00000, 0x00000 }, 14 },  // $40 @
    { { 0x00000, 0x00040, 0x00060, 0x00010, 0x00018, 0x00014, 0x00012, 0x00011, 0x00012, 0x00014, 0x00018, 0x00010, 0x00060, 0x00040, 0x00000, 0x00000, 0x00000, 0x00000, 0x00000, 0x00000 }, 16 },  // $41 A
    { { 0x00000, 0x00041, 0x00041, 0x0007f, 0x00049, 0x00049, 0x00049, 0x00049, 0x00049, 0x00049, 0x00049, 0x00049, 0x00036, 0x00000, 0x00000, 0x00000, 0x00000, 0x00000, 0x00000, 0x00000 }, 15 },  // $42 B
    { { 0x00000, 0x0003e, 0x00041, 0x00041, 0x00041, 0x00041, 0x00041, 0x00041, 0x00041, 0x00041, 0x00041, 0x00022, 0x00000, 0x00000, 0x00000, 0x00000, 0x00000, 0x00000, 0x00000, 0x00000 }, 14 },  // $43 C
    { { 0x00000, 0x00041, 0x00041, 0x0007f, 0x00041, 0x00041, 0x00041, 0x00041, 0x00041, 0x00041, 0x00041, 0x00022, 0x0001c, 0x00000, 0x00000, 0x00000, 0x00000, 0x00000, 0x00000, 0x00000 }, 15 },  // $44 D
    { { 0x00000, 0x0007f, 0x00049, 0x00049, 0x00049, 0x00049, 0x00049, 0x0005d, 0x00041, 0x00041, 0x00063, 0x00000, 0x00000, 0x00000, 0x00000, 0x00000, 0x00000, 0x00000, 0x00000, 0x00000 }, 15 },  // $45 E
    { { 0x00000, 0x00000, 0x00041, 0x0007f, 0x00049, 0x00009, 0x00009, 0x00009, 0x0001d, 0x00001, 0x00001, 0x00001, 0x00000, 0x00000, 0x00000, 0x00000, 0x00000, 0x00000, 0x00000, 0x00000 }, 15 },  // $46 F
    { { 0x00000, 0x0001c, 0x00022, 0x00041, 0x00041, 0x00041, 0x00041, 0x00041, 0x00041, 0x00049, 0x00049, 0x0007a, 0x00008, 0x00008, 0x00000, 0x00000, 0x00000, 0x00000, 0x00000, 0x00000 }, 15 },  // $47 G
    { { 0x00000, 0x00041, 0x0007f, 0x00049, 0x00008, 0x00008, 0x00008, 0x00008, 0x00008, 0x00008, 0x00008, 0x00049, 0x0007f, 0x00041, 0x00000, 0x00000, 0x00000, 0x00000, 0x00000, 0x00000 }, 16 },  // $48 H
    { { 0x00000, 0x00041, 0x00041, 0x0007f, 0x00041, 0x00041, 0x00000, 0x00000, 0x00000, 0x00000, 0x00000, 0x00000, 0x00000, 0x00000, 0x00000, 0x00000, 0x00000, 0x00000, 0x00000, 0x00000 }, 9 },  // $49 I
    { { 0x00000, 0x00000, 0x00030, 0x00040, 0x00040, 0x00040, 0x00041, 0x00041, 0x0003f, 0x00001, 0x00001, 0x00000, 0x00000, 0x00000, 0x00000, 0x00000, 0x00000, 0x00000, 0x00000, 0x00000 }, 13 },  // $4A J
    { { 0x00000, 0x00041, 0x0007f, 0x00049, 0x00008, 0x00008, 0x00010, 0x00024, 0x00043, 0x00041, 0x00001, 0x00000, 0x00000, 0x00000, 0x00000, 0x00000, 0x00000, 0x00000, 0x00000, 0x00000 }, 12 },  // $4B K
    { { 0x00000, 0x00001, 0x0007f, 0x00041, 0x00040, 0x00040, 0x00040, 0x00040, 0x00040, 0x00040, 0x00040, 0x00000, 0x00000, 0x00000, 0x00000, 0x00000, 0x00000, 0x00000, 0x00000, 0x00000 }, 13 },  // $4C L
    { { 0x00000, 0x00000, 0x00041, 0x0007f, 0x00042, 0x00004, 0x00008, 0x00010, 0x00008, 0x00004, 0x00042, 0x0007f, 0x00041, 0x00000, 0x00000, 0x00000, 0x00000, 0x00000, 0x00000, 0x00000 }, 16 },  // $4D M
    { { 0x00000, 0x00000, 0x00041, 0x0007f, 0x00041, 0x00002, 0x00004, 0x00008, 0x00010, 0x00020, 0x00041, 0x0007f, 0x00041, 0x00000, 0x00000, 0x00000, 0x00000, 0x00000, 0x00000, 0x00000 }, 16 },  // $4E N
    { { 0x00000, 0x0001c, 0x00022, 0x00041, 0x00041, 0x00041, 0x00041, 0x00041, 0x00041, 0x00041, 0x00041, 0x00022, 0x0001c, 0x00000, 0x00000, 0x00000, 0x00000, 0x00000, 0x00000, 0x00000 }, 15 },  // $4F O
    { { 0x00000, 0x00049, 0x0007f, 0x00049, 0x00009, 0x00009, 0x00009, 0x00009, 0x00009, 0x00009, 0x00006, 0x00000, 0x00000, 0x00000, 0x00000, 0x00000, 0x00000, 0x00000, 0x00000, 0x00000 }, 13 },  // $50 P
    { { 0x00000, 0x0001c, 0x00022, 0x00041, 0x00041, 0x00041, 0x00041, 0x00041, 0x00051, 0x00051, 0x00051, 0x00022, 0x0001c, 0x00040, 0x00040, 0x00000, 0x00000, 0x00000, 0x00000, 0x00000 }, 16 },  // $51 Q
    { { 0x00000, 0x00049, 0x0007f, 0x00049, 0x00009, 0x00009, 0x00009, 0x00009, 0x00009, 0x00019, 0x00029, 0x0004e, 0x00000, 0x00000, 0x00000, 0x00000, 0x00000, 0x00000, 0x00000, 0x00000 }, 15 },  // $52 R
    { { 0x00000, 0x00026, 0x00049, 0x00049, 0x00049, 0x00049, 0x00049, 0x00049, 0x00049, 0x00032, 0x00000, 0x00000, 0x00000, 0x00000, 0x00000, 0x00000, 0x00000, 0x00000, 0x00000, 0x00000 }, 12 },  // $53 S
    { { 0x00000, 0x00003, 0x00001, 0x00001, 0x00001, 0x00041, 0x0007f, 0x00041, 0x00001, 0x00001, 0x00001, 0x00003, 0x00000, 0x00000, 0x00000, 0x00000, 0x00000, 0x00000, 0x00000, 0x00000 }, 14 },  // $54 T
    { { 0x00000, 0x00001, 0x0003f, 0x00041, 0x00040, 0x00040, 0x00040, 0x00040, 0x00040, 0x00040, 0x00041, 0x0003f, 0x00001, 0x00000, 0x00000, 0x00000, 0x00000, 0x00000, 0x00000, 0x00000 }, 15 },  // $55 U
    { { 0x00000, 0x00000, 0x00001, 0x00003, 0x00004, 0x00008, 0x00010, 0x00020, 0x00040, 0x00020, 0x00010, 0x00008, 0x00004, 0x00003, 0x00001, 0x00000, 0x00000, 0x00000, 0x00000, 0x00000 }, 16 },  // $56 V
    { { 0x00000, 0x00001, 0x0000f, 0x00011, 0x00020, 0x00040, 0x00020, 0x00010, 0x00008, 0x00010, 0x00020, 0x00040, 0x00020, 0x00011, 0x0000f, 0x00001, 0x00000, 0x00000, 0x00000, 0x00000 }, 16 },  // $57 W
    { { 0x00000, 0x00041, 0x00041, 0x00022, 0x00014, 0x00008, 0x00014, 0x00022, 0x00041, 0x00041, 0x00000, 0x00000, 0x00000, 0x00000, 0x00000, 0x00000, 0x00000, 0x00000, 0x00000, 0x00000 }, 11 },  // $58 X
    { { 0x00000, 0x00001, 0x00001, 0x00003, 0x00004, 0x00048, 0x00070, 0x00048, 0x00004, 0x00003, 0x00001, 0x00001, 0x00000, 0x00000, 0x00000, 0x00000, 0x00000, 0x00000, 0x00000, 0x00000 }, 14 },  // $59 Y
    { { 0x00000, 0x00000, 0x00043, 0x00061, 0x00051, 0x00049, 0x00045, 0x00043, 0x00061, 0x00000, 0x00000, 0x00000, 0x00000, 0x00000, 0x00000, 0x00000, 0x00000, 0x00000, 0x00000, 0x00000 }, 11 },  // $5A Z
    { { 0x00000, 0x00000, 0x00000, 0x0007f, 0x00041, 0x00041, 0x00041, 0x00041, 0x00041, 0x00000, 0x00000, 0x00000, 0x00000, 0x00000, 0x00000, 0x00000, 0x00000, 0x00000, 0x00000, 0x00000 }, 12 },  // $5B [
    { { 0x00000, 0x00000, 0x00001, 0x00002, 0x00004, 0x00008, 0x00010, 0x00020, 0x00040, 0x00000, 0x00000, 0x00000, 0x00000, 0x00000, 0x00000, 0x00000, 0x00000, 0x00000, 0x00000, 0x00000 }, 12 },  // $5C (backslash)
    { { 0x00000, 0x00000, 0x00000, 0x00041, 0x00041, 0x00041, 0x00041, 0x00041, 0x0007f, 0x00000, 0x00000, 0x00000, 0x00000, 0x00000, 0x00000, 0x00000, 0x00000, 0x00000, 0x00000, 0x00000 }, 12 },  // $5D ]
    { { 0x00000, 0x00000, 0x00000, 0x00002, 0x00000, 0x00001, 0x00000, 0x00002, 0x00000, 0x00000, 0x00000, 0x00000, 0x00000, 0x00000, 0x00000, 0x00000, 0x00000, 0x00000, 0x00000, 0x00000 }, 12 },  // $5E ^
    { { 0x00100, 0x00100, 0x00100, 0x00100, 0x00100, 0x00100, 0x00100, 0x00100, 0x00100, 0x00100, 0x00100, 0x00100, 0x00100, 0x00100, 0x00100, 0x00100, 0x00000, 0x00000, 0x00000, 0x00000 }, 16 },  // $5F _
    { { 0x00000, 0x00000, 0x00001, 0x00002, 0x00004, 0x00000, 0x00000, 0x00000, 0x00000, 0x00000, 0x00000, 0x00000, 0x00000, 0x00000, 0x00000, 0x00000, 0x00000, 0x00000, 0x00000, 0x00000 }, 7 },  // $60 `
    { { 0x00000, 0x00020, 0x00050, 0x00054, 0x00054, 0x00054, 0x00054, 0x00038, 0x00040, 0x00040, 0x00000, 0x00000, 0x00000, 0x00000, 0x00000, 0x00000, 0x00000, 0x00000, 0x00000, 0x00000 }, 12 },  // $61 a
    { { 0x00000, 0x0007f, 0x00044, 0x00044, 0x00044, 0x00044, 0x00044, 0x00044, 0x00038, 0x00000, 0x00000, 0x00000, 0x00000, 0x00000, 0x00000, 0x00000, 0x00000, 0x00000, 0x00000, 0x00000 }, 12 },  // $62 b
    { { 0x00000, 0x00038, 0x00044, 0x00044, 0x00044, 0x00044, 0x00044, 0x00044, 0x00000, 0x00000, 0x00000, 0x00000, 0x00000, 0x00000, 0x00000, 0x00000, 0x00000, 0x00000, 0x00000, 0x00000 }, 10 },  // $63 c
    { { 0x00000, 0x00038, 0x00044, 0x00044, 0x00044, 0x00044, 0x00044, 0x00044, 0x0007f, 0x00000, 0x00000, 0x00000, 0x00000, 0x00000, 0x00000, 0x00000, 0x00000, 0x00000, 0x00000, 0x00000 }, 12 },  // $64 d
    { { 0x00000, 0x00038, 0x00054, 0x00054, 0x00054, 0x00054, 0x00054, 0x00054, 0x00018, 0x00000, 0x00000, 0x00000, 0x00000, 0x00000, 0x00000, 0x00000, 0x00000, 0x00000, 0x00000, 0x00000 }, 12 },  // $65 e
    { { 0x00000, 0x00008, 0x00008, 0x00008, 0x0007e, 0x00009, 0x00009, 0x00009, 0x00000, 0x00000, 0x00000, 0x00000, 0x00000, 0x00000, 0x00000, 0x00000, 0x00000, 0x00000, 0x00000, 0x00000 }, 10 },  // $66 f
    { { 0x00000, 0x00038, 0x00144, 0x00144, 0x00144, 0x00144, 0x00144, 0x00144, 0x000fc, 0x00000, 0x00000, 0x00000, 0x00000, 0x00000, 0x00000, 0x00000, 0x00000, 0x00000, 0x00000, 0x00000 }, 12 },  // $67 g
    { { 0x00000, 0x0007f, 0x00004, 0x00004, 0x00004, 0x00004, 0x00004, 0x00004, 0x00078, 0x00000, 0x00000, 0x00000, 0x00000, 0x00000, 0x00000, 0x00000, 0x00000, 0x00000, 0x00000, 0x00000 }, 12 },  // $68 h
    { { 0x00000, 0x00044, 0x00044, 0x0007d, 0x00040, 0x00040, 0x00000, 0x00000, 0x00000, 0x00000, 0x00000, 0x00000, 0x00000, 0x00000, 0x00000, 0x00000, 0x00000, 0x00000, 0x00000, 0x00000 }, 8 },  // $69 i
    { { 0x00000, 0x00040, 0x00080, 0x00080, 0x00080, 0x0007d, 0x00000, 0x00000, 0x00000, 0x00000, 0x00000, 0x00000, 0x00000, 0x00000, 0x00000, 0x00000, 0x00000, 0x00000, 0x00000, 0x00000 }, 7 },  // $6A j
    { { 0x00000, 0x0007f, 0x00010, 0x00010, 0x00010, 0x00008, 0x00014, 0x00022, 0x00042, 0x00000, 0x00000, 0x00000, 0x00000, 0x00000, 0x00000, 0x00000, 0x00000, 0x00000, 0x00000, 0x00000 }, 10 },  // $6B k
    { { 0x00000, 0x00041, 0x00041, 0x0007f, 0x00040, 0x00040, 0x00000, 0x00000, 0x00000, 0x00000, 0x00000, 0x00000, 0x00000, 0x00000, 0x00000, 0x00000, 0x00000, 0x00000, 0x00000, 0x00000 }, 8 },  // $6C l
    { { 0x00000, 0x00000, 0x0007c, 0x00004, 0x00004, 0x00004, 0x00004, 0x0007c, 0x00004, 0x00004, 0x00004, 0x00004, 0x00078, 0x00000, 0x00000, 0x00000, 0x00000, 0x00000, 0x00000, 0x00000 }, 16 },  // $6D m
    { { 0x00000, 0x0007c, 0x00004, 0x00004, 0x00004, 0x00004, 0x00004, 0x00004, 0x00004, 0x00078, 0x00000, 0x00000, 0x00000, 0x00000, 0x00000, 0x00000, 0x00000, 0x00000, 0x00000, 0x00000 }, 12 },  // $6E n
    { { 0x00000, 0x00038, 0x00044, 0x00044, 0x00044, 0x00044, 0x00044, 0x00044, 0x00044, 0x00038, 0x00000, 0x00000, 0x00000, 0x00000, 0x00000, 0x00000, 0x00000, 0x00000, 0x00000, 0x00000 }, 12 },  // $6F o
    { { 0x00000, 0x001fc, 0x00044, 0x00044, 0x00044, 0x00044, 0x00044, 0x00044, 0x00044, 0x00038, 0x00000, 0x00000, 0x00000, 0x00000, 0x00000, 0x00000, 0x00000, 0x00000, 0x00000, 0x00000 }, 12 },  // $70 p
    { { 0x00000, 0x00038, 0x00044, 0x00044, 0x00044, 0x00044, 0x00044, 0x00044, 0x00044, 0x001fc, 0x00000, 0x00000, 0x00000, 0x00000, 0x00000, 0x00000, 0x00000, 0x00000, 0x00000, 0x00000 }, 12 },  // $71 q
    { { 0x00000, 0x0007c, 0x00004, 0x00004, 0x00004, 0x00004, 0x00004, 0x00008, 0x00000, 0x00000, 0x00000, 0x00000, 0x00000, 0x00000, 0x00000, 0x00000, 0x00000, 0x00000, 0x00000, 0x00000 }, 10 },  // $72 r
    { { 0x00000, 0x00008, 0x00054, 0x00054, 0x00054, 0x00054, 0x00054, 0x00054, 0x00054, 0x00020, 0x00000, 0x00000, 0x00000, 0x00000, 0x00000, 0x00000, 0x00000, 0x00000, 0x00000, 0x00000 }, 12 },  // $73 s
    { { 0x00000, 0x00004, 0x00004, 0x00004, 0x0003f, 0x00044, 0x00044, 0x00044, 0x00000, 0x00000, 0x00000, 0x00000, 0x00000, 0x00000, 0x00000, 0x00000, 0x00000, 0x00000, 0x00000, 0x00000 }, 10 },  // $74 t
    { { 0x00000, 0x0003c, 0x00040, 0x00040, 0x00040, 0x00040, 0x00040, 0x00040, 0x00040, 0x0007c, 0x00000, 0x00000, 0x00000, 0x00000, 0x00000, 0x00000, 0x00000, 0x00000, 0x00000, 0x00000 }, 12 },  // $75 u
    { { 0x00000, 0x00004, 0x00008, 0x00010, 0x00020, 0x00040, 0x00020, 0x00010, 0x00008, 0x00004, 0x00000, 0x00000, 0x00000, 0x00000, 0x00000, 0x00000, 0x00000, 0x00000, 0x00000, 0x00000 }, 12 },  // $76 v
    { { 0x00000, 0x0000c, 0x00010, 0x00020, 0x00040, 0x00020, 0x00010, 0x00008, 0x00010, 0x00020, 0x00040, 0x00020, 0x00010, 0x0000c, 0x00000, 0x00000, 0x00000, 0x00000, 0x00000, 0x00000 }, 16 },  // $77 w
    { { 0x00000, 0x00044, 0x00028, 0x00000, 0x00010, 0x00000, 0x00028, 0x00044, 0x00000, 0x00000, 0x00000, 0x00000, 0x00000, 0x00000, 0x00000, 0x00000, 0x00000, 0x00000, 0x00000, 0x00000 }, 12 },  // $78 x
    { { 0x00000, 0x00004, 0x00108, 0x00090, 0x00040, 0x00020, 0x00010, 0x00008, 0x00004, 0x00000, 0x00000, 0x00000, 0x00000, 0x00000, 0x00000, 0x00000, 0x00000, 0x00000, 0x00000, 0x00000 }, 12 },  // $79 y
    { { 0x00000, 0x00044, 0x00064, 0x00044, 0x00054, 0x00044, 0x0004c, 0x00044, 0x00000, 0x00000, 0x00000, 0x00000, 0x00000, 0x00000, 0x00000, 0x00000, 0x00000, 0x00000, 0x00000, 0x00000 }, 10 },  // $7A z
    { { 0x00000, 0x00008, 0x00000, 0x00036, 0x00041, 0x00041, 0x00041, 0x00000, 0x00000, 0x00000, 0x00000, 0x00000, 0x00000, 0x00000, 0x00000, 0x00000, 0x00000, 0x00000, 0x00000, 0x00000 }, 10 },  // $7B {
    { { 0x00000, 0x00000, 0x0007f, 0x00000, 0x00000, 0x00000, 0x00000, 0x00000, 0x00000, 0x00000, 0x00000, 0x00000, 0x00000, 0x00000, 0x00000, 0x00000, 0x00000, 0x00000, 0x00000, 0x00000 }, 7 },  // $7C |
    { { 0x00000, 0x00041, 0x00041, 0x00041, 0x00036, 0x00000, 0x00008, 0x00000, 0x00000, 0x00000, 0x00000, 0x00000, 0x00000, 0x00000, 0x00000, 0x00000, 0x00000, 0x00000, 0x00000, 0x00000 }, 10 },  // $7D }
    { { 0x00002, 0x00000, 0x00001, 0x00001, 0x00001, 0x00000, 0x00002, 0x00002, 0x00002, 0x00000, 0x00001, 0x00000, 0x00000, 0x00000, 0x00000, 0x00000, 0x00000, 0x00000, 0x00000, 0x00000 }, 13 },  // $7E ~
};
inline constexpr IwOverride kIw1PropOverrides[] = {
    { IwLocale::UK, 0x23, { { 0x00000, 0x00048, 0x00048, 0x0003c, 0x0002a, 0x00049, 0x00049, 0x00049, 0x00042, 0x00040, 0x00000, 0x00000, 0x00000, 0x00000, 0x00000, 0x00000, 0x00000, 0x00000, 0x00000, 0x00000 }, 13 } },
    { IwLocale::UK, 0x40, { { 0x00000, 0x00000, 0x00004, 0x00002, 0x00031, 0x00041, 0x00049, 0x00049, 0x00079, 0x00041, 0x00041, 0x00042, 0x0003c, 0x00000, 0x00000, 0x00000, 0x00000, 0x00000, 0x00000, 0x00000 }, 14 } },
    { IwLocale::UK, 0x5B, { { 0x00000, 0x00000, 0x00000, 0x0007f, 0x00041, 0x00041, 0x00041, 0x00041, 0x00041, 0x00000, 0x00000, 0x00000, 0x00000, 0x00000, 0x00000, 0x00000, 0x00000, 0x00000, 0x00000, 0x00000 }, 12 } },
    { IwLocale::UK, 0x5C, { { 0x00000, 0x00000, 0x00001, 0x00002, 0x00004, 0x00008, 0x00010, 0x00020, 0x00040, 0x00000, 0x00000, 0x00000, 0x00000, 0x00000, 0x00000, 0x00000, 0x00000, 0x00000, 0x00000, 0x00000 }, 12 } },
    { IwLocale::UK, 0x5D, { { 0x00000, 0x00000, 0x00000, 0x00041, 0x00041, 0x00041, 0x00041, 0x00041, 0x0007f, 0x00000, 0x00000, 0x00000, 0x00000, 0x00000, 0x00000, 0x00000, 0x00000, 0x00000, 0x00000, 0x00000 }, 12 } },
    { IwLocale::UK, 0x60, { { 0x00000, 0x00000, 0x00001, 0x00002, 0x00004, 0x00000, 0x00000, 0x00000, 0x00000, 0x00000, 0x00000, 0x00000, 0x00000, 0x00000, 0x00000, 0x00000, 0x00000, 0x00000, 0x00000, 0x00000 }, 7 } },
    { IwLocale::UK, 0x7B, { { 0x00000, 0x00008, 0x00000, 0x00036, 0x00041, 0x00041, 0x00041, 0x00000, 0x00000, 0x00000, 0x00000, 0x00000, 0x00000, 0x00000, 0x00000, 0x00000, 0x00000, 0x00000, 0x00000, 0x00000 }, 10 } },
    { IwLocale::UK, 0x7C, { { 0x00000, 0x00000, 0x0007f, 0x00000, 0x00000, 0x00000, 0x00000, 0x00000, 0x00000, 0x00000, 0x00000, 0x00000, 0x00000, 0x00000, 0x00000, 0x00000, 0x00000, 0x00000, 0x00000, 0x00000 }, 7 } },
    { IwLocale::UK, 0x7D, { { 0x00000, 0x00041, 0x00041, 0x00041, 0x00036, 0x00000, 0x00008, 0x00000, 0x00000, 0x00000, 0x00000, 0x00000, 0x00000, 0x00000, 0x00000, 0x00000, 0x00000, 0x00000, 0x00000, 0x00000 }, 10 } },
    { IwLocale::UK, 0x7E, { { 0x00002, 0x00000, 0x00001, 0x00001, 0x00001, 0x00000, 0x00002, 0x00002, 0x00002, 0x00000, 0x00001, 0x00000, 0x00000, 0x00000, 0x00000, 0x00000, 0x00000, 0x00000, 0x00000, 0x00000 }, 13 } },
    { IwLocale::FR, 0x23, { { 0x00000, 0x00048, 0x00048, 0x0003c, 0x0002a, 0x00049, 0x00049, 0x00049, 0x00042, 0x00040, 0x00000, 0x00000, 0x00000, 0x00000, 0x00000, 0x00000, 0x00000, 0x00000, 0x00000, 0x00000 }, 13 } },
    { IwLocale::FR, 0x40, { { 0x00000, 0x00020, 0x00050, 0x00055, 0x00054, 0x00056, 0x00054, 0x00038, 0x00040, 0x00000, 0x00000, 0x00000, 0x00000, 0x00000, 0x00000, 0x00000, 0x00000, 0x00000, 0x00000, 0x00000 }, 12 } },
    { IwLocale::FR, 0x5B, { { 0x00000, 0x00000, 0x00000, 0x00002, 0x00005, 0x00005, 0x00005, 0x00002, 0x00000, 0x00000, 0x00000, 0x00000, 0x00000, 0x00000, 0x00000, 0x00000, 0x00000, 0x00000, 0x00000, 0x00000 }, 13 } },
    { IwLocale::FR, 0x5C, { { 0x00000, 0x00038, 0x00144, 0x00144, 0x00144, 0x001c4, 0x00044, 0x00044, 0x00000, 0x00000, 0x00000, 0x00000, 0x00000, 0x00000, 0x00000, 0x00000, 0x00000, 0x00000, 0x00000, 0x00000 }, 10 } },
    { IwLocale::FR, 0x5D, { { 0x00000, 0x00000, 0x0000a, 0x00055, 0x00055, 0x00055, 0x00055, 0x00055, 0x00028, 0x00000, 0x00000, 0x00000, 0x00000, 0x00000, 0x00000, 0x00000, 0x00000, 0x00000, 0x00000, 0x00000 }, 12 } },
    { IwLocale::FR, 0x60, { { 0x00000, 0x00000, 0x00001, 0x00002, 0x00004, 0x00000, 0x00000, 0x00000, 0x00000, 0x00000, 0x00000, 0x00000, 0x00000, 0x00000, 0x00000, 0x00000, 0x00000, 0x00000, 0x00000, 0x00000 }, 7 } },
    { IwLocale::FR, 0x7B, { { 0x00000, 0x00000, 0x00038, 0x00054, 0x00054, 0x00056, 0x00054, 0x00055, 0x00018, 0x00000, 0x00000, 0x00000, 0x00000, 0x00000, 0x00000, 0x00000, 0x00000, 0x00000, 0x00000, 0x00000 }, 12 } },
    { IwLocale::FR, 0x7C, { { 0x00000, 0x0003c, 0x00040, 0x00041, 0x00040, 0x00042, 0x00040, 0x00040, 0x00040, 0x0003c, 0x00040, 0x00000, 0x00000, 0x00000, 0x00000, 0x00000, 0x00000, 0x00000, 0x00000, 0x00000 }, 12 } },
    { IwLocale::FR, 0x7D, { { 0x00000, 0x00038, 0x00054, 0x00055, 0x00054, 0x00056, 0x00054, 0x00054, 0x00018, 0x00000, 0x00000, 0x00000, 0x00000, 0x00000, 0x00000, 0x00000, 0x00000, 0x00000, 0x00000, 0x00000 }, 12 } },
    { IwLocale::FR, 0x7E, { { 0x00000, 0x00000, 0x00000, 0x00001, 0x00000, 0x00000, 0x00000, 0x00001, 0x00000, 0x00000, 0x00000, 0x00000, 0x00000, 0x00000, 0x00000, 0x00000, 0x00000, 0x00000, 0x00000, 0x00000 }, 13 } },
    { IwLocale::DE, 0x23, { { 0x00000, 0x00014, 0x00014, 0x0007f, 0x00014, 0x00014, 0x00014, 0x00014, 0x0007f, 0x00014, 0x00014, 0x00000, 0x00000, 0x00000, 0x00000, 0x00000, 0x00000, 0x00000, 0x00000, 0x00000 }, 14 } },
    { IwLocale::DE, 0x40, { { 0x00000, 0x00000, 0x0000a, 0x00055, 0x00055, 0x00055, 0x00055, 0x00055, 0x00028, 0x00000, 0x00000, 0x00000, 0x00000, 0x00000, 0x00000, 0x00000, 0x00000, 0x00000, 0x00000, 0x00000 }, 12 } },
    { IwLocale::DE, 0x5B, { { 0x00000, 0x00040, 0x00060, 0x00010, 0x00019, 0x00014, 0x00012, 0x00012, 0x00012, 0x00014, 0x00019, 0x00010, 0x00060, 0x00040, 0x00000, 0x00000, 0x00000, 0x00000, 0x00000, 0x00000 }, 16 } },
    { IwLocale::DE, 0x5C, { { 0x00000, 0x00038, 0x00045, 0x00042, 0x00042, 0x00042, 0x00042, 0x00042, 0x00042, 0x00042, 0x00042, 0x00025, 0x00018, 0x00000, 0x00000, 0x00000, 0x00000, 0x00000, 0x00000, 0x00000 }, 15 } },
    { IwLocale::DE, 0x5D, { { 0x00000, 0x00004, 0x0003d, 0x00044, 0x00040, 0x00040, 0x00040, 0x00040, 0x00040, 0x00040, 0x00044, 0x0003d, 0x00004, 0x00000, 0x00000, 0x00000, 0x00000, 0x00000, 0x00000, 0x00000 }, 15 } },
    { IwLocale::DE, 0x60, { { 0x00000, 0x00000, 0x00001, 0x00002, 0x00004, 0x00000, 0x00000, 0x00000, 0x00000, 0x00000, 0x00000, 0x00000, 0x00000, 0x00000, 0x00000, 0x00000, 0x00000, 0x00000, 0x00000, 0x00000 }, 7 } },
    { IwLocale::DE, 0x7B, { { 0x00000, 0x00020, 0x00050, 0x00055, 0x00054, 0x00054, 0x00054, 0x00039, 0x00040, 0x00040, 0x00000, 0x00000, 0x00000, 0x00000, 0x00000, 0x00000, 0x00000, 0x00000, 0x00000, 0x00000 }, 12 } },
    { IwLocale::DE, 0x7C, { { 0x00000, 0x00038, 0x00045, 0x00044, 0x00044, 0x00044, 0x00044, 0x00044, 0x00045, 0x00038, 0x00000, 0x00000, 0x00000, 0x00000, 0x00000, 0x00000, 0x00000, 0x00000, 0x00000, 0x00000 }, 12 } },
    { IwLocale::DE, 0x7D, { { 0x00000, 0x0003c, 0x00040, 0x00041, 0x00040, 0x00040, 0x00040, 0x00041, 0x00040, 0x0003c, 0x00040, 0x00000, 0x00000, 0x00000, 0x00000, 0x00000, 0x00000, 0x00000, 0x00000, 0x00000 }, 12 } },
    { IwLocale::DE, 0x7E, { { 0x00000, 0x00040, 0x0003e, 0x00025, 0x00025, 0x00025, 0x00025, 0x00025, 0x00025, 0x00002, 0x00018, 0x00000, 0x00000, 0x00000, 0x00000, 0x00000, 0x00000, 0x00000, 0x00000, 0x00000 }, 14 } },
    { IwLocale::IT, 0x23, { { 0x00000, 0x00048, 0x00048, 0x0003c, 0x0002a, 0x00049, 0x00049, 0x00049, 0x00042, 0x00040, 0x00000, 0x00000, 0x00000, 0x00000, 0x00000, 0x00000, 0x00000, 0x00000, 0x00000, 0x00000 }, 13 } },
    { IwLocale::IT, 0x40, { { 0x00000, 0x00000, 0x0000a, 0x00055, 0x00055, 0x00055, 0x00055, 0x00055, 0x00028, 0x00000, 0x00000, 0x00000, 0x00000, 0x00000, 0x00000, 0x00000, 0x00000, 0x00000, 0x00000, 0x00000 }, 12 } },
    { IwLocale::IT, 0x5B, { { 0x00000, 0x00000, 0x00000, 0x00002, 0x00005, 0x00005, 0x00005, 0x00002, 0x00000, 0x00000, 0x00000, 0x00000, 0x00000, 0x00000, 0x00000, 0x00000, 0x00000, 0x00000, 0x00000, 0x00000 }, 13 } },
    { IwLocale::IT, 0x5C, { { 0x00000, 0x00038, 0x00144, 0x00144, 0x00144, 0x001c4, 0x00044, 0x00044, 0x00000, 0x00000, 0x00000, 0x00000, 0x00000, 0x00000, 0x00000, 0x00000, 0x00000, 0x00000, 0x00000, 0x00000 }, 10 } },
    { IwLocale::IT, 0x5D, { { 0x00000, 0x00000, 0x00038, 0x00054, 0x00054, 0x00056, 0x00054, 0x00055, 0x00018, 0x00000, 0x00000, 0x00000, 0x00000, 0x00000, 0x00000, 0x00000, 0x00000, 0x00000, 0x00000, 0x00000 }, 12 } },
    { IwLocale::IT, 0x60, { { 0x00000, 0x0003c, 0x00040, 0x00041, 0x00040, 0x00042, 0x00040, 0x00040, 0x00040, 0x0003c, 0x00040, 0x00000, 0x00000, 0x00000, 0x00000, 0x00000, 0x00000, 0x00000, 0x00000, 0x00000 }, 12 } },
    { IwLocale::IT, 0x7B, { { 0x00000, 0x00020, 0x00050, 0x00055, 0x00054, 0x00056, 0x00054, 0x00038, 0x00040, 0x00040, 0x00000, 0x00000, 0x00000, 0x00000, 0x00000, 0x00000, 0x00000, 0x00000, 0x00000, 0x00000 }, 12 } },
    { IwLocale::IT, 0x7C, { { 0x00000, 0x00038, 0x00044, 0x00045, 0x00044, 0x00046, 0x00044, 0x00044, 0x00044, 0x00038, 0x00000, 0x00000, 0x00000, 0x00000, 0x00000, 0x00000, 0x00000, 0x00000, 0x00000, 0x00000 }, 12 } },
    { IwLocale::IT, 0x7D, { { 0x00000, 0x00038, 0x00054, 0x00055, 0x00054, 0x00056, 0x00054, 0x00054, 0x00018, 0x00000, 0x00000, 0x00000, 0x00000, 0x00000, 0x00000, 0x00000, 0x00000, 0x00000, 0x00000, 0x00000 }, 12 } },
    { IwLocale::IT, 0x7E, { { 0x00000, 0x00049, 0x00048, 0x0007a, 0x00040, 0x00040, 0x00000, 0x00000, 0x00000, 0x00000, 0x00000, 0x00000, 0x00000, 0x00000, 0x00000, 0x00000, 0x00000, 0x00000, 0x00000, 0x00000 }, 8 } },
    { IwLocale::SE, 0x23, { { 0x00000, 0x00014, 0x00014, 0x0007f, 0x00014, 0x00014, 0x00014, 0x00014, 0x0007f, 0x00014, 0x00014, 0x00000, 0x00000, 0x00000, 0x00000, 0x00000, 0x00000, 0x00000, 0x00000, 0x00000 }, 14 } },
    { IwLocale::SE, 0x40, { { 0x00000, 0x00000, 0x00004, 0x00002, 0x00031, 0x00041, 0x00049, 0x00049, 0x00079, 0x00041, 0x00041, 0x00042, 0x0003c, 0x00000, 0x00000, 0x00000, 0x00000, 0x00000, 0x00000, 0x00000 }, 14 } },
    { IwLocale::SE, 0x5B, { { 0x00000, 0x00040, 0x00060, 0x00010, 0x00019, 0x00014, 0x00012, 0x00012, 0x00012, 0x00014, 0x00019, 0x00010, 0x00060, 0x00040, 0x00000, 0x00000, 0x00000, 0x00000, 0x00000, 0x00000 }, 16 } },
    { IwLocale::SE, 0x5C, { { 0x00000, 0x00038, 0x00045, 0x00042, 0x00042, 0x00042, 0x00042, 0x00042, 0x00042, 0x00042, 0x00042, 0x00025, 0x00018, 0x00000, 0x00000, 0x00000, 0x00000, 0x00000, 0x00000, 0x00000 }, 15 } },
    { IwLocale::SE, 0x5D, { { 0x00000, 0x00040, 0x00060, 0x00010, 0x00018, 0x00016, 0x00015, 0x00015, 0x00015, 0x00016, 0x00018, 0x00010, 0x00060, 0x00040, 0x00000, 0x00000, 0x00000, 0x00000, 0x00000, 0x00000 }, 16 } },
    { IwLocale::SE, 0x60, { { 0x00000, 0x00000, 0x00001, 0x00002, 0x00004, 0x00000, 0x00000, 0x00000, 0x00000, 0x00000, 0x00000, 0x00000, 0x00000, 0x00000, 0x00000, 0x00000, 0x00000, 0x00000, 0x00000, 0x00000 }, 7 } },
    { IwLocale::SE, 0x7B, { { 0x00000, 0x00020, 0x00050, 0x00055, 0x00054, 0x00054, 0x00054, 0x00039, 0x00040, 0x00040, 0x00000, 0x00000, 0x00000, 0x00000, 0x00000, 0x00000, 0x00000, 0x00000, 0x00000, 0x00000 }, 12 } },
    { IwLocale::SE, 0x7C, { { 0x00000, 0x00038, 0x00045, 0x00044, 0x00044, 0x00044, 0x00044, 0x00044, 0x00045, 0x00038, 0x00000, 0x00000, 0x00000, 0x00000, 0x00000, 0x00000, 0x00000, 0x00000, 0x00000, 0x00000 }, 12 } },
    { IwLocale::SE, 0x7D, { { 0x00000, 0x00020, 0x00050, 0x00057, 0x00055, 0x00055, 0x00057, 0x00038, 0x00040, 0x00040, 0x00000, 0x00000, 0x00000, 0x00000, 0x00000, 0x00000, 0x00000, 0x00000, 0x00000, 0x00000 }, 12 } },
    { IwLocale::SE, 0x7E, { { 0x00002, 0x00000, 0x00001, 0x00001, 0x00001, 0x00000, 0x00002, 0x00002, 0x00002, 0x00000, 0x00001, 0x00000, 0x00000, 0x00000, 0x00000, 0x00000, 0x00000, 0x00000, 0x00000, 0x00000 }, 13 } },
    { IwLocale::ES, 0x23, { { 0x00000, 0x00048, 0x00048, 0x0003c, 0x0002a, 0x00049, 0x00049, 0x00049, 0x00042, 0x00040, 0x00000, 0x00000, 0x00000, 0x00000, 0x00000, 0x00000, 0x00000, 0x00000, 0x00000, 0x00000 }, 13 } },
    { IwLocale::ES, 0x40, { { 0x00000, 0x00000, 0x0000a, 0x00055, 0x00055, 0x00055, 0x00055, 0x00055, 0x00028, 0x00000, 0x00000, 0x00000, 0x00000, 0x00000, 0x00000, 0x00000, 0x00000, 0x00000, 0x00000, 0x00000 }, 12 } },
    { IwLocale::ES, 0x5B, { { 0x00000, 0x00000, 0x00000, 0x001f4, 0x00000, 0x00000, 0x00000, 0x00000, 0x00000, 0x00000, 0x00000, 0x00000, 0x00000, 0x00000, 0x00000, 0x00000, 0x00000, 0x00000, 0x00000, 0x00000 }, 7 } },
    { IwLocale::ES, 0x5C, { { 0x00000, 0x00000, 0x00046, 0x0007c, 0x00045, 0x00005, 0x00009, 0x00010, 0x00022, 0x00042, 0x00046, 0x0007c, 0x00045, 0x00000, 0x00000, 0x00000, 0x00000, 0x00000, 0x00000, 0x00000 }, 16 } },
    { IwLocale::ES, 0x5D, { { 0x00000, 0x000c0, 0x00000, 0x00120, 0x00114, 0x00100, 0x00100, 0x00000, 0x00080, 0x00000, 0x00000, 0x00000, 0x00000, 0x00000, 0x00000, 0x00000, 0x00000, 0x00000, 0x00000, 0x00000 }, 12 } },
    { IwLocale::ES, 0x60, { { 0x00000, 0x00000, 0x00001, 0x00002, 0x00004, 0x00000, 0x00000, 0x00000, 0x00000, 0x00000, 0x00000, 0x00000, 0x00000, 0x00000, 0x00000, 0x00000, 0x00000, 0x00000, 0x00000, 0x00000 }, 7 } },
    { IwLocale::ES, 0x7B, { { 0x00000, 0x00000, 0x00000, 0x00002, 0x00005, 0x00005, 0x00005, 0x00002, 0x00000, 0x00000, 0x00000, 0x00000, 0x00000, 0x00000, 0x00000, 0x00000, 0x00000, 0x00000, 0x00000, 0x00000 }, 13 } },
    { IwLocale::ES, 0x7C, { { 0x00002, 0x0007c, 0x00005, 0x00005, 0x00005, 0x00004, 0x00006, 0x00006, 0x00006, 0x00078, 0x00001, 0x00000, 0x00000, 0x00000, 0x00000, 0x00000, 0x00000, 0x00000, 0x00000, 0x00000 }, 12 } },
    { IwLocale::ES, 0x7D, { { 0x00000, 0x00038, 0x00144, 0x00144, 0x00144, 0x001c4, 0x00044, 0x00044, 0x00000, 0x00000, 0x00000, 0x00000, 0x00000, 0x00000, 0x00000, 0x00000, 0x00000, 0x00000, 0x00000, 0x00000 }, 10 } },
    { IwLocale::ES, 0x7E, { { 0x00002, 0x00000, 0x00001, 0x00001, 0x00001, 0x00000, 0x00002, 0x00002, 0x00002, 0x00000, 0x00001, 0x00000, 0x00000, 0x00000, 0x00000, 0x00000, 0x00000, 0x00000, 0x00000, 0x00000 }, 13 } },
};
inline constexpr size_t kIw1PropOverridesCount =
    sizeof(kIw1PropOverrides) / sizeof(kIw1PropOverrides[0]);

// ──────────────────────────────────────────────────────────────────────
/// Apple DMP (C. Itoh 8510) standard fixed.
inline constexpr IwGlyph kDmpFixed[kIwCodeCount] = {
    { { 0x00000, 0x00000, 0x00000, 0x00000, 0x00000, 0x00000, 0x00000, 0x00000, 0x00000, 0x00000, 0x00000, 0x00000, 0x00000, 0x00000, 0x00000, 0x00000, 0x00000, 0x00000, 0x00000, 0x00000 }, 8 },  // $20  
    { { 0x00000, 0x00000, 0x00000, 0x0004f, 0x00000, 0x00000, 0x00000, 0x00000, 0x00000, 0x00000, 0x00000, 0x00000, 0x00000, 0x00000, 0x00000, 0x00000, 0x00000, 0x00000, 0x00000, 0x00000 }, 8 },  // $21 !
    { { 0x00000, 0x00000, 0x00007, 0x00000, 0x00007, 0x00000, 0x00000, 0x00000, 0x00000, 0x00000, 0x00000, 0x00000, 0x00000, 0x00000, 0x00000, 0x00000, 0x00000, 0x00000, 0x00000, 0x00000 }, 8 },  // $22 "
    { { 0x00000, 0x00014, 0x0007f, 0x00014, 0x00014, 0x0007f, 0x00014, 0x00000, 0x00000, 0x00000, 0x00000, 0x00000, 0x00000, 0x00000, 0x00000, 0x00000, 0x00000, 0x00000, 0x00000, 0x00000 }, 8 },  // $23 #
    { { 0x00004, 0x0002a, 0x0002a, 0x0007f, 0x0002a, 0x0002a, 0x00010, 0x00000, 0x00000, 0x00000, 0x00000, 0x00000, 0x00000, 0x00000, 0x00000, 0x00000, 0x00000, 0x00000, 0x00000, 0x00000 }, 8 },  // $24 $
    { { 0x00043, 0x00023, 0x00010, 0x00008, 0x00004, 0x00062, 0x00061, 0x00000, 0x00000, 0x00000, 0x00000, 0x00000, 0x00000, 0x00000, 0x00000, 0x00000, 0x00000, 0x00000, 0x00000, 0x00000 }, 8 },  // $25 %
    { { 0x00030, 0x0004e, 0x00049, 0x00056, 0x00020, 0x00050, 0x00048, 0x00000, 0x00000, 0x00000, 0x00000, 0x00000, 0x00000, 0x00000, 0x00000, 0x00000, 0x00000, 0x00000, 0x00000, 0x00000 }, 8 },  // $26 &
    { { 0x00000, 0x00000, 0x00004, 0x00002, 0x00001, 0x00000, 0x00000, 0x00000, 0x00000, 0x00000, 0x00000, 0x00000, 0x00000, 0x00000, 0x00000, 0x00000, 0x00000, 0x00000, 0x00000, 0x00000 }, 8 },  // $27 '
    { { 0x00000, 0x00000, 0x0001c, 0x00022, 0x00041, 0x00000, 0x00000, 0x00000, 0x00000, 0x00000, 0x00000, 0x00000, 0x00000, 0x00000, 0x00000, 0x00000, 0x00000, 0x00000, 0x00000, 0x00000 }, 8 },  // $28 (
    { { 0x00000, 0x00000, 0x00041, 0x00022, 0x0001c, 0x00000, 0x00000, 0x00000, 0x00000, 0x00000, 0x00000, 0x00000, 0x00000, 0x00000, 0x00000, 0x00000, 0x00000, 0x00000, 0x00000, 0x00000 }, 8 },  // $29 )
    { { 0x00000, 0x00008, 0x0002a, 0x0001c, 0x0001c, 0x0002a, 0x00008, 0x00000, 0x00000, 0x00000, 0x00000, 0x00000, 0x00000, 0x00000, 0x00000, 0x00000, 0x00000, 0x00000, 0x00000, 0x00000 }, 8 },  // $2A *
    { { 0x00000, 0x00008, 0x00008, 0x0003e, 0x00008, 0x00008, 0x00000, 0x00000, 0x00000, 0x00000, 0x00000, 0x00000, 0x00000, 0x00000, 0x00000, 0x00000, 0x00000, 0x00000, 0x00000, 0x00000 }, 8 },  // $2B +
    { { 0x00000, 0x00000, 0x00000, 0x00160, 0x000e0, 0x00000, 0x00000, 0x00000, 0x00000, 0x00000, 0x00000, 0x00000, 0x00000, 0x00000, 0x00000, 0x00000, 0x00000, 0x00000, 0x00000, 0x00000 }, 8 },  // $2C ,
    { { 0x00000, 0x00008, 0x00008, 0x00008, 0x00008, 0x00008, 0x00008, 0x00000, 0x00000, 0x00000, 0x00000, 0x00000, 0x00000, 0x00000, 0x00000, 0x00000, 0x00000, 0x00000, 0x00000, 0x00000 }, 8 },  // $2D -
    { { 0x00000, 0x00000, 0x00000, 0x00060, 0x00060, 0x00000, 0x00000, 0x00000, 0x00000, 0x00000, 0x00000, 0x00000, 0x00000, 0x00000, 0x00000, 0x00000, 0x00000, 0x00000, 0x00000, 0x00000 }, 8 },  // $2E .
    { { 0x00040, 0x00020, 0x00010, 0x00008, 0x00004, 0x00002, 0x00001, 0x00000, 0x00000, 0x00000, 0x00000, 0x00000, 0x00000, 0x00000, 0x00000, 0x00000, 0x00000, 0x00000, 0x00000, 0x00000 }, 8 },  // $2F /
    { { 0x00000, 0x0003e, 0x00041, 0x00041, 0x00041, 0x0003e, 0x00000, 0x00000, 0x00000, 0x00000, 0x00000, 0x00000, 0x00000, 0x00000, 0x00000, 0x00000, 0x00000, 0x00000, 0x00000, 0x00000 }, 8 },  // $30 0
    { { 0x00000, 0x00000, 0x00042, 0x0007f, 0x00040, 0x00000, 0x00000, 0x00000, 0x00000, 0x00000, 0x00000, 0x00000, 0x00000, 0x00000, 0x00000, 0x00000, 0x00000, 0x00000, 0x00000, 0x00000 }, 8 },  // $31 1
    { { 0x00000, 0x00042, 0x00061, 0x00051, 0x00049, 0x00049, 0x00046, 0x00000, 0x00000, 0x00000, 0x00000, 0x00000, 0x00000, 0x00000, 0x00000, 0x00000, 0x00000, 0x00000, 0x00000, 0x00000 }, 8 },  // $32 2
    { { 0x00000, 0x00022, 0x00041, 0x00049, 0x00049, 0x00049, 0x00036, 0x00000, 0x00000, 0x00000, 0x00000, 0x00000, 0x00000, 0x00000, 0x00000, 0x00000, 0x00000, 0x00000, 0x00000, 0x00000 }, 8 },  // $33 3
    { { 0x00000, 0x00018, 0x00014, 0x00012, 0x00011, 0x0007f, 0x00010, 0x00000, 0x00000, 0x00000, 0x00000, 0x00000, 0x00000, 0x00000, 0x00000, 0x00000, 0x00000, 0x00000, 0x00000, 0x00000 }, 8 },  // $34 4
    { { 0x00000, 0x00047, 0x00045, 0x00045, 0x00045, 0x00045, 0x00039, 0x00000, 0x00000, 0x00000, 0x00000, 0x00000, 0x00000, 0x00000, 0x00000, 0x00000, 0x00000, 0x00000, 0x00000, 0x00000 }, 8 },  // $35 5
    { { 0x00000, 0x00030, 0x00048, 0x0004c, 0x0004a, 0x00049, 0x00030, 0x00000, 0x00000, 0x00000, 0x00000, 0x00000, 0x00000, 0x00000, 0x00000, 0x00000, 0x00000, 0x00000, 0x00000, 0x00000 }, 8 },  // $36 6
    { { 0x00000, 0x00001, 0x00061, 0x00011, 0x00009, 0x00005, 0x00003, 0x00000, 0x00000, 0x00000, 0x00000, 0x00000, 0x00000, 0x00000, 0x00000, 0x00000, 0x00000, 0x00000, 0x00000, 0x00000 }, 8 },  // $37 7
    { { 0x00000, 0x00036, 0x00049, 0x00049, 0x00049, 0x00049, 0x00036, 0x00000, 0x00000, 0x00000, 0x00000, 0x00000, 0x00000, 0x00000, 0x00000, 0x00000, 0x00000, 0x00000, 0x00000, 0x00000 }, 8 },  // $38 8
    { { 0x00000, 0x00006, 0x00049, 0x00029, 0x00019, 0x00009, 0x00006, 0x00000, 0x00000, 0x00000, 0x00000, 0x00000, 0x00000, 0x00000, 0x00000, 0x00000, 0x00000, 0x00000, 0x00000, 0x00000 }, 8 },  // $39 9
    { { 0x00000, 0x00000, 0x00000, 0x0006c, 0x0006c, 0x00000, 0x00000, 0x00000, 0x00000, 0x00000, 0x00000, 0x00000, 0x00000, 0x00000, 0x00000, 0x00000, 0x00000, 0x00000, 0x00000, 0x00000 }, 8 },  // $3A :
    { { 0x00000, 0x00000, 0x0016c, 0x000ec, 0x00000, 0x00000, 0x00000, 0x00000, 0x00000, 0x00000, 0x00000, 0x00000, 0x00000, 0x00000, 0x00000, 0x00000, 0x00000, 0x00000, 0x00000, 0x00000 }, 8 },  // $3B ;
    { { 0x00000, 0x00000, 0x00008, 0x00014, 0x00022, 0x00041, 0x00000, 0x00000, 0x00000, 0x00000, 0x00000, 0x00000, 0x00000, 0x00000, 0x00000, 0x00000, 0x00000, 0x00000, 0x00000, 0x00000 }, 8 },  // $3C <
    { { 0x00014, 0x00014, 0x00014, 0x00014, 0x00014, 0x00014, 0x00014, 0x00000, 0x00000, 0x00000, 0x00000, 0x00000, 0x00000, 0x00000, 0x00000, 0x00000, 0x00000, 0x00000, 0x00000, 0x00000 }, 8 },  // $3D =
    { { 0x00000, 0x00000, 0x00041, 0x00022, 0x00014, 0x00008, 0x00000, 0x00000, 0x00000, 0x00000, 0x00000, 0x00000, 0x00000, 0x00000, 0x00000, 0x00000, 0x00000, 0x00000, 0x00000, 0x00000 }, 8 },  // $3E >
    { { 0x00000, 0x00002, 0x00001, 0x00051, 0x00009, 0x00009, 0x00006, 0x00000, 0x00000, 0x00000, 0x00000, 0x00000, 0x00000, 0x00000, 0x00000, 0x00000, 0x00000, 0x00000, 0x00000, 0x00000 }, 8 },  // $3F ?
    { { 0x00000, 0x00002, 0x00071, 0x00049, 0x00079, 0x00041, 0x0003e, 0x00000, 0x00000, 0x00000, 0x00000, 0x00000, 0x00000, 0x00000, 0x00000, 0x00000, 0x00000, 0x00000, 0x00000, 0x00000 }, 8 },  // $40 @
    { { 0x00078, 0x00014, 0x00012, 0x00011, 0x00012, 0x00014, 0x00078, 0x00000, 0x00000, 0x00000, 0x00000, 0x00000, 0x00000, 0x00000, 0x00000, 0x00000, 0x00000, 0x00000, 0x00000, 0x00000 }, 8 },  // $41 A
    { { 0x00000, 0x0007f, 0x00049, 0x00049, 0x00049, 0x00049, 0x00036, 0x00000, 0x00000, 0x00000, 0x00000, 0x00000, 0x00000, 0x00000, 0x00000, 0x00000, 0x00000, 0x00000, 0x00000, 0x00000 }, 8 },  // $42 B
    { { 0x00000, 0x0003e, 0x00041, 0x00041, 0x00041, 0x00041, 0x00022, 0x00000, 0x00000, 0x00000, 0x00000, 0x00000, 0x00000, 0x00000, 0x00000, 0x00000, 0x00000, 0x00000, 0x00000, 0x00000 }, 8 },  // $43 C
    { { 0x00000, 0x0007f, 0x00041, 0x00041, 0x00041, 0x00022, 0x0001c, 0x00000, 0x00000, 0x00000, 0x00000, 0x00000, 0x00000, 0x00000, 0x00000, 0x00000, 0x00000, 0x00000, 0x00000, 0x00000 }, 8 },  // $44 D
    { { 0x00000, 0x0007f, 0x00049, 0x00049, 0x00049, 0x00049, 0x00041, 0x00000, 0x00000, 0x00000, 0x00000, 0x00000, 0x00000, 0x00000, 0x00000, 0x00000, 0x00000, 0x00000, 0x00000, 0x00000 }, 8 },  // $45 E
    { { 0x00000, 0x0007f, 0x00009, 0x00009, 0x00009, 0x00009, 0x00001, 0x00000, 0x00000, 0x00000, 0x00000, 0x00000, 0x00000, 0x00000, 0x00000, 0x00000, 0x00000, 0x00000, 0x00000, 0x00000 }, 8 },  // $46 F
    { { 0x00000, 0x0003e, 0x00041, 0x00041, 0x00049, 0x00049, 0x0003a, 0x00000, 0x00000, 0x00000, 0x00000, 0x00000, 0x00000, 0x00000, 0x00000, 0x00000, 0x00000, 0x00000, 0x00000, 0x00000 }, 8 },  // $47 G
    { { 0x00000, 0x0007f, 0x00008, 0x00008, 0x00008, 0x00008, 0x0007f, 0x00000, 0x00000, 0x00000, 0x00000, 0x00000, 0x00000, 0x00000, 0x00000, 0x00000, 0x00000, 0x00000, 0x00000, 0x00000 }, 8 },  // $48 H
    { { 0x00000, 0x00000, 0x00041, 0x0007f, 0x00041, 0x00000, 0x00000, 0x00000, 0x00000, 0x00000, 0x00000, 0x00000, 0x00000, 0x00000, 0x00000, 0x00000, 0x00000, 0x00000, 0x00000, 0x00000 }, 8 },  // $49 I
    { { 0x00000, 0x00030, 0x00040, 0x00040, 0x00041, 0x0003f, 0x00001, 0x00000, 0x00000, 0x00000, 0x00000, 0x00000, 0x00000, 0x00000, 0x00000, 0x00000, 0x00000, 0x00000, 0x00000, 0x00000 }, 8 },  // $4A J
    { { 0x00000, 0x0007f, 0x00008, 0x00008, 0x00014, 0x00022, 0x00041, 0x00000, 0x00000, 0x00000, 0x00000, 0x00000, 0x00000, 0x00000, 0x00000, 0x00000, 0x00000, 0x00000, 0x00000, 0x00000 }, 8 },  // $4B K
    { { 0x00000, 0x0007f, 0x00040, 0x00040, 0x00040, 0x00040, 0x00040, 0x00000, 0x00000, 0x00000, 0x00000, 0x00000, 0x00000, 0x00000, 0x00000, 0x00000, 0x00000, 0x00000, 0x00000, 0x00000 }, 8 },  // $4C L
    { { 0x0007f, 0x00002, 0x00004, 0x00008, 0x00004, 0x00002, 0x0007f, 0x00000, 0x00000, 0x00000, 0x00000, 0x00000, 0x00000, 0x00000, 0x00000, 0x00000, 0x00000, 0x00000, 0x00000, 0x00000 }, 8 },  // $4D M
    { { 0x0007f, 0x00002, 0x00004, 0x00008, 0x00010, 0x00020, 0x0007f, 0x00000, 0x00000, 0x00000, 0x00000, 0x00000, 0x00000, 0x00000, 0x00000, 0x00000, 0x00000, 0x00000, 0x00000, 0x00000 }, 8 },  // $4E N
    { { 0x00000, 0x0003e, 0x00041, 0x00041, 0x00041, 0x00041, 0x0003e, 0x00000, 0x00000, 0x00000, 0x00000, 0x00000, 0x00000, 0x00000, 0x00000, 0x00000, 0x00000, 0x00000, 0x00000, 0x00000 }, 8 },  // $4F O
    { { 0x00000, 0x0007f, 0x00009, 0x00009, 0x00009, 0x00009, 0x00006, 0x00000, 0x00000, 0x00000, 0x00000, 0x00000, 0x00000, 0x00000, 0x00000, 0x00000, 0x00000, 0x00000, 0x00000, 0x00000 }, 8 },  // $50 P
    { { 0x00000, 0x0003e, 0x00041, 0x00041, 0x00051, 0x00021, 0x0005e, 0x00000, 0x00000, 0x00000, 0x00000, 0x00000, 0x00000, 0x00000, 0x00000, 0x00000, 0x00000, 0x00000, 0x00000, 0x00000 }, 8 },  // $51 Q
    { { 0x00000, 0x0007f, 0x00009, 0x00009, 0x00019, 0x00029, 0x00046, 0x00000, 0x00000, 0x00000, 0x00000, 0x00000, 0x00000, 0x00000, 0x00000, 0x00000, 0x00000, 0x00000, 0x00000, 0x00000 }, 8 },  // $52 R
    { { 0x00000, 0x00026, 0x00049, 0x00049, 0x00049, 0x00049, 0x00032, 0x00000, 0x00000, 0x00000, 0x00000, 0x00000, 0x00000, 0x00000, 0x00000, 0x00000, 0x00000, 0x00000, 0x00000, 0x00000 }, 8 },  // $53 S
    { { 0x00001, 0x00001, 0x00001, 0x0007f, 0x00001, 0x00001, 0x00001, 0x00000, 0x00000, 0x00000, 0x00000, 0x00000, 0x00000, 0x00000, 0x00000, 0x00000, 0x00000, 0x00000, 0x00000, 0x00000 }, 8 },  // $54 T
    { { 0x00000, 0x0003f, 0x00040, 0x00040, 0x00040, 0x00040, 0x0003f, 0x00000, 0x00000, 0x00000, 0x00000, 0x00000, 0x00000, 0x00000, 0x00000, 0x00000, 0x00000, 0x00000, 0x00000, 0x00000 }, 8 },  // $55 U
    { { 0x0000f, 0x00010, 0x00020, 0x00040, 0x00020, 0x00010, 0x0000f, 0x00000, 0x00000, 0x00000, 0x00000, 0x00000, 0x00000, 0x00000, 0x00000, 0x00000, 0x00000, 0x00000, 0x00000, 0x00000 }, 8 },  // $56 V
    { { 0x0003f, 0x00040, 0x00020, 0x00018, 0x00020, 0x00040, 0x0003f, 0x00000, 0x00000, 0x00000, 0x00000, 0x00000, 0x00000, 0x00000, 0x00000, 0x00000, 0x00000, 0x00000, 0x00000, 0x00000 }, 8 },  // $57 W
    { { 0x00041, 0x00022, 0x00014, 0x00008, 0x00014, 0x00022, 0x00041, 0x00000, 0x00000, 0x00000, 0x00000, 0x00000, 0x00000, 0x00000, 0x00000, 0x00000, 0x00000, 0x00000, 0x00000, 0x00000 }, 8 },  // $58 X
    { { 0x00001, 0x00002, 0x00004, 0x00078, 0x00004, 0x00002, 0x00001, 0x00000, 0x00000, 0x00000, 0x00000, 0x00000, 0x00000, 0x00000, 0x00000, 0x00000, 0x00000, 0x00000, 0x00000, 0x00000 }, 8 },  // $59 Y
    { { 0x00000, 0x00061, 0x00051, 0x00049, 0x00045, 0x00043, 0x00000, 0x00000, 0x00000, 0x00000, 0x00000, 0x00000, 0x00000, 0x00000, 0x00000, 0x00000, 0x00000, 0x00000, 0x00000, 0x00000 }, 8 },  // $5A Z
    { { 0x00000, 0x00000, 0x0007f, 0x00041, 0x00041, 0x00000, 0x00000, 0x00000, 0x00000, 0x00000, 0x00000, 0x00000, 0x00000, 0x00000, 0x00000, 0x00000, 0x00000, 0x00000, 0x00000, 0x00000 }, 8 },  // $5B [
    { { 0x00000, 0x00001, 0x00002, 0x00004, 0x00008, 0x00010, 0x00020, 0x00040, 0x00000, 0x00000, 0x00000, 0x00000, 0x00000, 0x00000, 0x00000, 0x00000, 0x00000, 0x00000, 0x00000, 0x00000 }, 8 },  // $5C (backslash)
    { { 0x00000, 0x00000, 0x00041, 0x00041, 0x0007f, 0x00000, 0x00000, 0x00000, 0x00000, 0x00000, 0x00000, 0x00000, 0x00000, 0x00000, 0x00000, 0x00000, 0x00000, 0x00000, 0x00000, 0x00000 }, 8 },  // $5D ]
    { { 0x00000, 0x00000, 0x00002, 0x00001, 0x00002, 0x00000, 0x00000, 0x00000, 0x00000, 0x00000, 0x00000, 0x00000, 0x00000, 0x00000, 0x00000, 0x00000, 0x00000, 0x00000, 0x00000, 0x00000 }, 8 },  // $5E ^
    { { 0x00100, 0x00100, 0x00100, 0x00100, 0x00100, 0x00100, 0x00100, 0x00100, 0x00000, 0x00000, 0x00000, 0x00000, 0x00000, 0x00000, 0x00000, 0x00000, 0x00000, 0x00000, 0x00000, 0x00000 }, 8 },  // $5F _
    { { 0x00000, 0x00000, 0x00001, 0x00002, 0x00004, 0x00000, 0x00000, 0x00000, 0x00000, 0x00000, 0x00000, 0x00000, 0x00000, 0x00000, 0x00000, 0x00000, 0x00000, 0x00000, 0x00000, 0x00000 }, 8 },  // $60 `
    { { 0x00000, 0x00020, 0x00054, 0x00054, 0x00054, 0x00038, 0x00040, 0x00000, 0x00000, 0x00000, 0x00000, 0x00000, 0x00000, 0x00000, 0x00000, 0x00000, 0x00000, 0x00000, 0x00000, 0x00000 }, 8 },  // $61 a
    { { 0x00000, 0x0007f, 0x00044, 0x00044, 0x00044, 0x00044, 0x00038, 0x00000, 0x00000, 0x00000, 0x00000, 0x00000, 0x00000, 0x00000, 0x00000, 0x00000, 0x00000, 0x00000, 0x00000, 0x00000 }, 8 },  // $62 b
    { { 0x00000, 0x00038, 0x00044, 0x00044, 0x00044, 0x00044, 0x00000, 0x00000, 0x00000, 0x00000, 0x00000, 0x00000, 0x00000, 0x00000, 0x00000, 0x00000, 0x00000, 0x00000, 0x00000, 0x00000 }, 8 },  // $63 c
    { { 0x00000, 0x00038, 0x00044, 0x00044, 0x00044, 0x00044, 0x0007f, 0x00000, 0x00000, 0x00000, 0x00000, 0x00000, 0x00000, 0x00000, 0x00000, 0x00000, 0x00000, 0x00000, 0x00000, 0x00000 }, 8 },  // $64 d
    { { 0x00000, 0x00038, 0x00054, 0x00054, 0x00054, 0x00018, 0x00000, 0x00000, 0x00000, 0x00000, 0x00000, 0x00000, 0x00000, 0x00000, 0x00000, 0x00000, 0x00000, 0x00000, 0x00000, 0x00000 }, 8 },  // $65 e
    { { 0x00000, 0x00008, 0x00008, 0x0007e, 0x00009, 0x00009, 0x00000, 0x00000, 0x00000, 0x00000, 0x00000, 0x00000, 0x00000, 0x00000, 0x00000, 0x00000, 0x00000, 0x00000, 0x00000, 0x00000 }, 8 },  // $66 f
    { { 0x00000, 0x00038, 0x00144, 0x00144, 0x00144, 0x00144, 0x000f8, 0x00000, 0x00000, 0x00000, 0x00000, 0x00000, 0x00000, 0x00000, 0x00000, 0x00000, 0x00000, 0x00000, 0x00000, 0x00000 }, 8 },  // $67 g
    { { 0x00000, 0x0007f, 0x00004, 0x00004, 0x00004, 0x00078, 0x00000, 0x00000, 0x00000, 0x00000, 0x00000, 0x00000, 0x00000, 0x00000, 0x00000, 0x00000, 0x00000, 0x00000, 0x00000, 0x00000 }, 8 },  // $68 h
    { { 0x00000, 0x00000, 0x00000, 0x0007d, 0x00000, 0x00000, 0x00000, 0x00000, 0x00000, 0x00000, 0x00000, 0x00000, 0x00000, 0x00000, 0x00000, 0x00000, 0x00000, 0x00000, 0x00000, 0x00000 }, 8 },  // $69 i
    { { 0x00000, 0x00040, 0x00080, 0x00080, 0x0007d, 0x00000, 0x00000, 0x00000, 0x00000, 0x00000, 0x00000, 0x00000, 0x00000, 0x00000, 0x00000, 0x00000, 0x00000, 0x00000, 0x00000, 0x00000 }, 8 },  // $6A j
    { { 0x00000, 0x0007f, 0x00010, 0x00018, 0x00024, 0x00042, 0x00000, 0x00000, 0x00000, 0x00000, 0x00000, 0x00000, 0x00000, 0x00000, 0x00000, 0x00000, 0x00000, 0x00000, 0x00000, 0x00000 }, 8 },  // $6B k
    { { 0x00000, 0x00000, 0x00001, 0x0007f, 0x00000, 0x00000, 0x00000, 0x00000, 0x00000, 0x00000, 0x00000, 0x00000, 0x00000, 0x00000, 0x00000, 0x00000, 0x00000, 0x00000, 0x00000, 0x00000 }, 8 },  // $6C l
    { { 0x0007c, 0x00004, 0x00004, 0x0007c, 0x00004, 0x00004, 0x00078, 0x00000, 0x00000, 0x00000, 0x00000, 0x00000, 0x00000, 0x00000, 0x00000, 0x00000, 0x00000, 0x00000, 0x00000, 0x00000 }, 8 },  // $6D m
    { { 0x00000, 0x0007c, 0x00004, 0x00004, 0x00004, 0x00078, 0x00000, 0x00000, 0x00000, 0x00000, 0x00000, 0x00000, 0x00000, 0x00000, 0x00000, 0x00000, 0x00000, 0x00000, 0x00000, 0x00000 }, 8 },  // $6E n
    { { 0x00000, 0x00038, 0x00044, 0x00044, 0x00044, 0x00044, 0x00038, 0x00000, 0x00000, 0x00000, 0x00000, 0x00000, 0x00000, 0x00000, 0x00000, 0x00000, 0x00000, 0x00000, 0x00000, 0x00000 }, 8 },  // $6F o
    { { 0x00000, 0x001fc, 0x00044, 0x00044, 0x00044, 0x00038, 0x00000, 0x00000, 0x00000, 0x00000, 0x00000, 0x00000, 0x00000, 0x00000, 0x00000, 0x00000, 0x00000, 0x00000, 0x00000, 0x00000 }, 8 },  // $70 p
    { { 0x00000, 0x00038, 0x00044, 0x00044, 0x00044, 0x001fc, 0x00000, 0x00000, 0x00000, 0x00000, 0x00000, 0x00000, 0x00000, 0x00000, 0x00000, 0x00000, 0x00000, 0x00000, 0x00000, 0x00000 }, 8 },  // $71 q
    { { 0x00000, 0x0007c, 0x00004, 0x00004, 0x00004, 0x00008, 0x00000, 0x00000, 0x00000, 0x00000, 0x00000, 0x00000, 0x00000, 0x00000, 0x00000, 0x00000, 0x00000, 0x00000, 0x00000, 0x00000 }, 8 },  // $72 r
    { { 0x00000, 0x00008, 0x00054, 0x00054, 0x00054, 0x00054, 0x00020, 0x00000, 0x00000, 0x00000, 0x00000, 0x00000, 0x00000, 0x00000, 0x00000, 0x00000, 0x00000, 0x00000, 0x00000, 0x00000 }, 8 },  // $73 s
    { { 0x00000, 0x00004, 0x00004, 0x0003f, 0x00044, 0x00044, 0x00000, 0x00000, 0x00000, 0x00000, 0x00000, 0x00000, 0x00000, 0x00000, 0x00000, 0x00000, 0x00000, 0x00000, 0x00000, 0x00000 }, 8 },  // $74 t
    { { 0x00000, 0x0003c, 0x00040, 0x00040, 0x00040, 0x00040, 0x0007c, 0x00000, 0x00000, 0x00000, 0x00000, 0x00000, 0x00000, 0x00000, 0x00000, 0x00000, 0x00000, 0x00000, 0x00000, 0x00000 }, 8 },  // $75 u
    { { 0x00000, 0x0001c, 0x00020, 0x00040, 0x00020, 0x0001c, 0x00000, 0x00000, 0x00000, 0x00000, 0x00000, 0x00000, 0x00000, 0x00000, 0x00000, 0x00000, 0x00000, 0x00000, 0x00000, 0x00000 }, 8 },  // $76 v
    { { 0x0003c, 0x00040, 0x00020, 0x00018, 0x00020, 0x00040, 0x0003c, 0x00000, 0x00000, 0x00000, 0x00000, 0x00000, 0x00000, 0x00000, 0x00000, 0x00000, 0x00000, 0x00000, 0x00000, 0x00000 }, 8 },  // $77 w
    { { 0x00000, 0x00044, 0x00028, 0x00010, 0x00028, 0x00044, 0x00000, 0x00000, 0x00000, 0x00000, 0x00000, 0x00000, 0x00000, 0x00000, 0x00000, 0x00000, 0x00000, 0x00000, 0x00000, 0x00000 }, 8 },  // $78 x
    { { 0x00000, 0x00084, 0x00048, 0x00030, 0x00010, 0x00008, 0x00004, 0x00000, 0x00000, 0x00000, 0x00000, 0x00000, 0x00000, 0x00000, 0x00000, 0x00000, 0x00000, 0x00000, 0x00000, 0x00000 }, 8 },  // $79 y
    { { 0x00000, 0x00044, 0x00064, 0x00054, 0x0004c, 0x00044, 0x00000, 0x00000, 0x00000, 0x00000, 0x00000, 0x00000, 0x00000, 0x00000, 0x00000, 0x00000, 0x00000, 0x00000, 0x00000, 0x00000 }, 8 },  // $7A z
    { { 0x00000, 0x00000, 0x00008, 0x00036, 0x00041, 0x00041, 0x00000, 0x00000, 0x00000, 0x00000, 0x00000, 0x00000, 0x00000, 0x00000, 0x00000, 0x00000, 0x00000, 0x00000, 0x00000, 0x00000 }, 8 },  // $7B {
    { { 0x00000, 0x00000, 0x00000, 0x0007f, 0x00000, 0x00000, 0x00000, 0x00000, 0x00000, 0x00000, 0x00000, 0x00000, 0x00000, 0x00000, 0x00000, 0x00000, 0x00000, 0x00000, 0x00000, 0x00000 }, 8 },  // $7C |
    { { 0x00000, 0x00000, 0x00041, 0x00041, 0x00036, 0x00008, 0x00000, 0x00000, 0x00000, 0x00000, 0x00000, 0x00000, 0x00000, 0x00000, 0x00000, 0x00000, 0x00000, 0x00000, 0x00000, 0x00000 }, 8 },  // $7D }
    { { 0x00002, 0x00001, 0x00001, 0x00002, 0x00002, 0x00001, 0x00000, 0x00000, 0x00000, 0x00000, 0x00000, 0x00000, 0x00000, 0x00000, 0x00000, 0x00000, 0x00000, 0x00000, 0x00000, 0x00000 }, 8 },  // $7E ~
};
inline constexpr IwOverride kDmpFixedOverrides[1] = {};   // MSVC rejects a zero-length array (C2466); Count stays 0
inline constexpr size_t kDmpFixedOverridesCount = 0;

// ──────────────────────────────────────────────────────────────────────
/// Apple DMP standard proportional.
inline constexpr IwGlyph kDmpProp[kIwCodeCount] = {
    { { 0x00000, 0x00000, 0x00000, 0x00000, 0x00000, 0x00000, 0x00000, 0x00000, 0x00000, 0x00000, 0x00000, 0x00000, 0x00000, 0x00000, 0x00000, 0x00000, 0x00000, 0x00000, 0x00000, 0x00000 }, 7 },  // $20  
    { { 0x00000, 0x00000, 0x00000, 0x0004f, 0x00000, 0x00000, 0x00000, 0x00000, 0x00000, 0x00000, 0x00000, 0x00000, 0x00000, 0x00000, 0x00000, 0x00000, 0x00000, 0x00000, 0x00000, 0x00000 }, 7 },  // $21 !
    { { 0x00000, 0x00007, 0x00000, 0x00000, 0x00000, 0x00007, 0x00000, 0x00000, 0x00000, 0x00000, 0x00000, 0x00000, 0x00000, 0x00000, 0x00000, 0x00000, 0x00000, 0x00000, 0x00000, 0x00000 }, 10 },  // $22 "
    { { 0x00000, 0x00014, 0x00014, 0x0007f, 0x00014, 0x00014, 0x00014, 0x00014, 0x0007f, 0x00014, 0x00014, 0x00000, 0x00000, 0x00000, 0x00000, 0x00000, 0x00000, 0x00000, 0x00000, 0x00000 }, 14 },  // $23 #
    { { 0x00000, 0x00024, 0x0002a, 0x0002a, 0x0007f, 0x0002a, 0x0002a, 0x0002a, 0x00010, 0x00000, 0x00000, 0x00000, 0x00000, 0x00000, 0x00000, 0x00000, 0x00000, 0x00000, 0x00000, 0x00000 }, 12 },  // $24 $
    { { 0x00000, 0x00002, 0x00005, 0x00045, 0x00025, 0x00012, 0x00008, 0x00004, 0x00022, 0x00051, 0x00050, 0x00050, 0x00020, 0x00000, 0x00000, 0x00000, 0x00000, 0x00000, 0x00000, 0x00000 }, 16 },  // $25 %
    { { 0x00000, 0x00030, 0x0004e, 0x00049, 0x00049, 0x00049, 0x00056, 0x00040, 0x00020, 0x00010, 0x00040, 0x00000, 0x00000, 0x00000, 0x00000, 0x00000, 0x00000, 0x00000, 0x00000, 0x00000 }, 13 },  // $26 &
    { { 0x00000, 0x00000, 0x00004, 0x00002, 0x00001, 0x00000, 0x00000, 0x00000, 0x00000, 0x00000, 0x00000, 0x00000, 0x00000, 0x00000, 0x00000, 0x00000, 0x00000, 0x00000, 0x00000, 0x00000 }, 7 },  // $27 '
    { { 0x00000, 0x00000, 0x0001c, 0x00022, 0x00041, 0x00000, 0x00000, 0x00000, 0x00000, 0x00000, 0x00000, 0x00000, 0x00000, 0x00000, 0x00000, 0x00000, 0x00000, 0x00000, 0x00000, 0x00000 }, 7 },  // $28 (
    { { 0x00000, 0x00041, 0x00022, 0x0001c, 0x00000, 0x00000, 0x00000, 0x00000, 0x00000, 0x00000, 0x00000, 0x00000, 0x00000, 0x00000, 0x00000, 0x00000, 0x00000, 0x00000, 0x00000, 0x00000 }, 7 },  // $29 )
    { { 0x00000, 0x00008, 0x00008, 0x0002a, 0x00014, 0x00014, 0x00014, 0x0002a, 0x00008, 0x00008, 0x00000, 0x00000, 0x00000, 0x00000, 0x00000, 0x00000, 0x00000, 0x00000, 0x00000, 0x00000 }, 12 },  // $2A *
    { { 0x00000, 0x00008, 0x00008, 0x00008, 0x00008, 0x0003e, 0x00008, 0x00008, 0x00008, 0x00008, 0x00000, 0x00000, 0x00000, 0x00000, 0x00000, 0x00000, 0x00000, 0x00000, 0x00000, 0x00000 }, 12 },  // $2B +
    { { 0x00000, 0x00000, 0x000a0, 0x00070, 0x00020, 0x00000, 0x00000, 0x00000, 0x00000, 0x00000, 0x00000, 0x00000, 0x00000, 0x00000, 0x00000, 0x00000, 0x00000, 0x00000, 0x00000, 0x00000 }, 7 },  // $2C ,
    { { 0x00000, 0x00008, 0x00008, 0x00008, 0x00008, 0x00008, 0x00008, 0x00008, 0x00008, 0x00008, 0x00000, 0x00000, 0x00000, 0x00000, 0x00000, 0x00000, 0x00000, 0x00000, 0x00000, 0x00000 }, 12 },  // $2D -
    { { 0x00000, 0x00000, 0x00060, 0x00060, 0x00060, 0x00000, 0x00000, 0x00000, 0x00000, 0x00000, 0x00000, 0x00000, 0x00000, 0x00000, 0x00000, 0x00000, 0x00000, 0x00000, 0x00000, 0x00000 }, 7 },  // $2E .
    { { 0x00000, 0x00000, 0x00040, 0x00020, 0x00010, 0x00008, 0x00004, 0x00002, 0x00001, 0x00000, 0x00000, 0x00000, 0x00000, 0x00000, 0x00000, 0x00000, 0x00000, 0x00000, 0x00000, 0x00000 }, 12 },  // $2F /
    { { 0x00000, 0x0001c, 0x00022, 0x00041, 0x00041, 0x00041, 0x00041, 0x00022, 0x0001c, 0x00000, 0x00000, 0x00000, 0x00000, 0x00000, 0x00000, 0x00000, 0x00000, 0x00000, 0x00000, 0x00000 }, 12 },  // $30 0
    { { 0x00000, 0x00000, 0x00000, 0x00044, 0x00042, 0x0007f, 0x00040, 0x00040, 0x00000, 0x00000, 0x00000, 0x00000, 0x00000, 0x00000, 0x00000, 0x00000, 0x00000, 0x00000, 0x00000, 0x00000 }, 12 },  // $31 1
    { { 0x00000, 0x00042, 0x00061, 0x00041, 0x00051, 0x00041, 0x00049, 0x00041, 0x00046, 0x00000, 0x00000, 0x00000, 0x00000, 0x00000, 0x00000, 0x00000, 0x00000, 0x00000, 0x00000, 0x00000 }, 12 },  // $32 2
    { { 0x00000, 0x00022, 0x00041, 0x00049, 0x00049, 0x00049, 0x00049, 0x00049, 0x00049, 0x00036, 0x00000, 0x00000, 0x00000, 0x00000, 0x00000, 0x00000, 0x00000, 0x00000, 0x00000, 0x00000 }, 12 },  // $33 3
    { { 0x00000, 0x00010, 0x00018, 0x00014, 0x00012, 0x00011, 0x00011, 0x0007f, 0x00010, 0x00010, 0x00000, 0x00000, 0x00000, 0x00000, 0x00000, 0x00000, 0x00000, 0x00000, 0x00000, 0x00000 }, 12 },  // $34 4
    { { 0x00000, 0x00027, 0x00045, 0x00045, 0x00045, 0x00045, 0x00045, 0x00029, 0x00011, 0x00000, 0x00000, 0x00000, 0x00000, 0x00000, 0x00000, 0x00000, 0x00000, 0x00000, 0x00000, 0x00000 }, 12 },  // $35 5
    { { 0x00000, 0x00030, 0x00048, 0x0004c, 0x00048, 0x0004a, 0x00049, 0x00049, 0x00030, 0x00000, 0x00000, 0x00000, 0x00000, 0x00000, 0x00000, 0x00000, 0x00000, 0x00000, 0x00000, 0x00000 }, 12 },  // $36 6
    { { 0x00000, 0x00001, 0x00001, 0x00001, 0x00061, 0x00011, 0x00009, 0x00005, 0x00003, 0x00000, 0x00000, 0x00000, 0x00000, 0x00000, 0x00000, 0x00000, 0x00000, 0x00000, 0x00000, 0x00000 }, 12 },  // $37 7
    { { 0x00000, 0x00036, 0x00000, 0x00049, 0x00049, 0x00049, 0x00049, 0x00000, 0x00036, 0x00000, 0x00000, 0x00000, 0x00000, 0x00000, 0x00000, 0x00000, 0x00000, 0x00000, 0x00000, 0x00000 }, 12 },  // $38 8
    { { 0x00000, 0x00006, 0x00009, 0x00049, 0x00029, 0x00019, 0x00009, 0x00006, 0x00000, 0x00000, 0x00000, 0x00000, 0x00000, 0x00000, 0x00000, 0x00000, 0x00000, 0x00000, 0x00000, 0x00000 }, 12 },  // $39 9
    { { 0x00000, 0x00000, 0x00024, 0x00024, 0x00000, 0x00000, 0x00000, 0x00000, 0x00000, 0x00000, 0x00000, 0x00000, 0x00000, 0x00000, 0x00000, 0x00000, 0x00000, 0x00000, 0x00000, 0x00000 }, 7 },  // $3A :
    { { 0x00000, 0x00000, 0x000a4, 0x00064, 0x00000, 0x00000, 0x00000, 0x00000, 0x00000, 0x00000, 0x00000, 0x00000, 0x00000, 0x00000, 0x00000, 0x00000, 0x00000, 0x00000, 0x00000, 0x00000 }, 7 },  // $3B ;
    { { 0x00000, 0x00008, 0x00000, 0x00014, 0x00000, 0x00022, 0x00000, 0x00041, 0x00000, 0x00000, 0x00000, 0x00000, 0x00000, 0x00000, 0x00000, 0x00000, 0x00000, 0x00000, 0x00000, 0x00000 }, 12 },  // $3C <
    { { 0x00000, 0x00014, 0x00014, 0x00014, 0x00014, 0x00014, 0x00014, 0x00014, 0x00014, 0x00000, 0x00000, 0x00000, 0x00000, 0x00000, 0x00000, 0x00000, 0x00000, 0x00000, 0x00000, 0x00000 }, 12 },  // $3D =
    { { 0x00000, 0x00000, 0x00041, 0x00000, 0x00022, 0x00000, 0x00014, 0x00000, 0x00008, 0x00000, 0x00000, 0x00000, 0x00000, 0x00000, 0x00000, 0x00000, 0x00000, 0x00000, 0x00000, 0x00000 }, 12 },  // $3E >
    { { 0x00000, 0x00002, 0x00000, 0x00001, 0x00001, 0x00051, 0x00009, 0x00000, 0x00006, 0x00000, 0x00000, 0x00000, 0x00000, 0x00000, 0x00000, 0x00000, 0x00000, 0x00000, 0x00000, 0x00000 }, 12 },  // $3F ?
    { { 0x00000, 0x00000, 0x00004, 0x00002, 0x00031, 0x00041, 0x00049, 0x00049, 0x00079, 0x00041, 0x00041, 0x00042, 0x0003c, 0x00000, 0x00000, 0x00000, 0x00000, 0x00000, 0x00000, 0x00000 }, 14 },  // $40 @
    { { 0x00000, 0x00040, 0x00060, 0x00010, 0x00018, 0x00014, 0x00012, 0x00011, 0x00012, 0x00014, 0x00018, 0x00010, 0x00060, 0x00040, 0x00000, 0x00000, 0x00000, 0x00000, 0x00000, 0x00000 }, 16 },  // $41 A
    { { 0x00000, 0x00041, 0x00041, 0x0007f, 0x00049, 0x00049, 0x00049, 0x00049, 0x00049, 0x00049, 0x00049, 0x00049, 0x00036, 0x00000, 0x00000, 0x00000, 0x00000, 0x00000, 0x00000, 0x00000 }, 15 },  // $42 B
    { { 0x00000, 0x0003e, 0x00041, 0x00041, 0x00041, 0x00041, 0x00041, 0x00041, 0x00041, 0x00041, 0x00041, 0x00022, 0x00000, 0x00000, 0x00000, 0x00000, 0x00000, 0x00000, 0x00000, 0x00000 }, 14 },  // $43 C
    { { 0x00000, 0x00041, 0x00041, 0x0007f, 0x00041, 0x00041, 0x00041, 0x00041, 0x00041, 0x00041, 0x00041, 0x00022, 0x0001c, 0x00000, 0x00000, 0x00000, 0x00000, 0x00000, 0x00000, 0x00000 }, 15 },  // $44 D
    { { 0x00000, 0x0007f, 0x00049, 0x00049, 0x00049, 0x00049, 0x00049, 0x0005d, 0x00041, 0x00041, 0x00063, 0x00000, 0x00000, 0x00000, 0x00000, 0x00000, 0x00000, 0x00000, 0x00000, 0x00000 }, 15 },  // $45 E
    { { 0x00000, 0x00000, 0x00041, 0x0007f, 0x00049, 0x00009, 0x00009, 0x00009, 0x0001d, 0x00001, 0x00001, 0x00001, 0x00000, 0x00000, 0x00000, 0x00000, 0x00000, 0x00000, 0x00000, 0x00000 }, 15 },  // $46 F
    { { 0x00000, 0x0001c, 0x00022, 0x00041, 0x00041, 0x00041, 0x00041, 0x00041, 0x00041, 0x00049, 0x00049, 0x0007a, 0x00008, 0x00008, 0x00000, 0x00000, 0x00000, 0x00000, 0x00000, 0x00000 }, 15 },  // $47 G
    { { 0x00000, 0x00041, 0x0007f, 0x00049, 0x00008, 0x00008, 0x00008, 0x00008, 0x00008, 0x00008, 0x00008, 0x00049, 0x0007f, 0x00041, 0x00000, 0x00000, 0x00000, 0x00000, 0x00000, 0x00000 }, 16 },  // $48 H
    { { 0x00000, 0x00041, 0x00041, 0x0007f, 0x00041, 0x00041, 0x00000, 0x00000, 0x00000, 0x00000, 0x00000, 0x00000, 0x00000, 0x00000, 0x00000, 0x00000, 0x00000, 0x00000, 0x00000, 0x00000 }, 9 },  // $49 I
    { { 0x00000, 0x00000, 0x00030, 0x00040, 0x00040, 0x00040, 0x00041, 0x00041, 0x0003f, 0x00001, 0x00001, 0x00000, 0x00000, 0x00000, 0x00000, 0x00000, 0x00000, 0x00000, 0x00000, 0x00000 }, 13 },  // $4A J
    { { 0x00000, 0x00041, 0x0007f, 0x00049, 0x00008, 0x00008, 0x00010, 0x00024, 0x00043, 0x00041, 0x00001, 0x00000, 0x00000, 0x00000, 0x00000, 0x00000, 0x00000, 0x00000, 0x00000, 0x00000 }, 12 },  // $4B K
    { { 0x00000, 0x00001, 0x0007f, 0x00041, 0x00040, 0x00040, 0x00040, 0x00040, 0x00040, 0x00040, 0x00040, 0x00000, 0x00000, 0x00000, 0x00000, 0x00000, 0x00000, 0x00000, 0x00000, 0x00000 }, 13 },  // $4C L
    { { 0x00000, 0x00000, 0x00041, 0x0007f, 0x00042, 0x00004, 0x00008, 0x00010, 0x00008, 0x00004, 0x00042, 0x0007f, 0x00041, 0x00000, 0x00000, 0x00000, 0x00000, 0x00000, 0x00000, 0x00000 }, 16 },  // $4D M
    { { 0x00000, 0x00000, 0x00041, 0x0007f, 0x00041, 0x00002, 0x00004, 0x00008, 0x00010, 0x00020, 0x00041, 0x0007f, 0x00041, 0x00000, 0x00000, 0x00000, 0x00000, 0x00000, 0x00000, 0x00000 }, 16 },  // $4E N
    { { 0x00000, 0x0001c, 0x00022, 0x00041, 0x00041, 0x00041, 0x00041, 0x00041, 0x00041, 0x00041, 0x00041, 0x00022, 0x0001c, 0x00000, 0x00000, 0x00000, 0x00000, 0x00000, 0x00000, 0x00000 }, 15 },  // $4F O
    { { 0x00000, 0x00049, 0x0007f, 0x00049, 0x00009, 0x00009, 0x00009, 0x00009, 0x00009, 0x00009, 0x00006, 0x00000, 0x00000, 0x00000, 0x00000, 0x00000, 0x00000, 0x00000, 0x00000, 0x00000 }, 13 },  // $50 P
    { { 0x00000, 0x0001c, 0x00022, 0x00041, 0x00041, 0x00041, 0x00041, 0x00041, 0x00051, 0x00051, 0x00051, 0x00022, 0x0001c, 0x00040, 0x00040, 0x00000, 0x00000, 0x00000, 0x00000, 0x00000 }, 16 },  // $51 Q
    { { 0x00000, 0x00049, 0x0007f, 0x00049, 0x00009, 0x00009, 0x00009, 0x00009, 0x00009, 0x00019, 0x00029, 0x0004e, 0x00000, 0x00000, 0x00000, 0x00000, 0x00000, 0x00000, 0x00000, 0x00000 }, 15 },  // $52 R
    { { 0x00000, 0x00026, 0x00049, 0x00049, 0x00049, 0x00049, 0x00049, 0x00049, 0x00049, 0x00032, 0x00000, 0x00000, 0x00000, 0x00000, 0x00000, 0x00000, 0x00000, 0x00000, 0x00000, 0x00000 }, 12 },  // $53 S
    { { 0x00000, 0x00003, 0x00001, 0x00001, 0x00001, 0x00041, 0x0007f, 0x00041, 0x00001, 0x00001, 0x00001, 0x00003, 0x00000, 0x00000, 0x00000, 0x00000, 0x00000, 0x00000, 0x00000, 0x00000 }, 14 },  // $54 T
    { { 0x00000, 0x00001, 0x0003f, 0x00041, 0x00040, 0x00040, 0x00040, 0x00040, 0x00040, 0x00040, 0x00041, 0x0003f, 0x00001, 0x00000, 0x00000, 0x00000, 0x00000, 0x00000, 0x00000, 0x00000 }, 15 },  // $55 U
    { { 0x00000, 0x00000, 0x00001, 0x00003, 0x00004, 0x00008, 0x00010, 0x00020, 0x00040, 0x00020, 0x00010, 0x00008, 0x00004, 0x00003, 0x00001, 0x00000, 0x00000, 0x00000, 0x00000, 0x00000 }, 16 },  // $56 V
    { { 0x00000, 0x00001, 0x0000f, 0x00011, 0x00020, 0x00040, 0x00020, 0x00010, 0x00008, 0x00010, 0x00020, 0x00040, 0x00020, 0x00011, 0x0000f, 0x00001, 0x00000, 0x00000, 0x00000, 0x00000 }, 16 },  // $57 W
    { { 0x00000, 0x00041, 0x00041, 0x00022, 0x00014, 0x00008, 0x00014, 0x00022, 0x00041, 0x00041, 0x00000, 0x00000, 0x00000, 0x00000, 0x00000, 0x00000, 0x00000, 0x00000, 0x00000, 0x00000 }, 11 },  // $58 X
    { { 0x00000, 0x00001, 0x00001, 0x00003, 0x00004, 0x00048, 0x00070, 0x00048, 0x00004, 0x00003, 0x00001, 0x00001, 0x00000, 0x00000, 0x00000, 0x00000, 0x00000, 0x00000, 0x00000, 0x00000 }, 14 },  // $59 Y
    { { 0x00000, 0x00000, 0x00043, 0x00061, 0x00051, 0x00049, 0x00045, 0x00043, 0x00061, 0x00000, 0x00000, 0x00000, 0x00000, 0x00000, 0x00000, 0x00000, 0x00000, 0x00000, 0x00000, 0x00000 }, 11 },  // $5A Z
    { { 0x00000, 0x00000, 0x00000, 0x0007f, 0x00041, 0x00041, 0x00041, 0x00041, 0x00041, 0x00000, 0x00000, 0x00000, 0x00000, 0x00000, 0x00000, 0x00000, 0x00000, 0x00000, 0x00000, 0x00000 }, 12 },  // $5B [
    { { 0x00000, 0x00000, 0x00001, 0x00002, 0x00004, 0x00008, 0x00010, 0x00020, 0x00040, 0x00000, 0x00000, 0x00000, 0x00000, 0x00000, 0x00000, 0x00000, 0x00000, 0x00000, 0x00000, 0x00000 }, 12 },  // $5C (backslash)
    { { 0x00000, 0x00000, 0x00000, 0x00041, 0x00041, 0x00041, 0x00041, 0x00041, 0x0007f, 0x00000, 0x00000, 0x00000, 0x00000, 0x00000, 0x00000, 0x00000, 0x00000, 0x00000, 0x00000, 0x00000 }, 12 },  // $5D ]
    { { 0x00000, 0x00000, 0x00000, 0x00002, 0x00000, 0x00001, 0x00000, 0x00002, 0x00000, 0x00000, 0x00000, 0x00000, 0x00000, 0x00000, 0x00000, 0x00000, 0x00000, 0x00000, 0x00000, 0x00000 }, 12 },  // $5E ^
    { { 0x00100, 0x00100, 0x00100, 0x00100, 0x00100, 0x00100, 0x00100, 0x00100, 0x00100, 0x00100, 0x00100, 0x00100, 0x00100, 0x00100, 0x00100, 0x00100, 0x00000, 0x00000, 0x00000, 0x00000 }, 16 },  // $5F _
    { { 0x00000, 0x00000, 0x00001, 0x00002, 0x00004, 0x00000, 0x00000, 0x00000, 0x00000, 0x00000, 0x00000, 0x00000, 0x00000, 0x00000, 0x00000, 0x00000, 0x00000, 0x00000, 0x00000, 0x00000 }, 7 },  // $60 `
    { { 0x00000, 0x00020, 0x00050, 0x00054, 0x00054, 0x00054, 0x00054, 0x00038, 0x00040, 0x00040, 0x00000, 0x00000, 0x00000, 0x00000, 0x00000, 0x00000, 0x00000, 0x00000, 0x00000, 0x00000 }, 12 },  // $61 a
    { { 0x00000, 0x0007f, 0x00044, 0x00044, 0x00044, 0x00044, 0x00044, 0x00044, 0x00038, 0x00000, 0x00000, 0x00000, 0x00000, 0x00000, 0x00000, 0x00000, 0x00000, 0x00000, 0x00000, 0x00000 }, 12 },  // $62 b
    { { 0x00000, 0x00038, 0x00044, 0x00044, 0x00044, 0x00044, 0x00044, 0x00044, 0x00000, 0x00000, 0x00000, 0x00000, 0x00000, 0x00000, 0x00000, 0x00000, 0x00000, 0x00000, 0x00000, 0x00000 }, 10 },  // $63 c
    { { 0x00000, 0x00038, 0x00044, 0x00044, 0x00044, 0x00044, 0x00044, 0x00044, 0x0007f, 0x00000, 0x00000, 0x00000, 0x00000, 0x00000, 0x00000, 0x00000, 0x00000, 0x00000, 0x00000, 0x00000 }, 12 },  // $64 d
    { { 0x00000, 0x00038, 0x00054, 0x00054, 0x00054, 0x00054, 0x00054, 0x00054, 0x00018, 0x00000, 0x00000, 0x00000, 0x00000, 0x00000, 0x00000, 0x00000, 0x00000, 0x00000, 0x00000, 0x00000 }, 12 },  // $65 e
    { { 0x00000, 0x00008, 0x00008, 0x00008, 0x0007e, 0x00009, 0x00009, 0x00009, 0x00000, 0x00000, 0x00000, 0x00000, 0x00000, 0x00000, 0x00000, 0x00000, 0x00000, 0x00000, 0x00000, 0x00000 }, 10 },  // $66 f
    { { 0x00000, 0x00038, 0x00144, 0x00144, 0x00144, 0x00144, 0x00144, 0x00144, 0x000fc, 0x00000, 0x00000, 0x00000, 0x00000, 0x00000, 0x00000, 0x00000, 0x00000, 0x00000, 0x00000, 0x00000 }, 12 },  // $67 g
    { { 0x00000, 0x0007f, 0x00004, 0x00004, 0x00004, 0x00004, 0x00004, 0x00004, 0x00078, 0x00000, 0x00000, 0x00000, 0x00000, 0x00000, 0x00000, 0x00000, 0x00000, 0x00000, 0x00000, 0x00000 }, 12 },  // $68 h
    { { 0x00000, 0x00044, 0x00044, 0x0007d, 0x00040, 0x00040, 0x00000, 0x00000, 0x00000, 0x00000, 0x00000, 0x00000, 0x00000, 0x00000, 0x00000, 0x00000, 0x00000, 0x00000, 0x00000, 0x00000 }, 8 },  // $69 i
    { { 0x00000, 0x00040, 0x00080, 0x00080, 0x00080, 0x0007d, 0x00000, 0x00000, 0x00000, 0x00000, 0x00000, 0x00000, 0x00000, 0x00000, 0x00000, 0x00000, 0x00000, 0x00000, 0x00000, 0x00000 }, 7 },  // $6A j
    { { 0x00000, 0x0007f, 0x00010, 0x00010, 0x00010, 0x00008, 0x00014, 0x00022, 0x00042, 0x00000, 0x00000, 0x00000, 0x00000, 0x00000, 0x00000, 0x00000, 0x00000, 0x00000, 0x00000, 0x00000 }, 10 },  // $6B k
    { { 0x00000, 0x00041, 0x00041, 0x0007f, 0x00040, 0x00040, 0x00000, 0x00000, 0x00000, 0x00000, 0x00000, 0x00000, 0x00000, 0x00000, 0x00000, 0x00000, 0x00000, 0x00000, 0x00000, 0x00000 }, 8 },  // $6C l
    { { 0x00000, 0x00000, 0x0007c, 0x00004, 0x00004, 0x00004, 0x00004, 0x0007c, 0x00004, 0x00004, 0x00004, 0x00004, 0x00078, 0x00000, 0x00000, 0x00000, 0x00000, 0x00000, 0x00000, 0x00000 }, 16 },  // $6D m
    { { 0x00000, 0x0007c, 0x00004, 0x00004, 0x00004, 0x00004, 0x00004, 0x00004, 0x00004, 0x00078, 0x00000, 0x00000, 0x00000, 0x00000, 0x00000, 0x00000, 0x00000, 0x00000, 0x00000, 0x00000 }, 12 },  // $6E n
    { { 0x00000, 0x00038, 0x00044, 0x00044, 0x00044, 0x00044, 0x00044, 0x00044, 0x00044, 0x00038, 0x00000, 0x00000, 0x00000, 0x00000, 0x00000, 0x00000, 0x00000, 0x00000, 0x00000, 0x00000 }, 12 },  // $6F o
    { { 0x00000, 0x001fc, 0x00044, 0x00044, 0x00044, 0x00044, 0x00044, 0x00044, 0x00044, 0x00038, 0x00000, 0x00000, 0x00000, 0x00000, 0x00000, 0x00000, 0x00000, 0x00000, 0x00000, 0x00000 }, 12 },  // $70 p
    { { 0x00000, 0x00038, 0x00044, 0x00044, 0x00044, 0x00044, 0x00044, 0x00044, 0x00044, 0x001fc, 0x00000, 0x00000, 0x00000, 0x00000, 0x00000, 0x00000, 0x00000, 0x00000, 0x00000, 0x00000 }, 12 },  // $71 q
    { { 0x00000, 0x0007c, 0x00004, 0x00004, 0x00004, 0x00004, 0x00004, 0x00008, 0x00000, 0x00000, 0x00000, 0x00000, 0x00000, 0x00000, 0x00000, 0x00000, 0x00000, 0x00000, 0x00000, 0x00000 }, 10 },  // $72 r
    { { 0x00000, 0x00008, 0x00054, 0x00054, 0x00054, 0x00054, 0x00054, 0x00054, 0x00054, 0x00020, 0x00000, 0x00000, 0x00000, 0x00000, 0x00000, 0x00000, 0x00000, 0x00000, 0x00000, 0x00000 }, 12 },  // $73 s
    { { 0x00000, 0x00004, 0x00004, 0x00004, 0x0003f, 0x00044, 0x00044, 0x00044, 0x00000, 0x00000, 0x00000, 0x00000, 0x00000, 0x00000, 0x00000, 0x00000, 0x00000, 0x00000, 0x00000, 0x00000 }, 10 },  // $74 t
    { { 0x00000, 0x0003c, 0x00040, 0x00040, 0x00040, 0x00040, 0x00040, 0x00040, 0x00040, 0x0007c, 0x00000, 0x00000, 0x00000, 0x00000, 0x00000, 0x00000, 0x00000, 0x00000, 0x00000, 0x00000 }, 12 },  // $75 u
    { { 0x00000, 0x00004, 0x00008, 0x00010, 0x00020, 0x00040, 0x00020, 0x00010, 0x00008, 0x00004, 0x00000, 0x00000, 0x00000, 0x00000, 0x00000, 0x00000, 0x00000, 0x00000, 0x00000, 0x00000 }, 12 },  // $76 v
    { { 0x00000, 0x0000c, 0x00010, 0x00020, 0x00040, 0x00020, 0x00010, 0x00008, 0x00010, 0x00020, 0x00040, 0x00020, 0x00010, 0x0000c, 0x00000, 0x00000, 0x00000, 0x00000, 0x00000, 0x00000 }, 16 },  // $77 w
    { { 0x00000, 0x00044, 0x00028, 0x00000, 0x00010, 0x00000, 0x00028, 0x00044, 0x00000, 0x00000, 0x00000, 0x00000, 0x00000, 0x00000, 0x00000, 0x00000, 0x00000, 0x00000, 0x00000, 0x00000 }, 12 },  // $78 x
    { { 0x00000, 0x00004, 0x00108, 0x00090, 0x00040, 0x00020, 0x00010, 0x00008, 0x00004, 0x00000, 0x00000, 0x00000, 0x00000, 0x00000, 0x00000, 0x00000, 0x00000, 0x00000, 0x00000, 0x00000 }, 12 },  // $79 y
    { { 0x00000, 0x00044, 0x00064, 0x00044, 0x00054, 0x00044, 0x0004c, 0x00044, 0x00000, 0x00000, 0x00000, 0x00000, 0x00000, 0x00000, 0x00000, 0x00000, 0x00000, 0x00000, 0x00000, 0x00000 }, 10 },  // $7A z
    { { 0x00000, 0x00008, 0x00000, 0x00036, 0x00041, 0x00041, 0x00041, 0x00000, 0x00000, 0x00000, 0x00000, 0x00000, 0x00000, 0x00000, 0x00000, 0x00000, 0x00000, 0x00000, 0x00000, 0x00000 }, 10 },  // $7B {
    { { 0x00000, 0x00000, 0x0007f, 0x00000, 0x00000, 0x00000, 0x00000, 0x00000, 0x00000, 0x00000, 0x00000, 0x00000, 0x00000, 0x00000, 0x00000, 0x00000, 0x00000, 0x00000, 0x00000, 0x00000 }, 7 },  // $7C |
    { { 0x00000, 0x00041, 0x00041, 0x00041, 0x00036, 0x00000, 0x00008, 0x00000, 0x00000, 0x00000, 0x00000, 0x00000, 0x00000, 0x00000, 0x00000, 0x00000, 0x00000, 0x00000, 0x00000, 0x00000 }, 10 },  // $7D }
    { { 0x00002, 0x00000, 0x00001, 0x00001, 0x00001, 0x00000, 0x00002, 0x00002, 0x00002, 0x00000, 0x00001, 0x00000, 0x00000, 0x00000, 0x00000, 0x00000, 0x00000, 0x00000, 0x00000, 0x00000 }, 13 },  // $7E ~
};
inline constexpr IwOverride kDmpPropOverrides[1] = {};   // MSVC rejects a zero-length array (C2466); Count stays 0
inline constexpr size_t kDmpPropOverridesCount = 0;

// ──────────────────────────────────────────────────────────────────────
/// Epson FX-80 Roman, 12 columns x 9 wires.
inline constexpr IwGlyph kEpsonFx[kIwCodeCount] = {
    { { 0x00000, 0x00000, 0x00000, 0x00000, 0x00000, 0x00000, 0x00000, 0x00000, 0x00000, 0x00000, 0x00000, 0x00000, 0x00000, 0x00000, 0x00000, 0x00000, 0x00000, 0x00000, 0x00000, 0x00000 }, 12 },  // $20  
    { { 0x00000, 0x00000, 0x00000, 0x00000, 0x0004f, 0x00000, 0x00000, 0x00000, 0x00000, 0x00000, 0x00000, 0x00000, 0x00000, 0x00000, 0x00000, 0x00000, 0x00000, 0x00000, 0x00000, 0x00000 }, 12 },  // $21 !
    { { 0x00000, 0x00000, 0x00007, 0x00000, 0x00000, 0x00000, 0x00007, 0x00000, 0x00000, 0x00000, 0x00000, 0x00000, 0x00000, 0x00000, 0x00000, 0x00000, 0x00000, 0x00000, 0x00000, 0x00000 }, 12 },  // $22 "
    { { 0x00014, 0x00000, 0x0007f, 0x00000, 0x00014, 0x00000, 0x0007f, 0x00000, 0x00014, 0x00000, 0x00000, 0x00000, 0x00000, 0x00000, 0x00000, 0x00000, 0x00000, 0x00000, 0x00000, 0x00000 }, 12 },  // $23 #
    { { 0x00024, 0x00000, 0x0002a, 0x00000, 0x0007f, 0x00000, 0x0002a, 0x00000, 0x00012, 0x00000, 0x00000, 0x00000, 0x00000, 0x00000, 0x00000, 0x00000, 0x00000, 0x00000, 0x00000, 0x00000 }, 12 },  // $24 $
    { { 0x00003, 0x00040, 0x00023, 0x00010, 0x00008, 0x00004, 0x00062, 0x00001, 0x00060, 0x00000, 0x00000, 0x00000, 0x00000, 0x00000, 0x00000, 0x00000, 0x00000, 0x00000, 0x00000, 0x00000 }, 12 },  // $25 %
    { { 0x00032, 0x00005, 0x00048, 0x00005, 0x00052, 0x00000, 0x00020, 0x00010, 0x00048, 0x00000, 0x00000, 0x00000, 0x00000, 0x00000, 0x00000, 0x00000, 0x00000, 0x00000, 0x00000, 0x00000 }, 12 },  // $26 &
    { { 0x00000, 0x00000, 0x00000, 0x00000, 0x00002, 0x00001, 0x00000, 0x00000, 0x00000, 0x00000, 0x00000, 0x00000, 0x00000, 0x00000, 0x00000, 0x00000, 0x00000, 0x00000, 0x00000, 0x00000 }, 12 },  // $27 '
    { { 0x00000, 0x00000, 0x00000, 0x00000, 0x0001c, 0x00022, 0x00041, 0x00000, 0x00000, 0x00000, 0x00000, 0x00000, 0x00000, 0x00000, 0x00000, 0x00000, 0x00000, 0x00000, 0x00000, 0x00000 }, 12 },  // $28 (
    { { 0x00000, 0x00000, 0x00041, 0x00022, 0x0001c, 0x00000, 0x00000, 0x00000, 0x00000, 0x00000, 0x00000, 0x00000, 0x00000, 0x00000, 0x00000, 0x00000, 0x00000, 0x00000, 0x00000, 0x00000 }, 12 },  // $29 )
    { { 0x00008, 0x00000, 0x0002a, 0x00014, 0x00008, 0x00014, 0x0002a, 0x00000, 0x00008, 0x00000, 0x00000, 0x00000, 0x00000, 0x00000, 0x00000, 0x00000, 0x00000, 0x00000, 0x00000, 0x00000 }, 12 },  // $2A *
    { { 0x00008, 0x00000, 0x00008, 0x00000, 0x0003e, 0x00000, 0x00008, 0x00000, 0x00008, 0x00000, 0x00000, 0x00000, 0x00000, 0x00000, 0x00000, 0x00000, 0x00000, 0x00000, 0x00000, 0x00000 }, 12 },  // $2B +
    { { 0x00000, 0x00000, 0x00000, 0x00060, 0x00100, 0x000e0, 0x00000, 0x00000, 0x00000, 0x00000, 0x00000, 0x00000, 0x00000, 0x00000, 0x00000, 0x00000, 0x00000, 0x00000, 0x00000, 0x00000 }, 12 },  // $2C ,
    { { 0x00008, 0x00000, 0x00008, 0x00000, 0x00008, 0x00000, 0x00008, 0x00000, 0x00008, 0x00000, 0x00000, 0x00000, 0x00000, 0x00000, 0x00000, 0x00000, 0x00000, 0x00000, 0x00000, 0x00000 }, 12 },  // $2D -
    { { 0x00000, 0x00000, 0x00060, 0x00000, 0x00060, 0x00000, 0x00000, 0x00000, 0x00000, 0x00000, 0x00000, 0x00000, 0x00000, 0x00000, 0x00000, 0x00000, 0x00000, 0x00000, 0x00000, 0x00000 }, 12 },  // $2E .
    { { 0x00000, 0x00040, 0x00020, 0x00010, 0x00008, 0x00004, 0x00002, 0x00001, 0x00000, 0x00000, 0x00000, 0x00000, 0x00000, 0x00000, 0x00000, 0x00000, 0x00000, 0x00000, 0x00000, 0x00000 }, 12 },  // $2F /
    { { 0x0001c, 0x00022, 0x00000, 0x00041, 0x00000, 0x00041, 0x00000, 0x00022, 0x0001c, 0x00000, 0x00000, 0x00000, 0x00000, 0x00000, 0x00000, 0x00000, 0x00000, 0x00000, 0x00000, 0x00000 }, 12 },  // $30 0
    { { 0x00000, 0x00000, 0x00042, 0x00000, 0x0007f, 0x00000, 0x00040, 0x00000, 0x00000, 0x00000, 0x00000, 0x00000, 0x00000, 0x00000, 0x00000, 0x00000, 0x00000, 0x00000, 0x00000, 0x00000 }, 12 },  // $31 1
    { { 0x00042, 0x00001, 0x00060, 0x00001, 0x00050, 0x00001, 0x00048, 0x00001, 0x00046, 0x00000, 0x00000, 0x00000, 0x00000, 0x00000, 0x00000, 0x00000, 0x00000, 0x00000, 0x00000, 0x00000 }, 12 },  // $32 2
    { { 0x00021, 0x00000, 0x00041, 0x00000, 0x00045, 0x00000, 0x0004b, 0x00000, 0x00031, 0x00000, 0x00000, 0x00000, 0x00000, 0x00000, 0x00000, 0x00000, 0x00000, 0x00000, 0x00000, 0x00000 }, 12 },  // $33 3
    { { 0x00010, 0x00008, 0x00014, 0x00002, 0x00011, 0x00000, 0x0007f, 0x00000, 0x00010, 0x00000, 0x00000, 0x00000, 0x00000, 0x00000, 0x00000, 0x00000, 0x00000, 0x00000, 0x00000, 0x00000 }, 12 },  // $34 4
    { { 0x00027, 0x00040, 0x00005, 0x00040, 0x00005, 0x00040, 0x00005, 0x00040, 0x00039, 0x00000, 0x00000, 0x00000, 0x00000, 0x00000, 0x00000, 0x00000, 0x00000, 0x00000, 0x00000, 0x00000 }, 12 },  // $35 5
    { { 0x00030, 0x00048, 0x00004, 0x0004a, 0x00001, 0x00048, 0x00000, 0x00048, 0x00030, 0x00000, 0x00000, 0x00000, 0x00000, 0x00000, 0x00000, 0x00000, 0x00000, 0x00000, 0x00000, 0x00000 }, 12 },  // $36 6
    { { 0x00001, 0x00000, 0x00041, 0x00020, 0x00011, 0x00008, 0x00005, 0x00002, 0x00001, 0x00000, 0x00000, 0x00000, 0x00000, 0x00000, 0x00000, 0x00000, 0x00000, 0x00000, 0x00000, 0x00000 }, 12 },  // $37 7
    { { 0x00036, 0x00049, 0x00000, 0x00049, 0x00000, 0x00049, 0x00000, 0x00049, 0x00036, 0x00000, 0x00000, 0x00000, 0x00000, 0x00000, 0x00000, 0x00000, 0x00000, 0x00000, 0x00000, 0x00000 }, 12 },  // $38 8
    { { 0x00006, 0x00009, 0x00000, 0x00009, 0x00040, 0x00029, 0x00010, 0x00009, 0x00006, 0x00000, 0x00000, 0x00000, 0x00000, 0x00000, 0x00000, 0x00000, 0x00000, 0x00000, 0x00000, 0x00000 }, 12 },  // $39 9
    { { 0x00000, 0x00000, 0x0006c, 0x00000, 0x0006c, 0x00000, 0x00000, 0x00000, 0x00000, 0x00000, 0x00000, 0x00000, 0x00000, 0x00000, 0x00000, 0x00000, 0x00000, 0x00000, 0x00000, 0x00000 }, 12 },  // $3A :
    { { 0x00000, 0x00000, 0x0016c, 0x00000, 0x000ec, 0x00000, 0x00000, 0x00000, 0x00000, 0x00000, 0x00000, 0x00000, 0x00000, 0x00000, 0x00000, 0x00000, 0x00000, 0x00000, 0x00000, 0x00000 }, 12 },  // $3B ;
    { { 0x00008, 0x00000, 0x00014, 0x00000, 0x00022, 0x00000, 0x00041, 0x00000, 0x00000, 0x00000, 0x00000, 0x00000, 0x00000, 0x00000, 0x00000, 0x00000, 0x00000, 0x00000, 0x00000, 0x00000 }, 12 },  // $3C <
    { { 0x00014, 0x00000, 0x00014, 0x00000, 0x00014, 0x00000, 0x00014, 0x00000, 0x00014, 0x00000, 0x00000, 0x00000, 0x00000, 0x00000, 0x00000, 0x00000, 0x00000, 0x00000, 0x00000, 0x00000 }, 12 },  // $3D =
    { { 0x00000, 0x00000, 0x00041, 0x00000, 0x00022, 0x00000, 0x00014, 0x00000, 0x00008, 0x00000, 0x00000, 0x00000, 0x00000, 0x00000, 0x00000, 0x00000, 0x00000, 0x00000, 0x00000, 0x00000 }, 12 },  // $3E >
    { { 0x00002, 0x00001, 0x00000, 0x00001, 0x00050, 0x00001, 0x00008, 0x00001, 0x00006, 0x00000, 0x00000, 0x00000, 0x00000, 0x00000, 0x00000, 0x00000, 0x00000, 0x00000, 0x00000, 0x00000 }, 12 },  // $3F ?
    { { 0x0001c, 0x00022, 0x00041, 0x00008, 0x00055, 0x00000, 0x00055, 0x00000, 0x0005e, 0x00000, 0x00000, 0x00000, 0x00000, 0x00000, 0x00000, 0x00000, 0x00000, 0x00000, 0x00000, 0x00000 }, 12 },  // $40 @
    { { 0x00078, 0x00004, 0x00012, 0x00001, 0x00010, 0x00001, 0x00012, 0x00004, 0x00078, 0x00000, 0x00000, 0x00000, 0x00000, 0x00000, 0x00000, 0x00000, 0x00000, 0x00000, 0x00000, 0x00000 }, 12 },  // $41 A
    { { 0x00041, 0x0003e, 0x00041, 0x00008, 0x00041, 0x00008, 0x00041, 0x00008, 0x00036, 0x00000, 0x00000, 0x00000, 0x00000, 0x00000, 0x00000, 0x00000, 0x00000, 0x00000, 0x00000, 0x00000 }, 12 },  // $42 B
    { { 0x0003e, 0x00041, 0x00000, 0x00041, 0x00000, 0x00041, 0x00000, 0x00041, 0x00022, 0x00000, 0x00000, 0x00000, 0x00000, 0x00000, 0x00000, 0x00000, 0x00000, 0x00000, 0x00000, 0x00000 }, 12 },  // $43 C
    { { 0x00041, 0x0003e, 0x00041, 0x00000, 0x00041, 0x00000, 0x00041, 0x00022, 0x0001c, 0x00000, 0x00000, 0x00000, 0x00000, 0x00000, 0x00000, 0x00000, 0x00000, 0x00000, 0x00000, 0x00000 }, 12 },  // $44 D
    { { 0x0007f, 0x00000, 0x00049, 0x00000, 0x00049, 0x00000, 0x00049, 0x00000, 0x00041, 0x00000, 0x00000, 0x00000, 0x00000, 0x00000, 0x00000, 0x00000, 0x00000, 0x00000, 0x00000, 0x00000 }, 12 },  // $45 E
    { { 0x0007f, 0x00000, 0x00009, 0x00000, 0x00009, 0x00000, 0x00009, 0x00000, 0x00001, 0x00000, 0x00000, 0x00000, 0x00000, 0x00000, 0x00000, 0x00000, 0x00000, 0x00000, 0x00000, 0x00000 }, 12 },  // $46 F
    { { 0x0003e, 0x00041, 0x00000, 0x00041, 0x00008, 0x00041, 0x00008, 0x00041, 0x0003a, 0x00000, 0x00000, 0x00000, 0x00000, 0x00000, 0x00000, 0x00000, 0x00000, 0x00000, 0x00000, 0x00000 }, 12 },  // $47 G
    { { 0x0007f, 0x00000, 0x00008, 0x00000, 0x00008, 0x00000, 0x00008, 0x00000, 0x0007f, 0x00000, 0x00000, 0x00000, 0x00000, 0x00000, 0x00000, 0x00000, 0x00000, 0x00000, 0x00000, 0x00000 }, 12 },  // $48 H
    { { 0x00000, 0x00000, 0x00041, 0x00000, 0x0007f, 0x00000, 0x00041, 0x00000, 0x00000, 0x00000, 0x00000, 0x00000, 0x00000, 0x00000, 0x00000, 0x00000, 0x00000, 0x00000, 0x00000, 0x00000 }, 12 },  // $49 I
    { { 0x00030, 0x00040, 0x00000, 0x00041, 0x00000, 0x00041, 0x0003e, 0x00001, 0x00000, 0x00000, 0x00000, 0x00000, 0x00000, 0x00000, 0x00000, 0x00000, 0x00000, 0x00000, 0x00000, 0x00000 }, 12 },  // $4A J
    { { 0x0007f, 0x00000, 0x00008, 0x00000, 0x00014, 0x00000, 0x00022, 0x00000, 0x00041, 0x00000, 0x00000, 0x00000, 0x00000, 0x00000, 0x00000, 0x00000, 0x00000, 0x00000, 0x00000, 0x00000 }, 12 },  // $4B K
    { { 0x0007f, 0x00000, 0x00040, 0x00000, 0x00040, 0x00000, 0x00040, 0x00000, 0x00040, 0x00000, 0x00000, 0x00000, 0x00000, 0x00000, 0x00000, 0x00000, 0x00000, 0x00000, 0x00000, 0x00000 }, 12 },  // $4C L
    { { 0x0007f, 0x00000, 0x00002, 0x00004, 0x00008, 0x00004, 0x00002, 0x00000, 0x0007f, 0x00000, 0x00000, 0x00000, 0x00000, 0x00000, 0x00000, 0x00000, 0x00000, 0x00000, 0x00000, 0x00000 }, 12 },  // $4D M
    { { 0x0007f, 0x00000, 0x00002, 0x00004, 0x00008, 0x00010, 0x00020, 0x00000, 0x0007f, 0x00000, 0x00000, 0x00000, 0x00000, 0x00000, 0x00000, 0x00000, 0x00000, 0x00000, 0x00000, 0x00000 }, 12 },  // $4E N
    { { 0x0003e, 0x00041, 0x00000, 0x00041, 0x00000, 0x00041, 0x00000, 0x00041, 0x0003e, 0x00000, 0x00000, 0x00000, 0x00000, 0x00000, 0x00000, 0x00000, 0x00000, 0x00000, 0x00000, 0x00000 }, 12 },  // $4F O
    { { 0x0007f, 0x00000, 0x00009, 0x00000, 0x00009, 0x00000, 0x00009, 0x00000, 0x00006, 0x00000, 0x00000, 0x00000, 0x00000, 0x00000, 0x00000, 0x00000, 0x00000, 0x00000, 0x00000, 0x00000 }, 12 },  // $50 P
    { { 0x0003e, 0x00041, 0x00000, 0x00041, 0x00010, 0x00041, 0x00020, 0x00001, 0x0005e, 0x00000, 0x00000, 0x00000, 0x00000, 0x00000, 0x00000, 0x00000, 0x00000, 0x00000, 0x00000, 0x00000 }, 12 },  // $51 Q
    { { 0x0007f, 0x00000, 0x00009, 0x00000, 0x00009, 0x00000, 0x00019, 0x00020, 0x00046, 0x00000, 0x00000, 0x00000, 0x00000, 0x00000, 0x00000, 0x00000, 0x00000, 0x00000, 0x00000, 0x00000 }, 12 },  // $52 R
    { { 0x00026, 0x00049, 0x00000, 0x00049, 0x00000, 0x00049, 0x00000, 0x00049, 0x00032, 0x00000, 0x00000, 0x00000, 0x00000, 0x00000, 0x00000, 0x00000, 0x00000, 0x00000, 0x00000, 0x00000 }, 12 },  // $53 S
    { { 0x00001, 0x00000, 0x00001, 0x00000, 0x0007f, 0x00000, 0x00001, 0x00000, 0x00001, 0x00000, 0x00000, 0x00000, 0x00000, 0x00000, 0x00000, 0x00000, 0x00000, 0x00000, 0x00000, 0x00000 }, 12 },  // $54 T
    { { 0x0003f, 0x00040, 0x00000, 0x00040, 0x00000, 0x00040, 0x00000, 0x00040, 0x0003f, 0x00000, 0x00000, 0x00000, 0x00000, 0x00000, 0x00000, 0x00000, 0x00000, 0x00000, 0x00000, 0x00000 }, 12 },  // $55 U
    { { 0x00007, 0x00008, 0x00010, 0x00020, 0x00040, 0x00020, 0x00010, 0x00008, 0x00007, 0x00000, 0x00000, 0x00000, 0x00000, 0x00000, 0x00000, 0x00000, 0x00000, 0x00000, 0x00000, 0x00000 }, 12 },  // $56 V
    { { 0x0003f, 0x00040, 0x00020, 0x00010, 0x0000c, 0x00010, 0x00020, 0x00040, 0x0003f, 0x00000, 0x00000, 0x00000, 0x00000, 0x00000, 0x00000, 0x00000, 0x00000, 0x00000, 0x00000, 0x00000 }, 12 },  // $57 W
    { { 0x00000, 0x00041, 0x00022, 0x00014, 0x00008, 0x00014, 0x00022, 0x00041, 0x00000, 0x00000, 0x00000, 0x00000, 0x00000, 0x00000, 0x00000, 0x00000, 0x00000, 0x00000, 0x00000, 0x00000 }, 12 },  // $58 X
    { { 0x00001, 0x00002, 0x00004, 0x00008, 0x00070, 0x00008, 0x00004, 0x00002, 0x00001, 0x00000, 0x00000, 0x00000, 0x00000, 0x00000, 0x00000, 0x00000, 0x00000, 0x00000, 0x00000, 0x00000 }, 12 },  // $59 Y
    { { 0x00000, 0x00041, 0x00020, 0x00051, 0x00008, 0x00045, 0x00002, 0x00041, 0x00000, 0x00000, 0x00000, 0x00000, 0x00000, 0x00000, 0x00000, 0x00000, 0x00000, 0x00000, 0x00000, 0x00000 }, 12 },  // $5A Z
    { { 0x00000, 0x00000, 0x0007f, 0x00000, 0x00041, 0x00000, 0x00041, 0x00000, 0x00000, 0x00000, 0x00000, 0x00000, 0x00000, 0x00000, 0x00000, 0x00000, 0x00000, 0x00000, 0x00000, 0x00000 }, 12 },  // $5B [
    { { 0x00000, 0x00001, 0x00002, 0x00004, 0x00008, 0x00010, 0x00020, 0x00040, 0x00000, 0x00000, 0x00000, 0x00000, 0x00000, 0x00000, 0x00000, 0x00000, 0x00000, 0x00000, 0x00000, 0x00000 }, 12 },  // $5C (backslash)
    { { 0x00000, 0x00000, 0x00041, 0x00000, 0x00041, 0x00000, 0x0007f, 0x00000, 0x00000, 0x00000, 0x00000, 0x00000, 0x00000, 0x00000, 0x00000, 0x00000, 0x00000, 0x00000, 0x00000, 0x00000 }, 12 },  // $5D ]
    { { 0x00004, 0x00000, 0x00002, 0x00000, 0x00001, 0x00000, 0x00002, 0x00000, 0x00004, 0x00000, 0x00000, 0x00000, 0x00000, 0x00000, 0x00000, 0x00000, 0x00000, 0x00000, 0x00000, 0x00000 }, 12 },  // $5E ^
    { { 0x00100, 0x00000, 0x00100, 0x00000, 0x00100, 0x00000, 0x00100, 0x00000, 0x00100, 0x00000, 0x00000, 0x00000, 0x00000, 0x00000, 0x00000, 0x00000, 0x00000, 0x00000, 0x00000, 0x00000 }, 12 },  // $5F _
    { { 0x00000, 0x00000, 0x00000, 0x00001, 0x00002, 0x00000, 0x00000, 0x00000, 0x00000, 0x00000, 0x00000, 0x00000, 0x00000, 0x00000, 0x00000, 0x00000, 0x00000, 0x00000, 0x00000, 0x00000 }, 12 },  // $60 `
    { { 0x00020, 0x00050, 0x00004, 0x00050, 0x00004, 0x00050, 0x00004, 0x00038, 0x00040, 0x00000, 0x00000, 0x00000, 0x00000, 0x00000, 0x00000, 0x00000, 0x00000, 0x00000, 0x00000, 0x00000 }, 12 },  // $61 a
    { { 0x0007f, 0x00000, 0x00044, 0x00000, 0x00044, 0x00000, 0x00044, 0x00038, 0x00000, 0x00000, 0x00000, 0x00000, 0x00000, 0x00000, 0x00000, 0x00000, 0x00000, 0x00000, 0x00000, 0x00000 }, 12 },  // $62 b
    { { 0x00038, 0x00044, 0x00000, 0x00044, 0x00000, 0x00044, 0x00000, 0x00044, 0x00000, 0x00000, 0x00000, 0x00000, 0x00000, 0x00000, 0x00000, 0x00000, 0x00000, 0x00000, 0x00000, 0x00000 }, 12 },  // $63 c
    { { 0x00038, 0x00044, 0x00000, 0x00044, 0x00000, 0x00044, 0x00000, 0x0007f, 0x00000, 0x00000, 0x00000, 0x00000, 0x00000, 0x00000, 0x00000, 0x00000, 0x00000, 0x00000, 0x00000, 0x00000 }, 12 },  // $64 d
    { { 0x00038, 0x00044, 0x00010, 0x00044, 0x00010, 0x00044, 0x00010, 0x00044, 0x00018, 0x00000, 0x00000, 0x00000, 0x00000, 0x00000, 0x00000, 0x00000, 0x00000, 0x00000, 0x00000, 0x00000 }, 12 },  // $65 e
    { { 0x00008, 0x00000, 0x00008, 0x00076, 0x00009, 0x00000, 0x00009, 0x00000, 0x00000, 0x00000, 0x00000, 0x00000, 0x00000, 0x00000, 0x00000, 0x00000, 0x00000, 0x00000, 0x00000, 0x00000 }, 12 },  // $66 f
    { { 0x00038, 0x00044, 0x00100, 0x00044, 0x00100, 0x00044, 0x00100, 0x000fc, 0x00000, 0x00000, 0x00000, 0x00000, 0x00000, 0x00000, 0x00000, 0x00000, 0x00000, 0x00000, 0x00000, 0x00000 }, 12 },  // $67 g
    { { 0x0007f, 0x00000, 0x00004, 0x00000, 0x00004, 0x00000, 0x00004, 0x00078, 0x00000, 0x00000, 0x00000, 0x00000, 0x00000, 0x00000, 0x00000, 0x00000, 0x00000, 0x00000, 0x00000, 0x00000 }, 12 },  // $68 h
    { { 0x00000, 0x00044, 0x00000, 0x0007d, 0x00000, 0x00040, 0x00000, 0x00000, 0x00000, 0x00000, 0x00000, 0x00000, 0x00000, 0x00000, 0x00000, 0x00000, 0x00000, 0x00000, 0x00000, 0x00000 }, 12 },  // $69 i
    { { 0x00000, 0x00080, 0x00000, 0x00080, 0x00004, 0x00080, 0x0007d, 0x00000, 0x00000, 0x00000, 0x00000, 0x00000, 0x00000, 0x00000, 0x00000, 0x00000, 0x00000, 0x00000, 0x00000, 0x00000 }, 12 },  // $6A j
    { { 0x00000, 0x0007f, 0x00000, 0x00010, 0x00000, 0x00028, 0x00000, 0x00044, 0x00000, 0x00000, 0x00000, 0x00000, 0x00000, 0x00000, 0x00000, 0x00000, 0x00000, 0x00000, 0x00000, 0x00000 }, 12 },  // $6B k
    { { 0x00000, 0x00041, 0x00000, 0x0007f, 0x00000, 0x00040, 0x00000, 0x00000, 0x00000, 0x00000, 0x00000, 0x00000, 0x00000, 0x00000, 0x00000, 0x00000, 0x00000, 0x00000, 0x00000, 0x00000 }, 12 },  // $6C l
    { { 0x00078, 0x00004, 0x00000, 0x00004, 0x00078, 0x00004, 0x00000, 0x00004, 0x00078, 0x00000, 0x00000, 0x00000, 0x00000, 0x00000, 0x00000, 0x00000, 0x00000, 0x00000, 0x00000, 0x00000 }, 12 },  // $6D m
    { { 0x0007c, 0x00000, 0x00004, 0x00000, 0x00004, 0x00000, 0x00004, 0x00078, 0x00000, 0x00000, 0x00000, 0x00000, 0x00000, 0x00000, 0x00000, 0x00000, 0x00000, 0x00000, 0x00000, 0x00000 }, 12 },  // $6E n
    { { 0x00038, 0x00044, 0x00000, 0x00044, 0x00000, 0x00044, 0x00000, 0x00044, 0x00038, 0x00000, 0x00000, 0x00000, 0x00000, 0x00000, 0x00000, 0x00000, 0x00000, 0x00000, 0x00000, 0x00000 }, 12 },  // $6F o
    { { 0x001fc, 0x00000, 0x00044, 0x00000, 0x00044, 0x00000, 0x00044, 0x00038, 0x00000, 0x00000, 0x00000, 0x00000, 0x00000, 0x00000, 0x00000, 0x00000, 0x00000, 0x00000, 0x00000, 0x00000 }, 12 },  // $70 p
    { { 0x00000, 0x00038, 0x00044, 0x00000, 0x00044, 0x00000, 0x00044, 0x00000, 0x001fc, 0x00000, 0x00000, 0x00000, 0x00000, 0x00000, 0x00000, 0x00000, 0x00000, 0x00000, 0x00000, 0x00000 }, 12 },  // $71 q
    { { 0x0007c, 0x00000, 0x00008, 0x00004, 0x00000, 0x00004, 0x00000, 0x00004, 0x00000, 0x00000, 0x00000, 0x00000, 0x00000, 0x00000, 0x00000, 0x00000, 0x00000, 0x00000, 0x00000, 0x00000 }, 12 },  // $72 r
    { { 0x00008, 0x00054, 0x00000, 0x00054, 0x00000, 0x00054, 0x00000, 0x00054, 0x00020, 0x00000, 0x00000, 0x00000, 0x00000, 0x00000, 0x00000, 0x00000, 0x00000, 0x00000, 0x00000, 0x00000 }, 12 },  // $73 s
    { { 0x00004, 0x00000, 0x0003f, 0x00040, 0x00004, 0x00040, 0x00004, 0x00040, 0x00000, 0x00000, 0x00000, 0x00000, 0x00000, 0x00000, 0x00000, 0x00000, 0x00000, 0x00000, 0x00000, 0x00000 }, 12 },  // $74 t
    { { 0x0003c, 0x00040, 0x00000, 0x00040, 0x00000, 0x00040, 0x00000, 0x0003c, 0x00040, 0x00000, 0x00000, 0x00000, 0x00000, 0x00000, 0x00000, 0x00000, 0x00000, 0x00000, 0x00000, 0x00000 }, 12 },  // $75 u
    { { 0x00004, 0x00008, 0x00010, 0x00020, 0x00040, 0x00020, 0x00010, 0x00008, 0x00004, 0x00000, 0x00000, 0x00000, 0x00000, 0x00000, 0x00000, 0x00000, 0x00000, 0x00000, 0x00000, 0x00000 }, 12 },  // $76 v
    { { 0x0003c, 0x00040, 0x00020, 0x00010, 0x00008, 0x00010, 0x00020, 0x00040, 0x0003c, 0x00000, 0x00000, 0x00000, 0x00000, 0x00000, 0x00000, 0x00000, 0x00000, 0x00000, 0x00000, 0x00000 }, 12 },  // $77 w
    { { 0x00044, 0x00028, 0x00000, 0x00010, 0x00000, 0x00028, 0x00044, 0x00000, 0x00000, 0x00000, 0x00000, 0x00000, 0x00000, 0x00000, 0x00000, 0x00000, 0x00000, 0x00000, 0x00000, 0x00000 }, 12 },  // $78 x
    { { 0x00004, 0x00008, 0x00110, 0x000a0, 0x00040, 0x00020, 0x00010, 0x00008, 0x00004, 0x00000, 0x00000, 0x00000, 0x00000, 0x00000, 0x00000, 0x00000, 0x00000, 0x00000, 0x00000, 0x00000 }, 12 },  // $79 y
    { { 0x00044, 0x00020, 0x00044, 0x00010, 0x00044, 0x00008, 0x00044, 0x00000, 0x00000, 0x00000, 0x00000, 0x00000, 0x00000, 0x00000, 0x00000, 0x00000, 0x00000, 0x00000, 0x00000, 0x00000 }, 12 },  // $7A z
    { { 0x00000, 0x00000, 0x00008, 0x00000, 0x00036, 0x00041, 0x00000, 0x00041, 0x00000, 0x00000, 0x00000, 0x00000, 0x00000, 0x00000, 0x00000, 0x00000, 0x00000, 0x00000, 0x00000, 0x00000 }, 12 },  // $7B {
    { { 0x00000, 0x00000, 0x00000, 0x00000, 0x00077, 0x00000, 0x00000, 0x00000, 0x00000, 0x00000, 0x00000, 0x00000, 0x00000, 0x00000, 0x00000, 0x00000, 0x00000, 0x00000, 0x00000, 0x00000 }, 12 },  // $7C |
    { { 0x00000, 0x00041, 0x00000, 0x00041, 0x00036, 0x00000, 0x00008, 0x00000, 0x00000, 0x00000, 0x00000, 0x00000, 0x00000, 0x00000, 0x00000, 0x00000, 0x00000, 0x00000, 0x00000, 0x00000 }, 12 },  // $7D }
    { { 0x00002, 0x00001, 0x00000, 0x00001, 0x00002, 0x00004, 0x00000, 0x00004, 0x00002, 0x00000, 0x00000, 0x00000, 0x00000, 0x00000, 0x00000, 0x00000, 0x00000, 0x00000, 0x00000, 0x00000 }, 12 },  // $7E ~
};
inline constexpr IwOverride kEpsonFxOverrides[1] = {};   // MSVC rejects a zero-length array (C2466); Count stays 0
inline constexpr size_t kEpsonFxOverridesCount = 0;

} // namespace iwrom
} // namespace pom2

#endif // POM2_IMAGEWRITER_ROM_H
